Item Title,Publication Title,Book Series Title,Journal Volume,Journal Issue,Item DOI,Authors,Publication Year,URL,Content Type,Abstract
Industry 5.0: Human-Centric Economy and Its Effect on Industry,Russian Engineering Research,,,,10.3103/S1068798X25701400,N. V. Arsen’evaG. V. Tikhonov,2025,https://link.springer.com/article/10.3103/S1068798X25701400,Article,"Abstract
Under the influence of digital technologies such as artificial intelligence (AI), the Internet of Things (IoT), and automated control systems, modern industry is rapidly transforming. However, one of the key obstacles to improving production efficiency lies in delays in data transmission and processing between various elements of the industrial ecosystem. Distributed Intelligence (DI) offers a new paradigm of management of industrial systems, in which decision-making is not centralized, but collective, based on consideration of a variety of factors, and performed in real time."
Industry 5.0,Computer Aided Engineering Design and Manufacturing,,,,10.1007/978-3-031-77106-4_15,Wasim Ahmed KhanVolkan EsatMuhammad HammadHassan AliMuhammad Qasim ZafarRashid Ali,2025,https://link.springer.com/chapter/10.1007/978-3-031-77106-4_15,Chapter,Industry 5.0 is an important addition that was a natural progression of Industry 4.0 in the 4th Industrial revolution.
Industry 5.0,,,,,10.1007/978-3-031-87837-4,Indranil SarkarAbhishek HazraPoonam Maurya,2025,https://link.springer.com/book/10.1007/978-3-031-87837-4,Book,
From Industry 5.0 to Forestry 5.0: Bridging the gap with Human-Centered Artificial Intelligence,Current Forestry Reports,,,,10.1007/s40725-024-00231-7,Andreas HolzingerJanine SchweierChristoph GollobArne NothdurftHubert HasenauerThomas KirisitsCarola HäggströmRien VisserRaffaele CavalliRaffaele SpinelliKarl Stampfer,2024,https://link.springer.com/article/10.1007/s40725-024-00231-7,Article,"Purpose of the Review
Recent technological innovations in Artificial Intelligence (AI) have successfully revolutionized many industrial processes, enhancing productivity and sustainability, under the paradigm of Industry 5.0. It offers opportunities for the forestry sector such as predictive analytics, automation, and precision management, which could transform traditional forest operations into smart, effective, and sustainable practices. The paper sets forth to outline the evolution from Industry 5.0 and its promising transition into Forestry 5.0. The purpose is to elucidate the status of these developments, identify enabling technologies, particularly AI, and uncover the challenges hindering the efficient adoption of these techniques in forestry by presenting a framework.
Recent Findings
However, the gap between potential and practical implementation is primarily due to logistical, infrastructural, and environmental challenges unique to the forestry sector. The solution lies in Human-Centered AI, which, unlike the Industry 4.0 paradigm, aims to integrate humans into the loop rather than replace them, thereby fostering safe, secure, and trustworthy Human-AI interactions.
Summary
The paper concludes by highlighting the need for Human-Centered AI development for the successful transition to Forestry 5.0 – where the goal is to support the human workers rather than substituting them. A multidisciplinary approach involving technologists, ecologists, policymakers, and forestry practitioners is essential to navigate these challenges, leading to a sustainable and technologically advanced future for the forestry sector. In this transformation, our focus remains on ensuring a balance between increased productivity, nature conservation and social licence, worker safety and satisfaction."
Modelling risks in transition from Industry 4.0 to Industry 5.0,Annals of Operations Research,,,,10.1007/s10479-024-06055-9,Ravi ShankarLaxmi Gupta,2024,https://link.springer.com/article/10.1007/s10479-024-06055-9,Article,"Industry 5.0 builds upon the advancements of Industry 4.0 by shifting its focus from pure automation to a more human-centric approach. This research aims to identify and model the key enablers contributing to the transitional shift from Industry 4.0 to Industry 5.0. The paper introduces a novel theory-driven framework, utilizing diverse methodologies such as Exploratory Factor Analysis (EFA), Fuzzy Set Theory (FST), Evidential Reasoning Algorithm (ERA), Expected Utility Theory (EUT), and Risk Profiling. The framework concentrates on evaluating the significance of these enablers during the transition and prioritizing them from multiple perspectives. The proposed model generates a continuum of scenarios illustrating the relative importance of resilience, sustainability, and the human-centric dimensions of Industry 5.0. The research identifies several risks associated with these enablers. A comprehensive risk profiling analysis is conducted to classify the risks according to predefined parameters. It is observed that, as the importance perspective changes, some risks exhibit robustness in their severity, while others are sensitive to slight variations in parameters. This study utilizes risk profiling based on dynamic changes in the perception of risk assessment. The risk profiling approach aids decision-makers in effectively planning actions to address the various risks associated with the transition from Industry 4.0 to Industry 5.0."
"Industry 4.0, Industry 5.0, Society 5.0: Canada Case Study",The Paradigm Shift from a Linear Economy to a Smart Circular Economy,,,,10.1007/978-3-031-87550-2_89,Ismail MseerAhmad Abdelhafiz Ali Samhan,2025,https://link.springer.com/chapter/10.1007/978-3-031-87550-2_89,Chapter,"The world is currently experiencing a revolution in the way industries operate and societies function. With the rise of technology and automation, traditional industries have undergone significant transformations over the years. From the first industrial revolution to the most recent Industry 4.0, each phase has brought about substantial changes in production methods and economic landscapes. However, as we move forward into a new era of innovation, it is crucial to understand not only the evolution of industry but also its impact on society. This essay will delve into various aspects of Industry 4.0, Industry 5.0, and Society 5.0 with a specific focus on their implications for Canada’s economy and society as a whole."
Empowering industry 5.0: automated sensor-based ergonomic risk assessment,International Journal on Interactive Design and Manufacturing (IJIDeM),,,,10.1007/s12008-025-02412-5,Marianna CiccarelliAlessandra PapettiMichele Germani,2025,https://link.springer.com/article/10.1007/s12008-025-02412-5,Article,"The prevention of work-related musculoskeletal disorders (WRMSDs) is a critical priority in the transition to Industry 5.0, which emphasizes human-centric, resilient, and sustainable industrial practices. Observational methods commonly used to assess ergonomic risks in the workplace often fall short due to inefficiency, subjectivity, and time-consuming procedures. These traditional approaches typically require ergonomists to estimate critical parameters, such as joint angles or task repetition rates, based on visual observation or video analysis, which can introduce potential biases and inconsistencies. This study proposes a novel framework that leverages wearable sensor technologies to automate and enhance the ergonomic risk assessment process. By integrating data from motion capture systems, mocap gloves, electromyography sensors, and other devices, the approach provides precise, real-time measurements while minimizing the need for manual input to only well-known parameters. The manuscript includes a comprehensive mapping of parameters that can be automatically collected based on recognized standards (e.g., RULA, OCRA, and NIOSH) and outlines the associated computational complexity. Ergonomic indices are generated automatically, ensuring consistent and objective evaluations. The performance of the sensor-based process is evaluated through multiple case studies, comparing it with traditional methods. While the potential of sensor-based approaches to deliver more objective and reliable ergonomic risk assessments is widely acknowledged, this work specifically examines their feasibility for automation and quantifies the benefits in terms of process efficiency. The proposed methodology not only supports the accurate identification of ergonomic risks but also empowers a proactive, worker-focused strategy for occupational health.
Graphical Abstract"
Fostering lithium-ion battery remanufacturing through Industry 5.0,International Journal on Interactive Design and Manufacturing (IJIDeM),,,,10.1007/s12008-025-02229-2,Alessandro NeriMaria Angela ButturiLeandro Tomasin da SilvaFrancesco LolliRita GamberiniMiguel Afonso Sellitto,2025,https://link.springer.com/article/10.1007/s12008-025-02229-2,Article,"The rise of electric vehicles (EVs) has resulted in notable environmental benefits, yet challenges persist regarding battery disposal and recovery. The increasing demand for EVs heightens concerns about the environmental impact of lithium-ion battery (LIB) waste, which threatens both ecosystems and public health. Although remanufacturing is seen as a sustainable solution to these issues, current research does not thoroughly examine the role of Industry 5.0 technologies in optimising this process. This study aims to compare and assess the potential of various Industry 5.0 technologies and approaches to enhance the remanufacturing of lithium-ion batteries. Using the AHP-PROMETHEE method, we identify the most critical and influential Industry 5.0 prospects that should be prioritised for addressing key challenges such as diagnostic accuracy, safe disassembly, and high-quality reassembly. The multi-criteria analysis highlights key Industry 5.0 imperatives that can facilitate efficient and effective remanufacturing processes. The study identifies Digital Product Passport (DPP), Digital Twin (DT), and the Internet of Everything (IoE) as critical enablers in optimizing the LIB remanufacturing process. The analysis reveals that DPP stands out as the top enabler, significantly enhancing transparency, traceability, and lifecycle management for LIBs. DT and IoE follow closely, contributing to real-time monitoring, predictive maintenance, and seamless data integration across the supply chain. This paper delves in the emerging concept of the Digital Battery Passport (DBP), a DPP mandated by recent European regulations aimed at improving battery management and circularity. The DBP facilitates access to critical data throughout the battery’s lifecycle, including its origin, composition, and state of health. This information is crucial for optimising remanufacturing processes, ensuring compliance with sustainability standards, and extending battery life. The paper highlights the potential of DBP to transform the EV battery value chain by enhancing transparency and enabling more informed decision-making across stakeholders. Our findings offer significant insights for policymakers, battery manufacturers, and remanufacturing firms."
TinyML with CTGAN based smart industry power load usage prediction with original and synthetic data visualization towards industry 5.0,Scientific Reports,,,,10.1038/s41598-025-25678-x,Maragatharajan MuthusamyAanjankumar SureshkumarPoonkuntran ShanmugamParag Ravikant KaveriMohamed Yasin Noor MohamedSunaina Sridhar,2025,https://link.springer.com/article/10.1038/s41598-025-25678-x,Article,"The integration of artificial intelligence (AI) into adaptive and autonomous systems announces a new era for Industry 5.0. The concept emphasizes human-centric, sustainable, and intelligent industrial processes. This study presents a comprehensive framework that combines supervised machine learning and generative modelling to predict and synthesize load types in industrial energy consumption data. A TinyML achieved a prediction accuracy of 95% in categorizing load types, such as light load, medium load, and maximum load, when compared to another ensemble model that achieved 94%, a GRU model at 82.8%, an LSTM with attention at 90.3%, and a traditional LSTM at 85.6%. Furthermore, a CTGAN-based tabular data generator was integrated to simulate realistic energy consumption patterns and facilitate advanced ‘what if’ analysis without the constraints of original data availability. The key features influencing load prediction included NSM, usage hours, and energy consumption. In comparison to the traditional deep learning model, the proposed work is lightweight because it utilizes a tiny machine learning model for load classification and employs a generative adversarial network to effectively define the CO2 emission rate and power consumption process within the industry, all while operating in a resource-constrained environment without requiring additional resources. This work highlights the crucial role of AI-driven autonomous systems in enhancing operational flexibility, promoting sustainability, and facilitating real-time human-AI collaboration in Industry 5.0 environments."
Industry 5.0 Network Management,Industry 5.0,,,,10.1007/978-3-031-87837-4_11,Sunil GautamPooja PatelHeer Ramavat,2025,https://link.springer.com/chapter/10.1007/978-3-031-87837-4_11,Chapter,"Industry 4.0 concepts were improved upon in later decades, leading to Industry 5.0. “Industry 4.0” refers to a greater level of automation that links the digital and physical worlds to boost efficiency and productivity. Industry 4.0 has prioritised connection, big data, industrial automation, profit, system integration, and the Internet of Things (IoT). As a result, it raised rivalry, expertise, and scalability. It provides a range of guidelines, manuals, and technical tools to aid in building new factories or remodelling old ones. Yet, the issue of manufacturing procedure customisation must be addressed in this fourth industrial revolution. Furthermore, resource management and sustainability received little priority.
Industry 5.0 additionally fosters digitisation, sustainability, and human-centric approaches combined with intelligent equipment to produce resource-effective and user-preferred production solutions. This would enable the manufacturing and delivery speeds to accelerate quickly. Industry 5.0 therefore has the capability to completely reshape society and bring it closer to the human capacity for innovative thinking, critical thought, and incredibly fast accuracy. One of the needs stated in this vision is the integration of multiple technologies, such as blockchain, 6G, Digital Twins, computers, cyber-physical systems, human-centred Artificial Intelligence (AI), hyper-converged data and storage, and more. Furthermore, Industry 5.0 seeks to advance human welfare by accomplishing societal objectives that transcend job growth and development. Therefore, the idea of network management introduces Industry 5.0’s resilience. This introduces the concept of Zero-Trust Network-based Access Control (ZTN-ACS) mechanism and discusses the convergence of next-generation wireless networks (NGWNs) with emergent computational intelligence (CI). This program expands on support for scheduling, managing, and monitoring on devices and operations. In Industry 5.0, this plan minimises controller denials, failures, and false positives by leveraging consistency and can also handle compute and connectivity needs of the Industry 5.0. Therefore, this would ultimately result in the enhancement of Human and Robots and also sustainable advancement of humanity.
We have emphasised the importance of network management in Industry 5.0 in this article. We have discussed the various architectures employed in Industry 5.0. We have also emphasised the contributions made to this field of study. The many industrial revolutions, their traits, and their uses have also been discussed. We have also discussed the potential and difficulties in more detail. Eventually, we have spoken about the prospective future spectrum in this network management field of Industry 5.0."
Digital operations research models for intelligent machines (industry 4.0) and man-machine (industry 5.0) systems,Annals of Operations Research,,,,10.1007/s10479-024-06366-x,Madjid TavanaTobias SchoenherrYang ChengAjay KumarEric W. T. Ngai,2024,https://link.springer.com/article/10.1007/s10479-024-06366-x,Article,"Digital technologies have the potential to enhance organizational production and operations management strategies. With the help of technologies, operations and end-to-end value chain processes can be optimized in real-time, synthesizing customer experience with operational fulfillment through automation, advanced analytics, artificial intelligence (AI), blockchain technology, and augmented reality, among other technologies. The demand for these technologies, particularly within the realm of advanced demand planning and supply chain optimization, has emerged significantly over the last several years, creating opportunities to enhance optimization and improve real-time network efficiency in supply chain networks, enabled by insights through advanced analytics. Whereas the processes of Industry 4.0 are primarily driven by digitalization, the next wave of operations research must address how to take these advanced capabilities inherent to Industry 4.0, extend them from optimized digital automation, and combine them with human-centered touchpoints. This paradigm shift or transformation has been called the fifth Industrial Revolution or Industry 5.0 (Grybauskas & Cárdenas-Rubio, 2024). The main focus of this technological evolution is on forming a smarter society, consisting of a system of interconnected smart industries resident on a high level of human–computer interaction to make informed and efficient decisions in human-centric digital manufacturing (Shankar & Gupta, 2024). While the digital technologies used in the Industry 5.0 era may be the same as in Industry 4.0, Industry 5.0 enhances these technologies for the digital manufacturing process by integrating human critical thinking and creative abilities."
Industry 5.0 in aircraft production and MRO: challenges and opportunities,CEAS Aeronautical Journal,,,,10.1007/s13272-025-00832-3,Keno MoenckJulian KochJan-Erik RathLukas BüschJohann GiereckerFalko KählerFlorian KalscheuerChristian MasuhrJohann KippingPhilipp PrünteDaniel SchoepflinHenrik EschenLukas Antonio WulffRebecca RodeckGerko WendeMartin GomseThorsten Schüppstuhl,2025,https://link.springer.com/article/10.1007/s13272-025-00832-3,Article,"Globally interconnecting machines, processes, and resources driven by exploring and advancing new technologies defined Industry 4.0 (I4.0), resulting in, e.g., Cyber-Physical Production Systems (CPPS). The aircraft industry particularly struggled with transforming production and Maintenance, Repair, and Overhaul (MRO) processes, replacing humans with machines and automating as well as digitalizing significant parts of their value- and non-value-adding activities. However, in the face of current social and environmental challenges, future industries will need to shift from purely technology-driven to value-driven, working sustainably with resources, including human capital. Together, these approaches constitute the idea of Industry 5.0 (I5.0). On the one hand, the aviation industry faces the challenge that even I4.0 concepts and technologies are not yet fully exploited or implemented. On the other hand, due to the specific characteristics of aircraft production and MRO as well as the environmental impact of the product, a tremendous potential arises regarding placing human well-being back into the center of adding value and decreasing environmental footprint while building an industry that is resilient and fortified against disruptions of this era. In line with the I5.0 terminology, in this work, we outline the challenges and opportunities of integrating I5.0 principles into the aircraft production and MRO industries, focusing specifically on the scope of selected use cases."
The rise of human-centric manufacturing in the industry 5.0 era,The International Journal of Advanced Manufacturing Technology,,,,10.1007/s00170-025-16192-5,Lesia Yanytska,2025,https://link.springer.com/article/10.1007/s00170-025-16192-5,Article,"Industry 5.0 represents a paradigm shift from automation-dominated production models toward a human-centric approach that emphasizes collaboration, resilience, and sustainability. Unlike Industry 4.0, which prioritized efficiency through digital transformation, Industry 5.0 seeks to augment human intelligence and well-being by integrating emerging technologies with cognitive and ergonomic design principles. This transformation responds to global challenges such as workforce shortages, pandemic-induced disruptions, and the urgency of climate action. This study adopts a qualitative methodology, combining a systematic literature review of 25 peer-reviewed sources with an embedded case study of a global manufacturing facility. Data were collected from open-access scientific databases and verified industry reports. The study focuses on identifying technological enablers and organizational strategies that exemplify Industry 5.0 principles in practice. A thematic analysis approach was applied to extract dominant patterns related to human–machine interaction and innovation outcomes. Key findings demonstrate that AI-powered MES dashboards, human digital twins with cognitive data streams, immersive XR training platforms, and collaborative robotics shape adaptive manufacturing ecosystems. These systems enable real-time anomaly detection, operator-specific decision support, and neuroergonomic scheduling. At the case site, this led to a 22% reduction in downtime, a 14% improvement in scheduling accuracy, and a doubling of employee-driven innovations. The application of neuroergonomic design, Kaizen-based improvement, and predictive AI systems enhanced engagement, productivity, and adaptability. The study confirms that Industry 5.0 provides a viable framework for building inclusive and sustainable manufacturing environments. These insights offer both a theoretical foundation for human-centric production and a strategic roadmap for industries aiming to operationalize Industry 5.0 principles at scale."
Improving safety in human–robot collaboration towards sustainable production in Industry 5.0,Journal of Intelligent Manufacturing,,,,10.1007/s10845-025-02676-4,Justyna Patalas-MaliszewskaHanna ŁosykAdam Dudek,2025,https://link.springer.com/article/10.1007/s10845-025-02676-4,Article,"The widespread implementation of Human–Robot Collaborations (HRC) in industry is becoming an obvious step in the era of Industry 4.0 or even 5.0 and the requirements of sustainable production (SP) due to the increase in productivity and quality while reducing production costs. However, due to limited studies on the establishment of collision thresholds in HRC, in-depth research is needed to determine possible disruptions for safety in HRC. So, firstly, in order to identify current issues and critical challenges in the field of HRC safety, an analysis of the literature was carried out using the Systematic Literature Review (SLR) & Mapping in Literature Reviews (MLR) methodology based on the Preferred Reporting Items for Systematic reviews and Meta-Analyses guidelines (PRISMA). A total of 4,107 research articles were identified in Science Direct—Elsevier, Web of Science and Springer, that focussed on safety in HRC in SP. In this study, 103 items were then analysed and 53 in the second stage. The key research contributions are developed as the principles for enhancing safety in HRC in industry: (1) improving HRC workspace safety, (2) building mechanisms for monitoring HRC workspaces and (3) managing ethical issues. In line with these trends, secondly, experimental studies were provided. Next, empirical research was conducted to establish the parameters for ensuring the safety of the monitoring system for work in HRC. Therefore, analysis of the video recordings on the efficiency of detecting collision in HRC, when using the Region-Based Convolutional Neural Network (YOLOv8 Tiny), within the vision system were researched. The experimental studies indicate the necessary actions within a monitoring system in HRC in order to ensure workplace safety in the HRC environment. Finally, the research results suggest future research directions as (1) proactive HRC with attention to collaborative robots and (2) integration with the approach, to ensure safety in HRC into SP strategy in industry. This study provides new insights into HRC and gives an outlook for development of safety issues in HRC in industry.
Graphical abstract"
Embedding Models for Multivariate Time Series Anomaly Detection in Industry 5.0,Data Science and Engineering,,,,10.1007/s41019-025-00295-w,Lorenzo ColombiMichela VespaNicolas BellettiMatteo BrinaSimon DahdalFilippo TabanelliFrancesco RescaElena BellodiMauro TortonesiCesare StefanelliMassimiliano Vignoli,2025,https://link.springer.com/article/10.1007/s41019-025-00295-w,Article,"Industrial processes often involve the generation—and the analysis—of multivariate time series data, which poses several challenges from the anomaly detection perspective. In addition to the need to detect previously unseen anomalies, the high dimensionality of industrial datasets introduces the complexity of simultaneously analyzing multiple features and their interactions. Finally, industrial datasets are typically highly imbalanced, with minimal information on anomalous processes. To address these issues, we propose a novel anomaly detection framework that introduces two embedding models, based on Time2Vec and Discrete Wavelet Transforms, leveraging their capabilities to represent multivariate time series as vectors while capturing and preserving temporal dependencies and combining them with several classifiers to enhance the overall performance of anomaly detection. We tested our solution using a publicly available benchmark dataset and a real industrial use case, particularly data collected from a Bonfiglioli gear manufacturing plant. The results demonstrate that, unlike traditional reconstruction-based autoencoders, which often struggle with sporadic noise, our embedding-based solutions maintain high performance across various noise conditions."
From Industry 4.0 to Industry 5.0: Problems and Opportunities for the Metal Industry Development in Russia,Steel in Translation,,,,10.3103/S0967091224700438,O. A. RomanovaD. V. Sirotin,2024,https://link.springer.com/article/10.3103/S0967091224700438,Article,"Abstract
Transferring the Russian economy to a new technological basis that meets the basic principles and criteria not only of Industry 4.0, but also the conceptual foundations of the emerging Industry 5.0 is the only way to achieve technological sovereignty. It is natural for metallurgy to follow this development option. The development trends of domestic metallurgy in this direction are studied, the increasing importance of environmental and social responsibility of metallurgical companies is established, and technological and organizational guidelines for their further development are determined. Positive changes in the development of metallurgy related to the implementation of ESG parameters that meet the principles of the Industry 5.0 concept, as well as the achievement of its sustainability, are substantiated."
When Industry 5.0 Meets the Circular Economy: A Systematic Literature Review,Circular Economy and Sustainability,,,,10.1007/s43615-025-00570-y,Abderahman RejebKarim RejebJohn G. KeoghEdit Süle,2025,https://link.springer.com/article/10.1007/s43615-025-00570-y,Article,"This paper examines the convergence of Industry 5.0 and the circular economy, emphasizing the role of emerging technologies in promoting sustainability via human-centric approaches. In contrast to Industry 4.0, which prioritizes automation and digitalization, Industry 5.0 stresses the synergistic integration of technology, environmental sustainability, and human collaboration to enhance resource efficiency and minimize waste. Using co-word analysis and BERTopic modeling on 283 journal articles extracted from the Scopus database, this research identifies key trends and themes linking Industry 5.0 and the circular economy. The study findings demonstrate the use of automation, machine learning, and 3D printing in sustainable manufacturing, which aligns with circular economy principles by optimizing resource efficiency and reducing waste. The topic modeling analysis further demonstrates the role of blockchain, cybersecurity, and human-centric AI in enabling closed-loop systems while assuring transparency and accountability in circular production models. The collaboration between humans and machines emerges as a crucial topic highlighting the need for adaptive manufacturing systems to balance productivity and environmental responsibility. The findings indicate that Industry 5.0 increasingly aligns with circular economy goals, paving the way to more sustainable, resilient, and human-centric industrial processes. This study offers valuable insights for academics and practitioners, indicating that the confluence of technology, sustainability, and human involvement will propel the future of industrial innovation."
Emerging Challenges in the Sustainable Manufacturing System: From Industry 4.0 to Industry 5.0,Journal of The Institution of Engineers (India): Series C,,,,10.1007/s40032-024-01046-y,Firdoos Afzal BhatSaad Parvez,2024,https://link.springer.com/article/10.1007/s40032-024-01046-y,Article,"Technology development remains inevitable, and we have been witnessing transitions from the traditional manufacturing processes to new manufacturing processes through various phases of Industrialization that are driven by advancements/innovations at that point of time. First three phases of the industrial revolution (driven by mechanization, electrification, and automation) have switched from an agrarian to a manufacturing-based economy and raised the levels of skills, knowledge, attitudes, and lifestyle of humans. Firms that timely responded to these phases of transformations saw a significant rise in output, edge over rivals, along with global business opportunities. To perform this study, all the studies pertaining to the fourth industrial revolution (I4.0), challenges of I4.0, and Industry 5.0 were searched from major academic databases, such as Google Scholar, Scopus, and Web of Science from the last decades were evaluated and analyzed. Gap analysis were performed to find the challenges in adopting I4.0 norms. The findings revealed that the global economy is presently gearing up for the fifth industrial revolution involving advanced technologies such as “cobots, IoE, AIoT, edge computing, fog computing, smart sensors, digital twins, 6G, and many more.” Also, this study envisages I4.0's enabling technologies and foresees how they would serve as the basis for evolving the new revolution. The need for Industry 5.0 technologies and the socioeconomic effects associated with this transition is also addressed. This study further explores the probable adaptation of Industry 5.0 technologies in various economies, its understanding from the perspectives of practitioners and researchers, and depicts how these solutions would mitigate the challenges in sustainable manufacturing system. This study will act as a benchmark for the organizations in developing their manufacturing strategy that will align their competitive factors towards the Industry 5.0 and are human centric. Also, no such work has be done in the past and will act as a competitive tools for the organization to remain ahead in global manufacturing environment."
Green secure land registration scheme for blockchain-enabled agriculture industry 5.0,Peer-to-Peer Networking and Applications,,,,10.1007/s12083-025-01953-6,Feshalbhai NagujiNilesh Kumar JadavSudeep TanwarGiovanni PauFayez AlqahtaniAmr Tolba,2025,https://link.springer.com/article/10.1007/s12083-025-01953-6,Article,"Problem- Land is a valuable yet scarce asset that plays a crucial role in agriculture, economic activity, and investment. However, land management faces significant challenges, including a lack of ownership verification, traceability issues, and fraudulent activities. Existing land registry systems are often centralized and not digitized, making them vulnerable to forgery, theft, and conflicts. Proposed solution- To address these challenges, we propose a blockchain-enabled land registry scheme that ensures secure, transparent, and tamper-proof land records. By leveraging blockchain technology, the system eliminates the reliance on centralized authorities and minimizes the risks of fraud and ownership disputes. Methods- The proposed scheme utilizes smart contracts to automate and secure the land registration process, removing the need for third-party intermediaries. Additionally, an InterPlanetary File System (IPFS) is integrated for off-chain data storage, improving scalability and response time. The security of smart contracts is evaluated using vulnerability assessment tools to identify potential risks. Results- The proposed system is assessed based on key performance metrics, including scalability, sustainability, gas consumption, smart contract security verification, and IPFS bandwidth analysis. These attainments show that the proposed decentralized scheme holds the potential to significantly mitigate land forgery and ownership issues within the landscape of agriculture industry 5.0."
Navigating the Frontiers of Industry 5.0: Predictive Analysis Using Natural Language Processing,Operations Research Forum,,,,10.1007/s43069-025-00501-5,Shamneesh SharmaChetan SharmaIsha BatraArun MalikMahender Singh KaswanDongping DuVimal Kumar,2025,https://link.springer.com/article/10.1007/s43069-025-00501-5,Article,"Industry 5.0 is a manufacturing transformation that prioritises the collaboration between humans and machines to enhance efficiency, customisation, and sustainability. The main aim of this work is to comprehend the different frontiers of Industry 5.0 and propose different avenues for future research. This research paper examines the literature on Industry 5.0 by utilising the Scopus database and the topic modelling technique of Natural Language Processing to find emerging patterns and potential areas for future research. The study demonstrates a notable rise in research endeavours about human-centric manufacturing, sustainable methodologies, and integrating sophisticated technologies. Areas of focus encompass the interplay between human ingenuity and machine accuracy, the impact of artificial intelligence on improving manufacturing procedures, and the creation of robust production systems. The report highlights the crucial significance of Industry 5.0 in tackling current industrial difficulties and promoting innovation."
A real-time hybrid task resilient collaborative scheduling strategy in the industry 5.0,Cluster Computing,,,,10.1007/s10586-025-05456-0,Yingyu HeZhuoran DaiMeiyu ZhangChengfeng Jian,2025,https://link.springer.com/article/10.1007/s10586-025-05456-0,Article,"Industry 5.0 places the combination of human decision-making and machine technology at the heart of high industrial automation. The real-time hybrid tasks resilient collaborative scheduling are the challenging problems as resilient and human-centric systems through human–machine collaboration. Current mainstream research usually perform manufacturing task scheduling and computing task scheduling separately to pursue their specific goals. Exist collaborative scheduling methods mainly focus on improving scheduling performance, ignore the dependencies between manufacturing and computing tasks, and the highly dynamic nature of the edge environment. In this paper, we propose a hybrid task scheduling model for the resilient collaborative scheduling problem of manufacturing and computing tasks. Firstly, based on the dependency between manufacturing tasks and computing tasks, we design a multi-agent graph reinforcement learning algorithm to balance the productivity and computational latency. Then, we propose an adaptive learning framework based on meta-learning for the highly dynamic edge computing environment, which fully utilizes the fast environment learning capability of meta-learning, enabling the algorithm to converge rapidly with fewer training steps when the environment changes. Finally, experiments show that our method can improve the performance efficiently."
Industry 5.0 research: an approach using co-word analysis and BERTopic modeling,Discover Sustainability,,,,10.1007/s43621-025-01252-3,Abderahman RejebKarim RejebSteve SimskeEdit Süle,2025,https://link.springer.com/article/10.1007/s43621-025-01252-3,Article,"This study addresses a substantial knowledge gap by conducting a complete evaluation of the present landscape and future directions of Industry 5.0. It recognizes the need of synthesizing a wide body of relevant research in order to get a better understanding of the complex nature of Industry 5.0. Using a comprehensive and systematic approach, the current study performed a co-word analysis and BERTopic modeling on a carefully selected dataset of 933 journal articles, sourced from Scopus and originally published between 2016 and 2024. These techniques facilitated the identification and analysis of significant patterns and uncovered integration of technology progress with human-centered strategies in Industry 5.0 frameworks. The study reveals the significant impact of new technologies, such as artificial intelligence (AI), cyber-physical systems, and blockchain processes, on improving operational efficiency, security, and sustainability. The study highlights the significance of incorporating these technologies into industrial processes to promote settings that are creative, productive, and attentive to human requirements. The trend analysis uncovers dynamism within Industry 5.0 research, which is featured by a blend of technological innovation, sustainability, and ethical considerations. Combined, these shape a future where these components are deeply interconnected. The research has significant implications, as it provides theoretical advancements and practical recommendations that might impact future industrial policy and firm operations. This study addresses a significant need by offering valuable information on how to combine technical advancements with ethical and sustainable approaches. The goal is to improve productivity and promote the well-being of society. This work is groundbreaking inasmuch as it is one of the first extensive studies in this field. It establishes an important guide for future academic research and practical use in the changing landscape of Industry 5.0."
A blockchain-based privacy-preserving data governance framework for Industry 5.0 smart factories,Peer-to-Peer Networking and Applications,,,,10.1007/s12083-025-02169-4,Ruikang SunShaopeng Guan,2025,https://link.springer.com/article/10.1007/s12083-025-02169-4,Article,"The transition toward Industry 5.0 necessitates unprecedented multi-stakeholder collaboration within smart factories, raising critical concerns regarding data privacy and access control. Traditional centralized systems prove inadequate for this paradigm shift, struggling to balance secure data sharing with system interoperability. While existing research has explored access control mechanisms and zero-knowledge proofs (ZKPs), these approaches lack systematic integration and comprehensive validation. To address this gap, we propose a blockchain-enabled framework leveraging Hyperledger Fabric that cohesively integrates cryptographic and architectural mechanisms for privacy-preserving data management. Our architecture introduces a dual-layer privacy model: coarse-grained data segregation through multi-channel isolation complemented by fine-grained confidentiality via embedded zero-knowledge proofs for sensitive transactional data. This enables stakeholders to verify business rule compliance without exposing private information. Furthermore, we implement dynamic attribute-based access control (ABAC) within smart contracts for context-aware permission enforcement, overcoming static access policy limitations. Experimental evaluation demonstrates the framework’s effectiveness: maintaining consistent ZKP entropy of approximately 7.65 bits/byte for robust privacy, while achieving 21 transactions per second throughput with 3-second average latency. These results validate that our architecture delivers a practical and scalable solution for secure, privacy-preserving data governance in Industry 5.0 smart manufacturing environments."
Opportunities and Challenges of Implementing Society 5.0 in the Textile Industry: A Review,Materials Circular Economy,,,,10.1007/s42824-025-00192-7,Md. Nahid-Ull-IslamShah Md. Maruf HasanMahmuda AkterMd. Kamrul Hassan Chowdhury,2025,https://link.springer.com/article/10.1007/s42824-025-00192-7,Article,"The rapid growth of the textile industry has manifested in significant environmental damage and societal issues. The study proposes Society 5.0, a human-centric societal concept, as an innovative approach to ensure social well-being while fundamentally reconsidering the textile industry toward a material circular economy. This concept has considerable potential to improve circularity throughout the textile supply chain by integrating smart technologies including human–robot collaboration, blockchain, artificial intelligence, and customized production. The paper observes how Society 5.0 can drive improvements in the textile materials’ lifecycle and recyclability, enhance eco-friendly manufacturing, and develop a transparent supply chain that reduces waste while increasing material value. However, the study also addresses challenges in transitioning toward a Society 5.0-driven circular textile industry such as the requirement for worker skill development, ensuring an adequate return on investment for new technologies, managing cyber security concerns, and negotiating necessary regulatory adjustments. The study recommends a holistic approach of government policies, incentives, and industrial collaboration with innovation hubs for the successful implementation of Society 5.0 in the textile industry. Such a holistic approach is critical for successfully implementing Society 5.0 concepts in the textile industry, facilitating its transition to a human-centric circular economy."
Optimising apparel production in Industry 5.0 using a human-centric flexible manufacturing approach,The International Journal of Advanced Manufacturing Technology,,,,10.1007/s00170-025-15987-w,Nengsheng BaoYuping YangYuchen FanAlessandro Simeone,2025,https://link.springer.com/article/10.1007/s00170-025-15987-w,Article,"The evolution towards Industry 5.0 highlights synergistic human–machine collaboration aimed at enhancing manufacturing efficiency, adaptability, and worker well-being. In contrast to Industry 4.0 automation-centric approach, Industry 5.0 emphasises the strategic integration of human expertise with targeted automation, optimising worker-task alignment while automating repetitive processes. In such context, this study introduces a Garment Flexible Manufacturing System (GFMS) designed to optimise production scheduling, material handling, and workflow coordination through intelligent scheduling, multi-channel processing, and automated warehousing. Implemented at LAFEIYI Clothing Manufacturing Co., Ltd. in Shantou, China, the GFMS was evaluated using real-world production data and workforce adaptation metrics. Experimental results indicate a 28% increase in daily output per worker, improved order fulfilment rates, and enhanced operational stability. These findings provide empirical evidence supporting the effectiveness of human-centric automation in apparel manufacturing, demonstrating the transformative potential of Industry 5.0 in improving production efficiency and worker conditions."
Industry 5.0 paradigm transformation adoption in developing countries: an analytical game theoretic model,Scientific Reports,,,,10.1038/s41598-025-16089-z,Hamed Fazlollahtabar,2025,https://link.springer.com/article/10.1038/s41598-025-16089-z,Article,"This study presents a novel tripartite game model to investigate the adoption of Industry 5.0 in developing countries. The model incorporates three key stakeholders: Industry, Government, and workforce, each with distinct objectives and strategic decisions. The Industry aim to optimize production efficiency and workforce integration through advanced automation and human-machine collaboration, while Government focus on regulatory frameworks and incentives to foster technological adoption. Workforce aim to enhance the deployment of AI, robotics, and other Industry 5.0 technologies for skill adaptation and job security. By utilizing game theory, this research analyzes the interactions, competition, and cooperation among these stakeholders, exploring the dynamic incentives and trade-offs that influence adoption decisions. The model also considers the socio-economic challenges faced by developing countries, such as limited infrastructure, workforce skills, and financial constraints. Through equilibrium analysis, the study provides insights into the optimal strategies for each stakeholder and highlights the critical factors that drive or hinder the successful implementation of Industry 5.0 in these contexts. The findings offer valuable policy implications for governments and actionable strategies for industries in developing countries seeking to leverage Industry 5.0 technologies for sustainable growth and competitive advantage."
Evolution of Industry 5.0 from Industry 4.0,Photonics and Optoelectronics in Industry 5.0,,,,10.1007/978-981-96-7594-4_1,Mohd JavaidAbid Haleem,2025,https://link.springer.com/chapter/10.1007/978-981-96-7594-4_1,Chapter,"In the context of Industry 5.0, the fusion of human expertise with cutting-edge technologies such as artificial intelligence (AI), augmented reality (AR), virtual reality (VR), robots, big data analytics, the Internet of behaviours (IoB), and other innovative technologies is of the utmost importance. Photonics and optoelectronics are pivotal in facilitating high-speed data transmission and the implementation of AR and VR systems, which will enhance human–machine interactions. Additionally, devices like solar cells that use optoelectronics contribute to reducing energy consumption and carbon footprint in industrial processes. Industry 5.0 heavily depends on the technical advancements offered by photonics and optoelectronics, as they promote energy efficiency and the integration of smart devices, thereby contributing to the establishment of responsive and adaptable production environments. This chapter briefly discusses Industry 5.0 and the evolution of Industry 4.0 to Industry 5.0. Principal components, technologies, and application areas of Industry 5.0 are discussed. Industry 5.0 presents an encouraging production era where the synergy between humans and modern technology drives efficiency, sustainability, and creativity, with photonics and optoelectronics playing indispensable roles in this transformative journey."
Enhancing Security in CPS Industry 5.0 using Lightweight MobileNetV3 with Adaptive Optimization Technique,Scientific Reports,,,,10.1038/s41598-025-00496-3,Mohammed A. Aleisa,2025,https://link.springer.com/article/10.1038/s41598-025-00496-3,Article,"Advanced Cyber-Physical Systems (CPS) that facilitate seamless communication between humans, machines, and objects are revolutionizing industrial automation as part of Industry 5.0, which is being driven by technologies such as IIoT, cloud computing, and artificial intelligence. In addition to providing flexible, individualized production processes, this growth brings with it fresh cybersecurity risks including Distributed Denial of Service (DDoS) attacks. This research suggests a deep learning-based approach designed to enhance security in CPS to address these issues. The system’s primary goal is to identify and stop advanced cyberattacks. The strategy guarantees strong protection for industrial processes in a networked, intelligent environment. This study offers a sophisticated paradigm for improving Cyber-Physical Systems (CPS) security in Industry 5.0 by combining effective data preprocessing, thin edge computing, and strong encryption methods. The method starts with preprocessing the IoT23 dataset, which includes utilizing Gaussian filters to reduce noise, Mean Imputation to handle missing values, and Min-Max normalization to data scaling. The model uses flow-based, time-based, statistical, and deep feature extraction using ResNet-101 for feature extraction. Computational efficiency is maximized through the implementation of MobileNetV3, a thin convolutional neural network optimized for mobile and edge devices. The accuracy of the model is further improved by applying a Chaotic Tent-based Puma Optimization (CTPOA) technique. Finally, to ensure secure data transfer and protect private data in CPS settings, AES encryption is combined with discretionary access control. This comprehensive framework enables high performance, achieving 99.91% accuracy, and provides strong security for Industry 5.0 applications."
Human-centred SME factories: the future of work in SMEs under industry 5.0,Future Business Journal,,,,10.1186/s43093-025-00553-3,Philani Nduna ZincumeMaria Maier,2025,https://link.springer.com/article/10.1186/s43093-025-00553-3,Article,"This study examines the transition of SMEs in the manufacturing sector towards Industry 5.0, emphasising a human-centred approach using the human–technology–organisation (HTO) model. It explores how Industry 5.0 integrates the human element into automated processes, requiring SMEs to adapt technologically, socially, and organisationally. The research, based on a literature review and expert interviews from Germany, Slovakia, and South Africa, identifies key challenges and requirements for SME adaptation. These include regional challenges like data privacy in Europe and skills deficits in South Africa. The findings categorise challenges into workforce availability, regulatory changes, institutional cooperation, and technological advancements. The paper highlights the necessity of international collaboration and policy reform to support SMEs in this transition, providing both theoretical insights and practical strategies for navigating Industry 5.0."
Fuzzy-based hybrid decision-making approach for security risk assessment in healthcare industry 5.0,International Journal of Information Technology,,,,10.1007/s41870-025-02979-y,Riaz AhmedSuhel Ahmad KhanSudesh Kumar,2025,https://link.springer.com/article/10.1007/s41870-025-02979-y,Article,"Security is undoubtedly a critical component of a high-quality healthcare system. Moreover, usability, sustainability, availability, integrity, and confidentiality are essential for developing robust healthcare security systems in the context of Industry 5.0. Despite extensive safeguards, the healthcare system often suffers from inadequate effectiveness with increases the attack surface area for potential vulnerabilities. This study conducts a comprehensive review of articles published in healthcare and Industry 5.0, identifying security factors and their interrelationships. It also investigates these necessities to determine critical factors of security developed in the form of weighting relationships among them. A fuzzy-based hybrid model is proposed to assess the risks in realistic conditions. A viable security risk assessment mechanism is developed by establishing a strong correlation among the identified factors of Healthcare Industry 5.0. The Fuzzy-Analytic Hierarchy Process (AHP) technique is employed to evaluate the priorities of security risk factors in Healthcare Industry 5.0. Furthermore, this research involves a quantitative and qualitative evaluation of the impact of the security on Healthcare Industry 5.0. The findings and recommendations of this study can help practitioners enhance the security capabilities of the healthcare industry within the context of Industry 5.0."
"Industry 5.0, human–machine interface, and smart manufacturing in additive manufacturing—a recent trend",The International Journal of Advanced Manufacturing Technology,,,,10.1007/s00170-025-16782-3,Atiqur RahmanMd. Hazrat AliMuhammad Arif MahmoodFrank Liou,2025,https://link.springer.com/article/10.1007/s00170-025-16782-3,Article,"The emergence and importance of Industry 5.0 are transforming production by integrating smart technology with human creativity and intelligence, especially in advanced additive manufacturing. This critical review precisely analyzes the function of human–machine interfaces (HMIs) in enhancing additive processes, emphasizing their incorporation into smart manufacturing systems and hybrid manufacturing methods, including material extrusion (MEX), laser powder bed fusion (LPBF), and directed energy deposition (DED). It also evaluates artificial intelligence (AI), the Internet of Things (IoT), and cybersecurity, which enhance HMIs in process monitoring, operation, and system adaptability. This study aims to provide a critical analysis and future research direction on how HMIs improve operator interaction, precision, and process adaptability. Some of the most important technical problems are investigated, such as intellectual design, system compatibility, and how to balance automation with human control. The paper examines the operational conflicts that arise in modern HMI systems, such as mismatches between machine autonomy and human input, and suggests unique improvements to more effectively integrate human expertise with machine accuracy. This study investigates the integration of HMIs in hybrid manufacturing within industrial sectors. The study aims at enhancing future research and development, encouraging the development of high-quality security, next-generation HMIs, understandable AI, and an environmentally friendly production system in the next-generation manufacturing environment, which aligns with Industry 5.0."
From automation to collaboration: exploring the impact of industry 5.0 on sustainable manufacturing,Discover Sustainability,,,,10.1007/s43621-025-01201-0,Md. Abdus ShaburAbid ShahriarMst. Anjuman Ara,2025,https://link.springer.com/article/10.1007/s43621-025-01201-0,Article,"Industry 5.0 represents a significant shift from the automation-centric paradigm of Industry 4.0, emphasizing human–machine collaboration, sustainability, and resilience in industrial operations. This study explores the integration of advanced technologies such as artificial intelligence (AI), collaborative robotics, human-digital twins (HDTs), and the Internet of Things (IoT) with human creativity to drive sustainable and adaptive manufacturing processes. Through a systematic literature review (SLR) of 110 articles, this research identifies key drivers, challenges, and opportunities associated with Industry 5.0. The findings highlight Industry 5.0’s role in enhancing mass customization, reducing environmental impact through circular economy principles, and improving workforce adaptability through reskilling initiatives. Despite its potential, challenges such as technological integration, ethical AI concerns, regulatory barriers, and cybersecurity risks remain critical hurdles to adoption. This study also proposes a structured Industry 5.0 framework, outlining key implementation steps, including human-technology integration, ethical compliance, sustainable manufacturing strategies, workforce adaptation, and real-time optimization. The research contributes to existing literature by providing a comparative analysis of Industry 4.0 and Industry 5.0, testable hypotheses for future empirical validation, and insights into policy and industrial strategies for seamless transition. The study concludes that Industry 5.0 is not just an extension of Industry 4.0 but a transformative paradigm aimed at fostering a sustainable, human-centric industrial future. The findings provide actionable strategies for industry leaders, policymakers, and researchers to navigate the evolving industrial landscape effectively."
A Novel Gait Identity Recognition Method for Personalized Human-robot Collaboration in Industry 5.0,Chinese Journal of Mechanical Engineering,,,,10.1186/s10033-025-01348-x,Zhangli LuRuohan WangHuiying ZhouNa DongHonghao LyuGeng Yang,2025,https://link.springer.com/article/10.1186/s10033-025-01348-x,Article,"The integration of human-robot collaboration (HRC) in manufacturing, particularly within the framework of Human-Cyber-Physical Systems (HCPS) and the emerging paradigm of Industry 5.0, has the potential to significantly enhance productivity, safety, and ergonomics. However, achieving seamless collaboration requires robots to recognize the identity of individual human workers and perform appropriate collaborative operations. This paper presents a novel gait identity recognition method using Inertial Measurement Unit (IMU) data to enable personalized HRC in manufacturing settings, contributing to the human-centric vision of Industry 5.0. The hardware of the entire system consists of the IMU wearable device as the data source and a collaborative robot as the actuator, reflecting the interconnected nature of HCPS. The proposed method leverages wearable IMU sensors to capture motion data, including 3-axis acceleration, 3-axis angular velocity. The two-tower Transformer architecture is employed to extract and analyze gait features. It consists of Temporal and Channel Modules, multi-head Auto-Correlation mechanism, and multi-scale convolutional neural network (CNN) layers. A series of optimization experiments were conducted to improve the performance of the model. The proposed model is compared with other state-of-the-art studies on two public datasets as well as one self-collected dataset. The experimental results demonstrate the better performance of our method in gait identity recognition. It is experimentally verified in the manufacturing environment involving four workers and one collaborative robot in an HRC assembly task, showcasing the practical applicability of this human-centric approach in the context of Industry 5.0."
Industry 5.0 or industry 4.0S? Introduction to industry 4.0 and a peek into the prospective industry 5.0 technologies,International Journal on Interactive Design and Manufacturing (IJIDeM),,,,10.1007/s12008-023-01217-8,Abirami Raja SanthiPadmakumar Muthuswamy,2023,https://link.springer.com/article/10.1007/s12008-023-01217-8,Article,"The Industrial Revolution can be termed as the transformation of traditional industrial practices into new techniques dominated by the technologies available at that time. The first three industrial revolutions were driven respectively by mechanization, electrification, and automation which had gradually transformed the agrarian economy into a manufacturing-based economy. It helped in enhancing the lifestyle of the factory workers and the healthcare system, which improved the overall quality of living. The industries that adapted to the change witnessed a tremendous increase in the production of goods, competitive advantage, and cross-border business opportunities. While we are currently living to see the fourth industrial revolution (also known as Industry 4.0) unfolding around us, the world is poised for the next big leap, the fifth industrial revolution or Industry 5.0. Hence, the first half of the paper outlines the enabling technologies of Industry 4.0 and conceptualizes how they would act as the foundation for the fifth industrial revolution. The socio-economic challenges of the technologies and the need for Industry 5.0 technologies are also discussed. The second half of the paper outlines the prospective technologies of Industry 5.0, their potential applications from the perspective of industry leaders and scholars and conceptualizes how they can overcome the challenges of Industry 4.0. The definition of “sustainability trilemma” a new term coined by the authors, and the reasoning for calling the next industrial revolution “Industry 4.0S” (another new term) rather than Industry 5.0 are also presented."
"Transitioning from Industry 4.0 to Industry 5.0 for Sustainable and Additive Manufacturing of Clothing: Framework, Case Studies, Recent Advances, and Future Prospects",Materials Circular Economy,,,,10.1007/s42824-025-00176-7,Md.Tareque RahamanArnob Dhar PrantaSamin Ahmed,2025,https://link.springer.com/article/10.1007/s42824-025-00176-7,Article,"Industry 5.0 aspires to enhance human–machine collaboration in the clothing industry by integrating human intelligence with advanced technologies. This review discusses the transition from Industry 4.0, which focused on automation and ethical supply chain management, to Industry 5.0, which emphasizes robotics, the Internet of Things (IoT), and Artificial Intelligence (AI) to enable customized manufacturing, sustainability, and improved worker roles. It also aims to provide a comprehensive overview of Industry 5.0’s impact on additive manufacturing in the clothing sector. It figures out the framework of this transition, explores emerging opportunities, and identifies key challenges that can arise. It summarizes the significant opportunities of Industry 5.0 in promoting innovation and productivity within the clothing industry. Observations from successful case studies indicate that clothing bands that embrace Industry 5.0 in additive manufacturing are enjoying the ultimate benefits. Key benefits include mass customization, intelligent resource management for reduced environmental impact, and the production of high-value employments. However, major challenges persist, including the requirements of substantial technological investments, concerns over job displacement, and data security risks. Addressing these challenges requires strategic framework, strong technological integration, and workforce reskilling programs.
Graphical Abstract"
Neuroleadership Skills in Industry 5.0,Information Technology and Systems,,,,10.1007/978-3-031-93106-2_26,Nicolle Avendaño VillegasLiz Villanueva PatiñoEduardo Salazar Araujo,2025,https://link.springer.com/chapter/10.1007/978-3-031-93106-2_26,Conference paper,"The objective of the study was to measure to what extent professionals leading in Industry 5.0 consider themselves competent in transformational leadership skills, that been related to neuroleadership. These skills are breakthrough, agility, emotional intelligence, influence, communication, visionary, problem-solving, and decision-making. The participants were 30 engineers from the Simón Bolívar University, in Barranquilla, who work in positions related to the new conditions resulting from the rise of Industry 5.0. The researchers created the instrument “Questionnaire of neuroleadership skills in industry 5.0”, to show the degree of presence of these skills. The results suggest, through a descriptive analysis, that these professionals, who work in Industry 5.0 places, acknowledge having a level, higher than 90%, of the neuroleadership skills, which are expected by organizations exposed to environments that integrate artificial intelligence with robotics and promote collaboration and creativity to achieve more sustainable solutions in the industry. In this order, the labor market new conditions, especially related to Industry 5.0, have led to leadership having new characteristics such as those related to neuroscience."
Cloud Computing for Industry 5.0,Industry 5.0,,,,10.1007/978-3-031-87837-4_6,Manik Patil,2025,https://link.springer.com/chapter/10.1007/978-3-031-87837-4_6,Chapter,"Industry 5.0 emphasizes human-centricity, sustainability, and resilience in innovation (European Commission. Industry 5.0: Towards a sustainable, human-centric and resilient European industry; Xu et al., J Manuf Syst 61:1–14, 2021). Cloud computing is quintessential to achieve these goals. Cloud computing harmonizes distributed resources, advanced analytics, and collaborative intelligence to support flexible, adaptive, and context-aware industrial applications.
This chapter examines the role of cloud computing in driving Industry 5.0 transformations. It details the architectures, service models, and management frameworks that streamline complex workflows, empower edge and fog computing integrations, and facilitate mass personalization and human-machine cooperation. Next, the chapter explores Cloud-native design principles, highlighting how containerization, microservices, and DevOps practices foster scalable and elastic technology infrastructures (De Donno et al., IEEE Access 8:197768–197808, 2020). Security, privacy, and trust mechanisms are crucial to safeguard intellectual property and sensitive data and ensure compliance to bolster confidence among stakeholders (Nahavandi, Sustainability 11(16):4371, 2019).
The chapter identifies key challenges. These include achieving ultra-low latency, ensuring interoperability, mitigating sustainability concerns, and aligning cloud deployments with ethical standards. The chapter offers valuable insights toward open research directions such as enhancing AI-driven orchestration, developing cognitive resource allocation strategies, and leveraging new paradigms such as quantum computing to maximize operational efficiency (Lu, J Ind Inf Integr 6:1–10, 2017; Tao et al., CIRP Annals 68(1):798–822, 2019).
Through real-world examples, the chapter illustrates the tangible benefits such as optimization of production lines, improvement in patient outcomes, and efficient management of urban resources. This chapter contends that cloud computing is a cornerstone for Industry 5.0, which paves the way for sustainable value creation and continuous innovation."
Communication Technologies for Industry 5.0,Industry 5.0,,,,10.1007/978-3-031-87837-4_2,Nagendra SinghArvind MewadaRachamalla SridharVandana Sondhiya,2025,https://link.springer.com/chapter/10.1007/978-3-031-87837-4_2,Chapter,"Nowadays, Industry 5.0 is a new revolution that offers a harmonious combination of advanced technologies and a human-centric approach for the next wave of smart manufacturing and connected systems. It is an important step in this direction. In this chapter, advanced communication technology facilitated in Industry 5.0, such as wireless protocols, Internet of Things (IoT) connectivity options, and industrial networking standards, are studied. We evaluate the suitability of these technologies for diverse Industry 5.0 applications, such as human-robot collaboration, real-time analytics, and autonomous systems, by analysing their capabilities, scalability, and compatibility. It includes important wireless protocols such as the fifth generation of cellular network technology (5G), Wi-Fi 6 (IEEE 802.11ax), and Low-Power Wide-Area Network (LPWAN) beside IoT connectivity options (MQTT, CoAP, and DDS) that enable seamless integration within complex industrial ecosystems. Numerous essential factors influence technology in Industry 5.0. This chapter highlights the importance of these factors that impact Industry 5.0 in determining the best technology to adopt. It also emphasises the role of communication in enabling flexibility, responsiveness, and resilience in the future industrial environment."
A Systematic Review of Emerging Industry 5.0 Technologies: Enhancing Agile Manufacturing for Sustainability,Operations Research Forum,,,,10.1007/s43069-025-00427-y,Ruby PantRajesh SinghAnita GehlotAmit Kumar Thakur,2025,https://link.springer.com/article/10.1007/s43069-025-00427-y,Article,"Sudden challenges have arisen in manufacturing from the last few years. These changes destroyed the traditional manufacturing system. High automation was introduced in the industry by connecting physical and virtual world, known as Industry 4.0. Since Industry 4.0 was unable to meet the emergent need for customization, the term Industry 5.0 was developed to address the customised manufacturing. It seeks to achieve social goals beyond employment and growth by centring human well-being in industrial systems, thus providing robust prosperity for a sustainable future for all humanity. This industry revaluation enhanced the customer satisfaction by creating their customised products. The primary goal of industrial transformation is to take into account the social and environmental advantages of the sector in order to become a true source of success. In order to achieve maximum efficiency with maximum profit, this innovative method will improve the wealth of all stakeholders, including investors, employers, consumers, society, and the environment. This paper aims to categorise and summarise the research results from some papers on Industry 5.0 and key challenges of Industry 4.0 in order to provide guidance and insight to other researchers and professionals. In order to achieve SDG 9: Industry, Innovation, and Infrastructure, new cutting-edge technologies must be adopted in a sustainable manner. The flexibility and efficiency of industry production were enhanced by advanced technologies. The study demonstrates how incorporating cutting-edge digital technologies like artificial intelligence (AI), the Internet of Things (IoT), collaborative robotics (cobots), and cyber-physical systems (CPS) into agile approaches improves manufacturing’s flexibility, responsiveness, and customisation. The results show that agile manufacturing in Industry 5.0 promotes productivity, sustainability, and mass customisation while improving worker-machine cooperation."
How information systems can support labor flexibility implementation: enhanced information architecture framework for industry 5.0,Flexible Services and Manufacturing Journal,,,,10.1007/s10696-025-09642-5,Federica CostaAlireza AhmadiAlessandra CantiniAlberto Portioli-Staudacher,2025,https://link.springer.com/article/10.1007/s10696-025-09642-5,Article,"In Industry 5.0, where human-centricity, resilience, and customization are prioritized, implementing labor flexibility (LF) poses a persistent challenge, especially for make-to-order (MTO) systems. Although the benefits of LF are conceptually understood, effective frameworks for its practical deployment, particularly in data-scarce and digitally diverse environments, remain insufficient. This study addresses this gap by (i) employing discrete-event simulation (DES) to determine optimal thresholds for labor relocation and evaluate performance trade-offs, and (ii) proposing FlexiFlow, a structured information architecture framework designed to support LF implementation across different levels of digital maturity. The simulation identifies relocation logic and training setups that significantly reduce lead time while minimizing unnecessary labor movements. FlexiFlow complements this by guiding manufacturers, particularly small enterprises, in collecting and managing essential operational data for LF without necessitating full manufacturing execution systems (MESs) integration. Together, the results and framework provide actionable strategies that align with Industry 5.0’s vision for adaptive, efficient, and human-centered production systems."
Toward human-centric Industry 5.0: a framework for cognitive workload assessment in maintenance and assembly,Journal of Intelligent Manufacturing,,,,10.1007/s10845-025-02716-z,Micaela VittiAngelica CotruvoFrancesco Facchini,2025,https://link.springer.com/article/10.1007/s10845-025-02716-z,Article,"In the transition from Industry 4.0 to Industry 5.0 (I5.0), the focus of manufacturing is shifting toward human-centric, sustainable, and resilient systems. A key challenge in this evolution is managing the cognitive workload (CWL) of operators, especially during complex tasks such as maintenance and assembly. These activities are central to industrial operations and often involve high mental demands due to task variability, decision-making under pressure, and human–machine collaboration. Despite a growing body of research on CWL, there remains a lack of clarity regarding the most suitable assessment methods for specific industrial tasks. This study addresses that gap by conducting a systematic literature review to identify how CWL is measured across distinct categories of maintenance and assembly operations, the results of which were used to develop a framework for measuring CWL and a matrix of CWL assessment guidelines. Findings show that different task categories present distinct cognitive demands, which influence the selection of CWL assessment methods. Routine and structured tasks are typically assessed using subjective or basic physiological measures, while more complex and dynamic tasks increasingly require multimodal approaches combining subjective, physiological, and performance-based data. Additionally, the review revealed intra-domain similarities and inter-domain differences that highlight the need for task-specific CWL evaluation strategies. Based on these insights, the study proposes a framework that maps suitable CWL assessment methods to categories of maintenance and assembly tasks, along with a CWL assessment guidelines matrix to support method selection according to task complexity and operational impact. By offering a structured approach to CWL evaluation, this work contributes to the transition toward adaptive, human-centric industrial systems in line with the I5.0 paradigm."
Industry 5.0: A Review of Trends Compared to Industry 4.0 and Society 5.0,"Organizational Engineering, Coping with Complexity",,,,10.1007/978-3-031-82334-3_68,Sandra Ramos GutiérrezIsabel García-Gutiérrez,2025,https://link.springer.com/chapter/10.1007/978-3-031-82334-3_68,Conference paper,"This paper aims to review the concepts of Industry 4.0, Industry 5.0 and Society 5.0. Applying systematic review techniques, the trends and main topics associated to these concepts are analysed. The study provides arguments that illuminate the discussion on the real differences or similarities between these three concepts and on the dilemma of whether the Industry 5.0 concept replaces or complements Industry 4.0."
A system-based approach to value prioritization in industry 5.0 for sustainable value creation,Discover Sustainability,,,,10.1007/s43621-025-01134-8,Parisa Jourabchi AmirkhiziSiamak PedrammehrSajjad Pakzad,2025,https://link.springer.com/article/10.1007/s43621-025-01134-8,Article,"This study aims to prioritize the concept of value in the context of Industry 5.0, emphasizing a shift from traditional efficiency metrics to a focus on interconnected value dimensions. The primary objective is to explore how the evolution of value perspectives through industrial revolutions has influenced the strategic direction of Industry 5.0. A systematic approach was adopted, combining an extensive literature review, content analysis, and Interpretive Structural Modeling (ISM). This methodology was employed to create a strategic roadmap and a value model that elucidates the interrelationships among the core components of value in Industry 5.0. The study finds that the concept of value has undergone significant transformations across industrial eras, culminating in Industry 5.0, which presents a distinct and human-centric definition. The research identifies critical value dimensions that interconnect human welfare, sustainability, and technological progress. Through ISM, the study outlines how these elements interact and influence industrial practices, offering a fresh perspective on value prioritization. The findings offer valuable insights for policymakers, businesses, and organizations to realign their strategies and activities with the evolving values of Industry 5.0. Emphasizing human-centric technology and sustainability, the study provides actionable guidelines to enhance performance and ensure that organizational goals contribute to the broader objectives of Industry 5.0. This research introduces a novel perspective by integrating humanities and a systems-based outlook in understanding the role of value in industrial and social development. It highlights the transformative impact of Industry 5.0, marking a significant departure from previous industrial paradigms. The study’s originality lies in its comprehensive approach to prioritizing value dimensions and its potential to guide both academic research and industrial practices."
Industry 5.0 as seen through its academic literature: an investigation using co-word analysis,Discover Sustainability,,,,10.1007/s43621-025-01166-0,Abderahman RejebKarim RejebImen ZrelliEdit Süle,2025,https://link.springer.com/article/10.1007/s43621-025-01166-0,Article,"Industry 5.0 marks a pivotal advancement in manufacturing and bridges cutting-edge technology with human creativity to enhance efficiency, sustainability, and workplace dynamics. Despite its growing relevance, there remains a significant knowledge gap due to the lack of comprehensive reviews that synthesize the breadth of research and practice in this rapidly evolving field. This paper presents a comprehensive bibliometric analysis of Industry 5.0 and examines a corpus of 915 journal articles from the Scopus database, spanning from January 2016 to May 2024. The study aims to map the evolving landscape and thematic trajectories of Industry 5.0, highlighting its integration with advanced technologies such as AI, IoT, and human-centric systems. The findings indicate significant trends in the field, including a shift from theoretical underpinnings to practical applications and the growing emphasis on sustainability and human–machine collaboration. These thematic areas highlight the transformative potential of Industry 5.0 to enhance operational efficiency, workplace dynamics, and environmental sustainability within the industrial sector. By employing bibliometric and co-word analysis, this study addresses existing knowledge gaps and provides a nuanced understanding of the interdisciplinary interactions and future directions in Industry 5.0. The findings reveal the critical role of emerging technologies in driving the next industrial revolution, suggesting that future research should focus on integrating these technologies with socio-economic objectives to fully realize the potential of Industry 5.0. In terms of originality, this study sets a foundation for future explorations and practical implementations that can contribute to more sustainable, efficient, and human-centric industrial practices."
Multidisciplinary cancer disease classification using adaptive FL in healthcare industry 5.0,Scientific Reports,,,,10.1038/s41598-024-68919-1,Tahir AbbasAreej FatimaTariq ShahzadMeshal AlharbiMuhammad Adnan KhanArfan Ahmed,2024,https://link.springer.com/article/10.1038/s41598-024-68919-1,Article,"Emerging Industry 5.0 designs promote artificial intelligence services and data-driven applications across multiple places with varying ownership that need special data protection and privacy considerations to prevent the disclosure of private information to outsiders. Due to this, federated learning offers a method for improving machine-learning models without accessing the train data at a single manufacturing facility. We provide a self-adaptive framework for federated machine learning of healthcare intelligent systems in this research. Our method takes into account the participating parties at various levels of healthcare ecosystem abstraction. Each hospital trains its local model internally in a self-adaptive style and transmits it to the centralized server for universal model optimization and communication cycle reduction. To represent a multi-task optimization issue, we split the dataset into as many subsets as devices. Each device selects the most advantageous subset for every local iteration of the model. On a training dataset, our initial study demonstrates the algorithm's ability to converge various hospital and device counts. By merging a federated machine-learning approach with advanced deep machine-learning models, we can simply and accurately predict multidisciplinary cancer diseases in the human body. Furthermore, in the smart healthcare industry 5.0, the results of federated machine learning approaches are used to validate multidisciplinary cancer disease prediction. The proposed adaptive federated machine learning methodology achieved 90.0%, while the conventional federated learning approach achieved 87.30%, both of which were higher than the previous state-of-the-art methodologies for cancer disease prediction in the smart healthcare industry 5.0."
The Transition from Industry 4.0 to Industry 5.0,Industry 5.0,,,,10.1007/978-3-031-87837-4_3,P. VenuOsama Al-Jamal,2025,https://link.springer.com/chapter/10.1007/978-3-031-87837-4_3,Chapter,"The evolution of industrial processes over the past century has seen significant changes in the manufacturing domain, from Industry 1.0, which focused on steam engines and mechanization, to Industry 4.0, which transitioned into data-powered automation focused on efficiency and high productivity. However, as an industry heavily focused on the automation of production processes, Industry 4.0 faces major concerns about technology-induced human unemployment, ethical use of artificial intelligence, and higher rates of environmental exploitation. This chapter discusses the transition to Industry 5.0, which intends to re-establish human involvement in industrial processes, with increased emphasis on sustainability and mindful production methods. This chapter is a theoretical literature review that envisages Industry 5.0 as a human-centric approach with increased collaboration between humans and machines. It is also evident from this study that Industry 5.0 provides better solutions to the limitations of Industry 4.0 by incorporating contemporary technological tools such as cobots, digital twins, and data empowerment. This inclusion of contemporary technology helps in attaining customized, sustainable production methods that align with global initiatives on sustainability. Following this approach of increased collaboration between humans and machines also guarantees a sustainable future for the manufacturing industry as it focuses on enhancing human skills and operations with the help of technology instead of replacing them."
Exploring the diverse nature of business processes in organisations in Industry 4.0/5.0,Future Business Journal,,,,10.1186/s43093-024-00395-5,Marek SzelągowskiJustyna Berniak-WoźnyPiotr SliżNatalia PotoczekAneta NapierajMarta Podobińska-StaniecPiotr Senkus,2024,https://link.springer.com/article/10.1186/s43093-024-00395-5,Article,"The article investigates the differentiation of business processes in contemporary organisations based on their dynamics (predictability). It presents and summarises research on the nature of business processes in Industry 4.0/5.0 conducted by researchers from 7 Polish universities. The study combines a systematic literature review based on the SCOPUS database and a survey of 466 respondents with an analysis of 12,573 processes. Filling the cognitive gap in Industry 4.0/5.0 organisations, the study reveals that nearly 60% of all BPs are semi-structured processes. At the same time, it shows a strong relationship between the importance of processes for the organisation and the dynamics of their execution. This finding highlights the importance of adaptability and flexibility in organisational dynamics, reflecting the nuanced nature of most BPs. The article presents original research on a diverse sample of Polish enterprises based on the simplified Business Processes Nature Assessment Framework. The presented research results indicate the need to update the essential elements of the BPM concept, such as BPM Lifecycle, BPM implementation method, or BPM maturity assessment, to consider various assessment criteria and implementation methods depending on the nature of BPs. The study contributes to advancing both theoretical knowledge and practical applications in the field of BPM, providing valuable insights for scholars, practitioners, and policymakers alike."
An Augmented Reality tool to support Industry 5.0 operators in product assembly activities,The International Journal of Advanced Manufacturing Technology,,,,10.1007/s00170-024-14777-0,Emanuele MarinoLoris BarbieriChristian SollazzoFabio Bruno,2024,https://link.springer.com/article/10.1007/s00170-024-14777-0,Article,"Industries are increasingly integrating innovative technologies to enhance productivity, ensure high-quality products, and reduce costs and time. Augmented reality (AR) plays a key role in this transition, especially in supporting assembly procedures, which are major contributors to production costs and time constraints. Despite advancements, existing practices often lack effective, user-centric applications that fully address usability, user acceptance, and operator experience, particularly in complex industrial environments. This highlights the urgent need for adaptable assembly guidance solutions that offer intuitive, real-time support throughout the assembly process, from sequence definition to deployment of AR systems. This paper introduces an innovative AR assembly guidance tool (ARAGT) designed for industrial assembly in smart factories. ARAGT integrates virtual information into the physical workspace, providing real-time 3D models and assembly instructions to guide operators. Developed through a User-Centered Design (UCD) approach and refined based on user feedback, ARAGT includes functionalities such as assembly sequence definition, customization of graphical elements for clarity, and virtual annotations for issue reporting. Implemented using Unity® and the AR Foundation library, it is compatible with mobile devices, offering flexibility in diverse industrial settings. The paper presents results from a user evaluation conducted in a real facility, assessing usability and acceptance through SUS and TAM standard questionnaires. The findings suggest that ARAGT effectively addresses the challenges of increasing complexity and efficiency demands in manufacturing assembly, providing a user-centric solution aligned with the Industry 5.0 paradigm."
"Correction: Dynamic competitiveness, firm performance and the regulatory role of government policies in Industry 5.0",Discover Sustainability,,,,10.1007/s43621-025-00854-1,Tang My SangNguyen Tien Hung,2025,https://link.springer.com/article/10.1007/s43621-025-00854-1,Article,Correction: Discover Sustainability (2024) 5:517 https://doi.org/10.1007/s43621-024-00770-w
IoT-Driven Stator Winding Fault Analysis and Prevention for Induction Motor to Meet Industry 5.0 Application,Journal of Failure Analysis and Prevention,,,,10.1007/s11668-025-02249-w,Kapu V Sri Ram PrasadSalapu Ramya SreePyla TanujaThimadani PujithaNeelapu Harsha VardhaniGedela Jhansi,2025,https://link.springer.com/article/10.1007/s11668-025-02249-w,Article,"Induction motors (IM) are essential machines in various industrial applications due to their reliability and efficiency. The faults of stator winding (SW) can lead to severe performance issues if not detected early. This article presents a real-time condition monitoring and control system based on the Internet of Things (IoT), developed using low-cost components. The system utilizes an ESP32 microcontroller connected to voltage (ZMPT101B), current (SCT-013-030), temperature, and humidity (DHT22) sensors to predict voltage, current, humidity, and temperature, respectively. Transmitted data to the Blynk platform, users can remotely monitor motor parameters and control the IM under abnormal conditions. Artificial SW fault is created on slots 13 and 14 to identify different electrical parameters. The motor is tracked via the Internet of Things to avoid unexpected breakdowns. The experimental results demonstrated distinct parameter variations during fault instances, and the test motor (IM) was observed under both healthy and stator-faulty conditions. The motor is operating at a voltage of 125.28 V, an increase in current to 0.635 A, humidity of 95.58, and a temperature raised to 67.08 °C; the suggested work prevents rapid breakdown. These aberrant numbers indicate that the system can identify and notify operators of possible problems by acting as indications of the existence of a fault. Proactive maintenance is made quicker by the Internet of Things-based strategy, which diminishes the probability of unexpected malfunctions and minimizes downtime when combined with remote control instructions and real-time warnings. Reliable monitoring of induction motors is provided by this scalable and affordable monitoring solution, improving operational efficiency and safety. The proposed approach enhances automation with human oversight for sustainable industrial growth by decreasing the requirement for manual supervision and facilitating early problem detection, which is in line with Industry 5.0 application."
A scoping review to bridge lean six sigma and industry 5.0 for sustainable manufacturing and SDGs alignment,Discover Sustainability,,,,10.1007/s43621-025-02107-7,Maha BenjellounBouchra RzineAfaf DaddaHala Hmamed,2025,https://link.springer.com/article/10.1007/s43621-025-02107-7,Article,"The rapid evolution of industrial systems demands a careful reconciliation of sustainability goals, beyond organizational success and financial profitability. While Industry 4.0 (I4.0) has driven significant advances in automation and process efficiency, its impact on the Sustainable Development Goals (SDGs) remains limited and primarily focused on economic outcomes. Responding to the need for deeper integration between digital transformation and sustainability, this study aims to map the existing literature on Lean Six Sigma (LSS) in the contexts of I4.0 and Industry 5.0 (I5.0), but also, to clarify how sustainability dimensions can be embedded into LSS practices. To achieve this, a scoping review was conducted, including all scientific research published up to submission date and sourced from reliable databases (Scopus and others). Through this comprehensive review, a notable gap in how LSS addresses the various dimensions of SDGs was identified. To address this, the present work introduces a novel conceptual framework —Lean Six Sigma 5.0 (LSS 5.0)— which repositions traditional process improvement tools within a human-centric, resilient, and sustainability-oriented manufacturing paradigm. This innovative model advances Sustainable Manufacturing (SM) by embedding sustainability at the core of quality and continuous improvement strategies, enabling organizations to respond to the evolving expectations of I5.0. Beyond its theoretical contribution, this work offers practical insights for industries seeking to align LSS initiatives with the broader goals of sustainable development. Given its theoretical nature, future research should validate this model through empirical case studies and industrial applications, supporting innovation in SM. The findings directly address the review’s objectives by mapping existing knowledge and proposing actionable pathways for integrating sustainability within LSS practices in the I5.0 era."
"Dynamic competitiveness, firm performance and the regulatory role of government policies in Industry 5.0",Discover Sustainability,,,,10.1007/s43621-024-00770-w,Tang My SangNguyen Tien Hung,2024,https://link.springer.com/article/10.1007/s43621-024-00770-w,Article,"Industry 5.0 poses many challenges for insurance companies. This article explores the impact of sustainable competitive advantage on firm performance under the moderator effect of government policies in Vietnamese insurance companies. The study surveyed 248 leaders at insurance companies and used the PLS-SEM method to analyze the data in two steps. The research results show that sustainable competitive advantage is positively influenced by infrastructure capacity, digital orientation, market orientation, and innovation capacity. Sustainable competitive advantage has a strong effect on firm performance. The results also confirm the mediating role of sustainable competitive advantage and the moderating role of government policy. From there, the implication of a solution for insurance companies has been proposed. This study has provided significant empirical evidence for stakeholder theory and dynamic capability theory in the insurance industry, an area where research findings are still ambiguous. Additionally, the study also offers guidelines to assist insurance firms in locating and cultivating the best resources to improve their competitiveness and advance sustainable development."
Human-robot interaction using retrieval-augmented generation and fine-tuning with transformer neural networks in industry 5.0,Scientific Reports,,,,10.1038/s41598-025-12742-9,Hamed Fazlollahtabar,2025,https://link.springer.com/article/10.1038/s41598-025-12742-9,Article,"The integration of Artificial Intelligence (AI) in Human-Robot Interaction (HRI) has significantly improved automation in the modern manufacturing environments. This paper proposes a new framework of using Retrieval-Augmented Generation (RAG) together with fine-tuned Transformer Neural Networks to improve robotic decision making and flexibility in group working conditions. Unlike the traditional rigid rule based robotic systems, this approach retrieves and uses domain specific information and responds dynamically in real time, thus increasing the performance of the tasks and the intimacy between people and robots. One of the significant findings of this research is the application of regret-based learning, which helps the robots learn from previous mistakes and reduce regret in order to improve the decisions in the future. A model is developed to represent the interaction between RAG based knowledge acquisition and Transformers for optimization along with regret based learning for predictable improvement. To validate the effectiveness of the proposed system, a numerical case study is carried out to compare the performance with the conventional robotic systems in a production environment. Furthermore, this research offers a clear approach for implementing such a system, which includes the system architecture and parameters for the AI-based human-robot manufacturing systems. This research solves some of the major issues including the problems of scalability, specific fine-tuning, multimodal learning, and the ethical issues in the integration of AI in robotics. The outcomes of the study are important in Industry 5.0, intelligent manufacturing and collaborative robotics, and the advancement of highly autonomous, flexible and intelligent production systems."
Revolutionizing sheet metal stamping through industry 5.0 digital twins: a comprehensive review,Journal of Intelligent Manufacturing,,,,10.1007/s10845-024-02453-9,Ossama Abou Ali ModadJason RyskaAbdallah ChehadeGeorges Ayoub,2024,https://link.springer.com/article/10.1007/s10845-024-02453-9,Article,"In this manuscript, we present a comprehensive overview of true digital twin applications within the manufacturing industry, specifically delving into advancements in sheet metal forming. A true digital twin is a virtual representation of a physical process or production system, enabling bidirectional data exchange between the physical and digital domains and facilitating real-time optimization of performance and decision-making through synchronized data from sensors. Hence, we will highlight the difference between Industry 4.0 and the digital twin concept, which is considered synonymous with Industry 5.0. Additionally, we will be outlining the relationship between the true digital twin and Zero Defect Manufacturing. In manufacturing processes, including sheet metal stamping, the advantages of high production speed, cost-effective tooling, and consistent component production are counterbalanced by the challenge of dimensional variability in finished parts, which is influenced by process parameters. Data collection, storage, and analysis are essential for understanding manufactured parts variability, and leveraging true digital twins ensures high-quality parts production and processes optimization."
Sustainable Development Goal and Industry 5.0,Sustainable Economy Models in the Age of Industry 5.0,,,,10.1007/978-981-96-4104-8_3,Ghousia JabeenGurunadham GoliKafila,2025,https://link.springer.com/chapter/10.1007/978-981-96-4104-8_3,Chapter,"Industry 5.0 can promote SDGs and reveal a future with enhanced technologies, humanity, and environmental responsibility. This chapter discusses the link between Sustainable Development Goals (SDGs) and Industry 5.0. Facilitating human-centric and environmentally sustainable industrial development was the focus of this study. We initiated Industry 4.0 concentrated on automating industries, Industry 5.0 emphasizes human-technology interaction, innovation, and environmental thinking. The human-centered approach thus reiterates most of the dimension keys Social, Economic, and Environmental challenges. However, limitations include high implementation costs, workforce skills gap and cybersecurity challenges. In this study, we used a qualitative research methodology to explore Sustainable Development Goals (SDGs) in relation to Industry 5.0, focusing primarily on an analysis of pertinent literature. The chapter highlights an industry-supported innovation and alignment with the most sustainable development goals. In this chapter, research findings show Industry 5.0 promotes SDG 9 by combining human-centered innovation with AI, robotics, and the IoT, this fosters the goal of development. The generator conception of new jobs that prioritize human contributions in industrial operations promotes sustainable development by contributing to SDG 8 (Decent Work and Economic Growth). Industry 5.0 supports SDG 12 on responsible consumption and in the same respect SDG 13 on Climate Action by reducing waste, using resources efficiently, and using low-carbon production methods. Additionally Industry 5.0 fosters social justice toward SDG 10 by ensuring that technological growth benefits all stakeholders. The chapter also examines how Industry 5.0 technologies support SDG 11-compliant towns and communities."
Quantum Machine Learning for Industry 5.0,Industry 5.0,,,,10.1007/978-3-031-87837-4_7,Krishna GuptaPatnam JahnaviAbhishek HazraAnnushree Bablani,2025,https://link.springer.com/chapter/10.1007/978-3-031-87837-4_7,Chapter,"In Industry 5.0, quantum machine learning (QML) is becoming a key technology that makes sustainable human-centered industrial improvements possible. QML improves supply chain optimization, predictive maintenance, and decision-making by combining machine learning with the processing capability of quantum computing. Even with advances, Industry 5.0 suffers from various emerging challenges that need to be addressed soon. This study investigates how QML might promote human-machine cooperation, increase production effectiveness, and tackle challenging industrial problems. Through applications in industries like robotics, logistics, and manufacturing, QML fosters innovation and supports the ethical and sustainable practices of Industry 5.0. The chapter highlights QML’s disruptive potential in the contemporary industry by outlining important technical pillars, algorithms, and obstacles."
Near-Edge Computing For Industry 5.0,Industry 5.0,,,,10.1007/978-3-031-87837-4_21,Megha SharmaAbhinav TomarAbhishek Hazra,2025,https://link.springer.com/chapter/10.1007/978-3-031-87837-4_21,Chapter,"Industry 5.0 is a new chapter in the history of the industrial revolution, moving away from Industry 4.0’s automation-centric approach and towards a more human-centric paradigm. Industry 5.0 aims to balance machine precision and human inventiveness, encouraging human-machine collaboration. By maximising resource utilisation and minimising environmental effects, this change promotes sustainability initiatives and enables increased customisation in manufacturing. Near-edge computing, which decentralises data processing by bringing it closer to the data source, greatly reduces latency and improves response times in crucial industrial operations, a major enabler of this shift. Near-edge computing plays a vital role in realising the vision of Industry 5.0. In contrast to conventional cloud-based architectures, near-edge computing guarantees real-time decision-making. This chapter explores the function of near-edge computing. It emphasises how it can provide faster feedback loops, increase productivity, and promote human-machine collaboration in dynamic industrial environments. We look at real-world use scenarios to show how near-edge computing might help achieve Industry 5.0’s main objectives: energy-efficient production and real-time monitoring in smart factories. The chapter thoroughly reviews this developing topic and discusses possible research difficulties, future trends, and ethical considerations surrounding integrating near-edge technology in human-centric industrial systems."
Designing for diversity: a feminist technoscience and behavioural fabrication approach in human–robot collaboration education for Industry 5.0,Construction Robotics,,,,10.1007/s41693-025-00164-y,Gili RonSamuel LederLasath SiriwardenaCordula KroppAchim MengesThomas Wortmann,2025,https://link.springer.com/article/10.1007/s41693-025-00164-y,Article,"This research addresses the gap between technical advancement and human factors in human–robot collaboration (HRC) education for digital fabrication. Current pedagogical approaches predominantly focus on technological capabilities while neglecting critical aspects of user diversity, accessibility, and contextual adaptability essential to Industry 5.0 implementation. We present a human-centered HRC design methodology integrating feminist technoscience (FTS) dimensions with behavioural fabrication techniques. The framework consists of three components: (1) an FTS framework and framework to guide and evaluate HRC design; (2) a cyber-physical system enabling real-time sensor-driven robot behavior; and (3) a modified Double-Diamond Approach (DDA) that systematically guides students through creative processes, for iterative design. The methodology was tested through a four-day workshop with graduate architecture and engineering students, who developed four distinct HRC workflows incorporating voice control, gesture recognition, computer vision feedback, and multilingual interfaces. Using the FTS rubric, we observed that students were able to translate abstract concepts—such as user diversity, agency, and bias—into concrete design decisions, despite limited prior experience in robotics or feminist critique. These outcomes suggest that the integrated approach effectively supports students in addressing practical HRC challenges while remaining attentive to the social and ethical dimensions of automation. This work contributes a reproducible methodology for preparing future practitioners to design HRC systems that are technically robust while remaining responsive to user needs, thereby advancing the transition from Industry 4.0 to 5.0 priorities.
This paper opens with a theoretical foundation situating Industry 5.0 goals within human–robot collaboration (HRC) in construction and introduces feminist technoscience (FTS) as a critical framework. Chapter 2 presents the state of the art in HRC research in prefabrication and construction, and the researchers’ previous work: an FTS framework and behavioural fabrication. The following chapters 3 and 4 describe the research’s objectives, and outline a methodology integrating the FTS framework with behavioural fabrication through a modified Double-Diamond Approach (DDA). Chapter 5 describes the workshop used to test the methodology, culminating with our research hypotheses. In chapter 6, the resulting student-developed HRC workflows are described and evaluated using the FTS framework. This paper concludes with a discussion of methodological insights in Chapter 7; design implications, and future directions for inclusive HRC education and practice in chapter 8."
AI-Driven Supply Chain Transformation in Industry 5.0: Enhancing Resilience and Sustainability,Journal of the Knowledge Economy,,,,10.1007/s13132-024-01999-6,Haoyang WuJing LiuBiming Liang,2024,https://link.springer.com/article/10.1007/s13132-024-01999-6,Article,"The emergence of Industry 5.0 has ushered in a new era of industrial transformation characterized by the integration of physical and digital systems. In this dynamic environment, the role of artificial intelligence (AI) in supply chain management has become paramount. This research paper explores the impact of AI-driven imperatives on supply chain resilience and sustainability in Industry 5.0. Using a combination of probability analysis (PA), Bayesian-BWM (B-BWM), and Pareto analysis, we identify key AI-driven strategies for enhancing supply chain operations in the ready-made garment (RMG) and footwear sectors in China. The study highlights the importance of continuous monitoring of supply chain operations via the Internet of Things (IoT), adopting a circular production and packaging (CPP) model, and establishing a digital supply chain replica. These strategies improve resilience and contribute to environmental and societal outcomes. Automation and robust cybersecurity for data handling are crucial in the context of Industry 5.0, as they enhance production adaptability and data security. Also, streamlining inventory via RFID technology and harnessing AI to improve workforce safety and operational flow are essential measures. Comprehensive data analysis and forward-looking predictions through AI-driven big data analytics provide insights into consumer demand and energy consumption, ensuring efficient supply chain management. Lastly, while promising, blockchain integration poses challenges in terms of investment and regulatory compliance. However, it is important to consider the ethical implications and regulatory frameworks associated with AI deployment, as well as the need for education and training to bridge the digital gap. Collaboration between governments, industries, and educational institutions is essential to establish a comprehensive Industry 15.0 that benefits all segments of society. This research sheds light on the transformative potential of AI-driven supply chain management in Industry 5.0 and underscores the importance of addressing challenges to maximize its benefits."
Synergizing industry 5.0 development factors into sustainable circular closed-loop supply chains through a hybrid approach: Case studies,"Environment, Development and Sustainability",,,,10.1007/s10668-025-06835-8,Farnaz Javadi GargariZahra Saeidi-MobarakehHossein amoozad khalili,2025,https://link.springer.com/article/10.1007/s10668-025-06835-8,Article,"This study develops an integrated framework that aligns supply chain networks with sustainable practices under the advanced technological landscape of Industry 5.0. The model incorporates Industry 5.0 development factors, sustainability objectives, and circular closed-loop supply chain principles, targeting cost reduction, enhanced technology utilization, improved sustainability performance, and optimized closed-loop processes. A hybrid Multi-Objective Evolutionary Algorithm (MOEA) combining NSGA-IV, SMS-EMOA, and ε-MOEA is developed to solve this complex optimization problem. Comprehensive validation using 28 real-world industrial cases (2019–2023) demonstrates the algorithm’s effectiveness, achieving cost reductions of 15% in small-scale, 12% in medium-scale, and 10% in large-scale implementations. Additionally, the algorithm assesses Generational Distance (GD), Hypervolume (HV), Error Ratio (ER), and Overall Non-Dominated Vector Generation (ONVG) in this context. The results reveal significant improvements including 22% better GD indicating enhanced convergence, 19% greater HV coverage reflecting improved diversity, 31% lower ER demonstrating higher accuracy, and 27% higher ONVG confirming superior solution spread. The framework maintains robust performance with solution quality stability within 8% under operational variations including ±20% budget fluctuations and ± 10% mutation rate ranges. These findings provide both theoretical advancements in multi-objective optimization and practical decision-support tools for implementing sustainable Industry 5.0 supply chains, demonstrating effective balance between economic, technological and environmental objectives in complex operational environments."
"Global Perspectives on Navigating Industry 5.0 Knowledge: Achieving Resilience, Sustainability, and Human-Centric Innovation in Manufacturing",Journal of the Knowledge Economy,,,,10.1007/s13132-024-02498-4,Riyaz Abdullah SheikhIrfan AhmedAli Yahya A. FaqihiYasser Moustafa Shehawy,2024,https://link.springer.com/article/10.1007/s13132-024-02498-4,Article,"Technological competitiveness is crucial for differentiation, market penetration, and organizational performance. Emerging economies must implement efficient policies and facilitate technology transfer. Although Industry 5.0 (I5.0) aims to address social and environmental issues, managing it remains a knowledge gap. The study's main goals are to give a full picture of how to support I5.0 goals, putting people first, being sustainable, and being resilient making it easier for people and businesses to work together. The study employs a systematic literature review as the research methodology consolidates fragmented insights and approaches, strategically outlining I5.0's components. The research findings underscore I5.0's focus on sustainability, human-centricity, and resilience, aligning with the 6Rs policy for waste prevention and leveraging key technologies. Primary technological enablers encompass digital twins, robots, the Internet of Everything, blockchain, big data analytics, 6G networks, XR private mobile networks, edge computing, network slicing, and extended reality. Policymakers and practitioners can benefit from the research's recommendations, which outline the various approaches and strategies needed to transition to I5.0. Therefore, this study bridges the knowledge gap in I5.0, providing valuable insights for scholars, industrialists, and policymakers. The outlined roadmap guides stakeholders in navigating the paradigm shift toward a sustainable industrial future, acknowledging limitations and paving the way for future research in this pioneering effort."
"Navigating the transition to industry 5.0: advancing sustainability, resilience, and human-centricity in Spanish supply chain management",Discover Sustainability,,,,10.1007/s43621-025-01190-0,C. CastilloT. Otero-RomeroE. J. Alvarez-Palau,2025,https://link.springer.com/article/10.1007/s43621-025-01190-0,Article,"This study examines the adoption of Industry 5.0 (I5.0) principles within Supply Chain Management (SCM), focusing on the Spanish context as an early adopter. While Industry 4.0 (I4.0) prioritised automation and efficiency, I5.0 introduces a paradigm shift by integrating sustainability, resilience, and human-centricity into supply chains. Using a qualitative methodology, this study analyses 25 interviews with industry professionals, applying a co-occurrence analysis to uncover interdependencies between organisational culture, leadership, and digital tools in the transition to I5.0. The findings reveal that resistance to change, financial constraints, and sectoral misalignment are critical barriers, particularly for small and medium enterprises. However, proactive leadership, the integration of circular economy practices, and customised digitalisation strategies emerge as key enablers. A significant contribution of this research is its identification of human–machine collaboration and digitalisation as catalysts for both sustainability and resilience in SCM, demonstrating how these elements enhance adaptability and long-term competitiveness. The study moves beyond theoretical discussions to provide practical strategies for overcoming transition barriers, emphasising the role of leadership-driven cultural transformation, workforce engagement, and sector-specific digitalisation approaches. By embedding sustainability and human-centric digital innovation into SCM, organisations can create agile, resilient, and people-oriented supply chains that align with the evolving demands of I5.0. This research contributes new empirical insights into I5.0 adoption, offering both theoretical advancements and actionable implications for practitioners."
Industry 4.0 to Industry 5.0,Translational Systems Sciences,,,,10.1007/978-981-99-9730-5,Susu NousalaGary MetcalfDavid Ing,2024,https://link.springer.com/book/10.1007/978-981-99-9730-5,Book,
Artificial Intelligence-Enhanced Digital Twin Systems Engineering Towards the Industrial Metaverse in the Era of Industry 5.0,Chinese Journal of Mechanical Engineering,,,,10.1186/s10033-025-01210-0,He ZhangYilin LiShuai ZhangLukai SongFei Tao,2025,https://link.springer.com/article/10.1186/s10033-025-01210-0,Article,"With the continuous advancement and maturation of technologies such as big data, artificial intelligence, virtual reality, robotics, human-machine collaboration, and augmented reality, many enterprises are finding new avenues for digital transformation and intelligent upgrading. Industry 5.0, a further extension and development of Industry 4.0, has become an important development trend in industry with more emphasis on human-centered sustainability and flexibility. Accordingly, both the industrial metaverse and digital twins have attracted much attention in this new era. However, the relationship between them is not clear enough. In this paper, a comparison between digital twins and the metaverse in industry is made firstly. Then, we propose the concept and framework of Digital Twin Systems Engineering (DTSE) to demonstrate how digital twins support the industrial metaverse in the era of Industry 5.0 by integrating systems engineering principles. Furthermore, we discuss the key technologies and challenges of DTSE, in particular how artificial intelligence enhances the application of DTSE. Finally, a specific application scenario in the aviation field is presented to illustrate the application prospects of DTSE."
The research landscape of industry 5.0: a scientific mapping based on bibliometric and topic modeling techniques,Flexible Services and Manufacturing Journal,,,,10.1007/s10696-024-09584-4,Abderahman RejebKarim RejebImen ZrelliYasanur KayikciAbdo Hassoun,2024,https://link.springer.com/article/10.1007/s10696-024-09584-4,Article,"Industry 5.0 (I5.0) marks a transformative shift toward integrating advanced technologies with human-centric design to foster innovation, resilient manufacturing, and sustainability. This study aims to examine the evolution and collaborative dynamics of I5.0 research through a bibliometric analysis of 942 journal articles from the Scopus database. Our findings reveal a significant increase in I5.0 research, particularly post-2020, yet highlight fragmented collaboration networks and a noticeable gap between institutions in developed and developing countries. Key thematic areas identified include human-robot collaboration, data management and security, AI-driven innovation, and sustainable practices. These insights suggest that a more integrated approach is essential for advancing I5.0, calling for strengthened global collaborations and a balanced emphasis on both technological and human-centric elements to fully realize its potential in driving resilient and sustainable industrial practices. This study provides the first comprehensive bibliometric analysis of I5.0, offering valuable insights for both researchers and practitioners."
TAI-PRM: trustworthy AI—project risk management framework towards Industry 5.0,AI and Ethics,,,,10.1007/s43681-023-00417-y,Eduardo VyhmeisterGabriel G. Castane,2024,https://link.springer.com/article/10.1007/s43681-023-00417-y,Article,"Artificial Intelligence (AI) is increasingly being used in manufacturing to automate tasks and process data, leading to what has been termed Industry. 4.0. However, as we move towards Industry 5.0, there is a need to incorporate societal and human-centric dimensions into the development and deployment of AI software artefacts. This requires blending ethical considerations with existing practices and standards. To address this need, the TAI-PRM framework has been developed. It builds upon established methods, such as Failure Mode and Effect Analysis (FMEA) and the Industrial ISO 31000, to manage risks associated with AI artefacts in the manufacturing sector. The framework identifies ethical considerations as hazards that can impact system processes and sustainability and provides tools and metrics to manage these risks. To validate the framework, it was applied in an EU project for Digital Twins on AI for manufacturing. The results showed that TAI-PRM can effectively identify and track different failure modes associated with AI artefacts and help users to manage ethical risks associated with their deployment. By incorporating ethical considerations into risk management processes, the framework enables the developing and deploying trustworthy AI in the manufacturing sector."
AI’s effect on innovation capacity in the context of industry 5.0: a scoping review,Artificial Intelligence Review,,,,10.1007/s10462-024-10864-6,Adrien BécueJoao GamaPedro Quelhas Brito,2024,https://link.springer.com/article/10.1007/s10462-024-10864-6,Article,"The classic literature about innovation conveys innovation strategy the leading and starting role to generate business growth due to technology development and more effective managerial practices. The advent of Artificial Intelligence (AI) however reverts this paradigm in the context of Industry 5.0. The focus is moving from “how innovation fosters AI” to “how AI fosters innovation”. Therefore, our research question can be stated as follows: What factors influence the effect of AI on Innovation Capacity in the context of Industry 5.0? To address this question we conduct a scoping review of a vast body of literature spanning engineering, human sciences, and management science. We conduct a keyword-based literature search completed by bibliographic analysis, then classify the resulting 333 works into 3 classes and 15 clusters which we critically analyze. We extract 3 hypotheses setting associations between 4 factors: company age, AI maturity, manufacturing strategy, and innovation capacity. The review uncovers several debates and research gaps left unsolved by the existing literature. In particular, it raises the debate whether the Industry5.0 promise can be achieved while Artificial General Intelligence (AGI) remains out of reach. It explores diverging possible futures driven toward social manufacturing or mass customization. Finally, it discusses alternative AI policies and their incidence on open and internal innovation. We conclude that the effect of AI on innovation capacity can be synergic, deceptive, or substitutive depending on the alignment of the uncovered factors. Moreover, we identify a set of 12 indicators enabling us to measure these factors to predict AI’s effect on innovation capacity. These findings provide researchers with a new understanding of the interplay between artificial intelligence and human intelligence. They provide practitioners with decision metrics for a successful transition to Industry 5.0."
"From Industry 4.0 Digital Manufacturing to Industry 5.0 Digital Society: a Roadmap Toward Human-Centric, Sustainable, and Resilient Production",Information Systems Frontiers,,,,10.1007/s10796-024-10476-z,Morteza GhobakhlooHannan Amoozad MahdirajiMohammad IranmaneshVahid Jafari-Sadeghi,2024,https://link.springer.com/article/10.1007/s10796-024-10476-z,Article,"The present study addresses two critical controversies surrounding the emerging Industry 5.0 agenda. Firstly, it seeks to elucidate the driving forces behind the accelerated momentum of the Industry 5.0 agenda amidst the ongoing digital industrial transformation. Secondly, it explores how the agenda’s sustainability values can be effectively realised. The study conducted a comprehensive content-centric literature synthesis and identified how Industry 4.0 shortcomings adversely impacted sustainability values. Furthermore, the study implements a novel approach that determines how and in what order the sustainability functions of Industry 4.0 should be leveraged to promote the sustainability objectives of Industry 5.0. Results reveal that Industry 4.0 has benefited economic and environmental sustainability values most at the organisational and supply chain levels. Nonetheless, most micro and meso-social sustainability values have been adversely impacted by Industry 4.0. Similarly, Industry 4.0 has been worryingly detrimental to macro sustainability values like social or economic growth equality. These contradictory implications of Industry 4.0 have pulled the Industry 5.0 agenda. However, the results identified nine sustainability functions of Industry 4.0 that, when leveraged appropriately and in the correct order, can offer important implications for realising the economic and socio-environmental goals of Industry 5.0. For example, under extreme unpredictability of business world uncertainties, the business should first leverage the automation and integration capabilities of Industry 4.0 to gain the necessary cost-saving, resource efficiency, risk management capability, and business antifragility that allow them to introduce sustainable innovation into their business model without jeopardising their survival. Various scenarios for empowering Industry 5.0 sustainability values identified in the present study offer important implications for knowledge and practice."
"Bamboo industrialization in the era of Industry 5.0: an exploration of key concepts, synergies and gaps","Environment, Development and Sustainability",,,,10.1007/s10668-024-05584-4,Lucy BinfieldVahid NasirChunping Dai,2024,https://link.springer.com/article/10.1007/s10668-024-05584-4,Article,"Industry 5.0 is a fifth industrial revolution in which enabling technologies center human wellbeing, sustainability and supply chain resilience in industrial settings. This paper explores the linkages between Industry 5.0 and the mainstreaming of bamboo in industry, particularly in construction. It represents the first attempt to integrate bamboo into Industry 5.0 discourse. Literature of the two concepts is summarized, and a list of Industry 5.0 components is obtained from literature. Then, interviews with expert informants from bamboo-producing countries identify key strengths, weaknesses, challenges and opportunities of bamboo industrialization. Using a frequency-based weighting to rank and weigh these elements, Industry 5.0 components are ranked using the Weighted Sum Model. Our analysis and review found many opportunities for synergy with human-centricity, resilience and sustainability; the key Industry 5.0 pillars. Bamboo is an environmentally friendly material with many applications that already contributes to pro-poor, human-centric livelihoods in many vulnerable communities. However, many applications of bamboo in modern industry are currently limited to research or demonstration, and the global bamboo industry remains at a low level of commercialization and is yet to capitalize on Industry 4.0 advances. Significant investment and efforts are need to realize the potential of bamboo to enhance and be enhanced by the Industry 5.0 transition. Further research can build on this preliminary analysis and create feasible pathways for bamboo integration into Industry 5.0."
High-speed machining of hardened steel during moldand die production: a critical review toward an Industry 5.0 environment,The International Journal of Advanced Manufacturing Technology,,,,10.1007/s00170-025-15458-2,Jonny HerwanGerman Herrera-GranadosIchiro OguraYoshiyuki FurukawaHitoshi Komoto,2025,https://link.springer.com/article/10.1007/s00170-025-15458-2,Article,"Advancements in machine tools have enabled high-speed machining (HSM) of mold and die (M&D) in the hardened state, offering improved sustainability compared to conventional methods. The M&D industry is often referred to as “the mother of manufacturing” because nearly all mass-produced discrete parts are fabricated using M&D. Meanwhile, the Industry 5.0 concept, introduced by the European Commission, has emerged as a comprehensive framework for guiding industrial development. This study presents a systematic literature review on the application of HSM in M&D fabrication within the context of an Industry 5.0 environment. The review covers 183 research articles. The obtained findings are grouped based on 11 assessment indexes aligned with the three pillars of Industry 5.0: sustainability, resilience, and human well-being. The study also identifies gaps between the literature and current industrial practices. Finally, future research directions are proposed to facilitate the comprehensive implementation of Industry 5.0 in M&D machining workshops."
Industry 5.0 and SDG 9: a symbiotic dance towards sustainable transformation,Sustainable Earth Reviews,,,,10.1186/s42055-024-00073-y,Evaldo Costa,2024,https://link.springer.com/article/10.1186/s42055-024-00073-y,Article,"The convergence of Industry 5.0 (I5.0) and Sustainable Development Goal 9 (SDG 9) signifies a transformative shift in global industries, propelled by a new triple bottom line approach– human-centric, sustainable, and resilient. Departing from traditional models, I5.0, an evolution from Industry 4.0, strategically aligns with SDG 9 to reshape industrial landscapes and promote global sustainable, resilient, and inclusive development.
I5.0’s emphasis on resource optimization and collaboration between humans and machines marks a departure from technologically driven manufacturing (I4.0), ushering in a sustainable production model. Cutting-edge technologies, including Artificial Intelligence (AI), Machine Learning (ML), and automation, optimize resource utilization, enhancing operational efficiency to support sustainability goals. Yet, challenges like initial implementation costs and a lack of global sustainability standards pose obstacles.
The human-centric integration within I5.0 prioritizes human needs throughout the manufacturing process. Collaborations with Cobots and AI-ML technologies optimize workflows, contribute to customization, and align with SDG 9’s vision, necessitating robust training programs and strategic considerations for workforce adaptation and financial investments.
Exploring I5.0 resilience within SDG 9 unveils its pivotal role during crises, such as the COVID-19 pandemic. Discussions navigate challenges related to supply chain disruptions, economic impacts, and geopolitical factors, emphasizing the need for strategic resilience, sustainability, and human-centric approaches. I5.0 resilience, guided by Cobots, aligns with SDG 9’s focus on resilient infrastructure.
Sustainable Business Model Innovation (SBMI) emerges as a central point of contention in the I5.0 and SDG 9 interplay. Advocates tout its transformative potential for sustainability goals, while skeptics question scalability and adaptability, reflecting the complexity of factors in achieving sustainable and resilient industrial development.
Therefore, the strategic imperative of I5.0 and SDG 9 unfolds as a transformative force for positive change, embedded in SBMI. This collaborative journey transcends the confines of a production system, ushering in a future where technology management, supported by SBMI, proactively reinforces resilience, societal well-being, and environmental stewardship. The future of I5.0 raises questions about innovative ecosystems, collaboration practices, geopolitical impacts, circular production models, and extending I5.0 beyond current geographical limits."
Retraction Note: Energy efficient IRS assisted 6G network for Industry 5.0,Scientific Reports,,,,10.1038/s41598-024-52445-1,Ashu TanejaShalli RaniSaleem RazaAmar JainShebnam M. Sefat,2024,https://link.springer.com/article/10.1038/s41598-024-52445-1,Article,"Retraction of: Scientific Reports https://doi.org/10.1038/s41598-023-39974-x, published online 07 August 2023"
Metaverse for Industry 5.0,SpringerBriefs in Applied Sciences and Technology,,,,10.1007/978-981-97-2455-0,Soumi MajumderNilanjan Dey,2024,https://link.springer.com/book/10.1007/978-981-97-2455-0,Book,
A generative pre-trained transformer industrial bot to improve operators’ working experience in a small Industry 5.0 factory,The International Journal of Advanced Manufacturing Technology,,,,10.1007/s00170-025-15033-9,Kahiomba Sonia KiangalaZenghui Wang,2025,https://link.springer.com/article/10.1007/s00170-025-15033-9,Article,"The industrial sector is embracing a new revolution, Industry 5.0 (I5.0), focusing on human well-being and ecosystem preservation. Previous industrial revolutions have emphasized incorporating the latest state-of-the-art innovations and technologies to improve production processes, overseeing some of their long-term damaging impact on human beings. Our research contributes to the I5.0 practical implementation in factories by proposing the design of a generative pre-trained transformer (GPT) industrial bot as a tool to assist workers of a small experimental factory in improving their daily working experience. The industrial bot closely tracks factory production and allows operators to monitor a few fundamental elements of their well-being via text queries, such as the pollution level and the maximum overtime hours per worker. It also provides factories with three valuable functions: faulty equipment discovery, root cause analysis, and synthetic data generation. These features originate from factory-customized data loaded into the OpenAI GPT4 language model (LM) presented in two industrial bot versions. The first is an offline version, created using a Langchain agent connected to the GPT4 LM through OpenAI APIs and visualized with Streamlit, an open-source front-end tool. The second is an online version produced by the GPT4 internal function that creates customs GPTs. We highlight both versions’ advantages and disadvantages to guide factories in considering the suitable environmental model when adopting I5.0. Our system also allows operators to receive additional tips, thanks to the online GPT4 robust database, to enhance their knowledge on maintaining their well-being and their factory contextualized on the query sent to the industrial bot."
A novel hybrid model for supplier selection problem based on the viability and industry 5.0 pillars: Application in the energy sector,"Environment, Development and Sustainability",,,,10.1007/s10668-025-07044-z,Elham MashhadiAmirReza TajallySeyed Mohammadreza Vatankhah GhamsariMohssen Ghanavati-NejadReza MoghdaniVahid Yahyapour-Ganji,2025,https://link.springer.com/article/10.1007/s10668-025-07044-z,Article,"The significant progress of supply chain management in the last decade and also the challenges caused by the Coronavirus outbreak have resulted in the emergence of new concepts, such as supply chain 5.0 and viable supply chain, in this field. Despite the critically important role of the mentioned concepts, their simultaneous consideration in the Supplier Selection Problem (SSP) has been ignored in the literature. Hence, this article develops a hybrid approach to study the SSP with the viability and Industry 5.0 dimensions. To this end, first of all, the aspects, criteria, and alternatives are identified. Then, a novel approach named the Lexicographic Stochastic Fuzzy Best–Worst Method (LSFBWM) is suggested to compute the weights of the aspects and criteria. Afterwards, a novel method named Stochastic Fuzzy Normalized Weighted Sum (SFNWS) is developed to evaluate the feasible alternatives. To demonstrate the application and applicability of the proposed hybrid model, a case study in the energy sector has been investigated. The obtained results confirm the validity and efficiency of the developed LSFBWM and SFNWS. Furthermore, according to achieved outputs,‌ responsiveness, price, quality, robustness, waste management, and reliability have been identified as the most important indicators. Also, suppliers A2 and A1 are identified as the most appropriate suppliers."
Digital Twins &amp; Industry 5.0 On Food Management,Food and Industry 5.0: Transforming the Food System for a Sustainable Future,,,,10.1007/978-3-031-76758-6_7,S. SanfiyaA. Sabitha Banu,2025,https://link.springer.com/chapter/10.1007/978-3-031-76758-6_7,Chapter,"Digital twins have the potential to transform agri food production systems and supply chains, addressing critical challenges such as greenhouse gas emissions, food waste, and malnutrition1. These virtual representations of physical entities exist in silicon, continuously updating based on real-time sensor data. By simulating physical systems, digital twins can optimize behaviour and advise control strategies for their physical counterparts. For instance, they can help estimate and predict food quality, enabling stakeholders to make dynamic decisions about supply chain logistics and storage conditions to reduce spoilage and wastage. Additionally, digital twins support end-to-end visibility and traceability, enhancing supply chain management by overseeing complex moving parts and building nonlinear supply chain models. The function of digital twins (DT) in the context of industry 5.0 is thoroughly explored in academics. Industry 5.0’s digital twin models minimize operational hazards, increase productivity for human users, and lessen wear and tear on real-world equipment. This study attempts to investigate the effects of the use of virtual twins. The way businesses conduct business is changing as a result of the rapid rise in the adoption of digital twin technology. In the past few years, digital twins have been extensively used in many important commercial applications, and it is expected that the equipment will expand to other businesses, scenarios of use, and applications. The purpose of this study is to evaluate the literature and look into how Industry 5.0 and Digital Twins can make intelligent automation easier in a variety of industries."
"Nexus of CIM, Industry 4.0, Industry 5.0, and Quantum Computing",Computer Aided Engineering Design and Manufacturing,,,,10.1007/978-3-031-77106-4_17,Wasim Ahmed KhanVolkan EsatMuhammad HammadHassan AliMuhammad Qasim ZafarRashid Ali,2025,https://link.springer.com/chapter/10.1007/978-3-031-77106-4_17,Chapter,"The fourth Industrial revolution is witnessing an era of exceptional technical advancement. Not a single field of STEAM will remain unchanged. This will however, while putting enormous pressure on normal human beings all over the world, will tear the social fabric, and people will vie for control from a micro domain to global domain resulting in wars: mini to mega—spanning over communities to nations."
Industry 5.0: a review of emerging trends and transformative technologies in the next industrial revolution,International Journal on Interactive Design and Manufacturing (IJIDeM),,,,10.1007/s12008-024-01943-7,Tarun RijwaniSoni KumariR SrinivasKumar AbhishekGanesh IyerHarsh VaraShreya DubeyV RevathiManish Gupta,2024,https://link.springer.com/article/10.1007/s12008-024-01943-7,Article,"The emerging concept of Industry 5.0 centers on the collaboration between humans and machines within manufacturing. In contrast to prior studies, this paper thoroughly explores the essential technologies, implementation strategies, and potential applications of Industry 5.0. It offers fresh perspectives on various transformative approaches, emphasizing their capacity to boost efficiency, and conducts a comprehensive review of existing literature and case studies to illuminate the landscape of Industry 5.0. Additionally, the paper underscores the contributions of diverse technologies and strategies toward realizing the objectives of Industry 5.0. Moreover, it highlights the challenges requiring attention for successful integration and proposes future research directions to propel the field forward. Noteworthy technologies examined in this research include Edge computing, IoT, Blockchain, Artificial Intelligence, Cobots, Big Data Analysis, and 6G. This review is poised to catalyze further discourse, research, and development aimed at refining and integrating technologies for Industry 5.0 advancement."
Blockchain Technology and Industry 5.0 synergy for sustainable development in RMG industries: an ISM and fuzzy DEMATEL approach,Discover Sustainability,,,,10.1007/s43621-024-00696-3,Md Al AminRoberto Baldacci,2024,https://link.springer.com/article/10.1007/s43621-024-00696-3,Article,"This research explores the contribution of Blockchain Technology and Industry 5.0 in driving sustainability within Bangladeshi Ready-Made Garments (RMG) industry, with a focus on alignment with key Sustainable Development Goals (SDGs). The study employs Interpretive Structural Modeling (ISM) and fuzzy Decision-Making Trial and Evaluation Laboratory (DEMATEL) methods to identify and analyze 14 critical synergies that can drive sustainability. The ISM analysis categorizes the synergies into independent, dependent, and linkage variables, providing insights into their roles and significance within the system. Fuzzy DEMATEL further refines this understanding by evaluating the direct and indirect relationships among the linkage synergies. Key findings reveal the importance of synergies such as reverse logistics and recycling, supply chain collaboration & visibility and ethical practices in driving sustainability. This research contributes by offering a detailed analysis of how the synergy between Blockchain technology and Industry 5.0 can enhance sustainability practices in the RMG industry, providing actionable insights into the technological transformation of supply chain dynamics in support of global sustainability targets."
Platform Business Models Operations in Industry 5.0,The Future of Work: How Technology is Transforming Jobs and Skills,,,,10.1007/978-3-031-87372-0_13,Mohamed Ashmel Mohamed HashimIssam TlemsaniRobin MatthewsOsama El-TemtamySayed Abdul Majid GilaniAnsarullah Tantry,2025,https://link.springer.com/chapter/10.1007/978-3-031-87372-0_13,Chapter,"This research critically examines the utility of the Platform Business Model (PBM) and its influence on organizational performance in Industry 5.0 (I5.0). PBM demonstrates a vital role and integrating organizational forces such as strategic agility (SA), business model innovation (BMI) and operational practice to a greater degree. This paper also offers a conceptual strategic roadmap for the adoption of PBM in I5.0 using the existing literature, findings and outcomes. It was found from the critical literature review that PBMs are increasingly becoming the dominant economic force of global economies—Amazon and Google. Further, this paper also scrutinizes the underlying philosophy and forces of PBM amidst technological advancements—a potential competitive advantage to strategic operations. We propose to test the validity and robustness of the conceptual model using the Structural Equation Model (SEM) to conclusively assess the impact of PBM. The key findings reveal that the conclusive impact of PBM is relatively intangible and centric to generating changing value propositions and progressively developing the strategic advantage."
Sustainable evaluation of the raw material providers based on industry 5.0 and circular economy aspects: a new stochastic method,OPSEARCH,,,,10.1007/s12597-025-00929-7,Sina NayeriZeinab Sazvar,2025,https://link.springer.com/article/10.1007/s12597-025-00929-7,Article,"In recent years, the importance of supply chain management (SCM) has been drastically highlighted. In this research area, one of the most significant fields is to evaluate the performance of the raw material providers (RMPs). An appropriate RMP selection can dramatically help companies to improve their efficiency and effectiveness. Despite the importance of the mentioned problem, literature shows that the simultaneous consideration of the circular economy (CE) and Industry 5.0 (I5.0) dimensions in the RMP selection problem under the stochastic environment has been ignored by previous works. Hence, to bridge the mentioned gap, this study proposes a new stochastic approach to assess the performance of the RMPs according to the CE and I5.0 aspects. To this end, first of all, the main aspects and criteria are determined according to the experts and literature. Then, the indicators’ weights are computed by the stochastic best–worst method (BWM). In the next step, to evaluate the RMPs’ performance, a novel approach named the stochastic complex proportional assessment (COPRAS) is developed. Also, to show the application of the proposed approach, a real-world case study in the home appliances industry is investigated. The achieved results show that Robustness”, “Price”, “Quality”, “Information sharing systems”, “Restorative Capacity”, “Waste management”, “GHG emissions”, “Extra Inventory”, and “Job safety” are determined as the most significant indicators. Moreover, a comparison between the developed approaches and the traditional methods are made and the achieved results confirm the validity and effectiveness of the developed method. The results of this study can help researchers and managers to become familiar with the concept and application of the CE and I5.0 in the SCM problem, especially in evaluating the RMPs."
BRL-ETDM: Bayesian reinforcement learning-based explainable threat detection model for industry 5.0 network,Cluster Computing,,,,10.1007/s10586-024-04422-6,Arun Kumar DeyGovind P. GuptaSatya Prakash Sahu,2024,https://link.springer.com/article/10.1007/s10586-024-04422-6,Article,"To enhance the universal adaptability of the Real-Time deployment of Industry 5.0, various machine learning-based cyber threat detection models are given in the literature. Most of the existing threat detection models may not be able to detect zero-day cyber threats and are prone to producing a high False Positive Rate (FPR) due to irrelevant features and imbalanced class samples. Furthermore, its predictive decisions are also difficult to comprehend even by security experts. Consequently, an intelligent and more robust model is needed to mitigate zero-day cyber threats. This study proposes an explainable model named BRL-ETDM for detecting cyber threats in Industry 5.0. In this model, features are optimized by Bayesian Reinforcement Learning (BRL)-based Bee Swarm Optimization (BSO) technique in which the exploitation phase of BSO is improved by the BRL technique. Then, an improved weighted majority voting-based ensemble technique is designed to enhance threat detection performance. Additionally, an explainable AI technique is employed to explain the threat predictions. This model is tested and validated using two realistic datasets named Edge-IIoTset and ToN-IoT. Experimental results show that the proposed model achieved a maximum accuracy of 96.15% with a minimum number of features and FPR of 0.27% as compared to existing techniques."
Cognitive Ergonomics in Industry 5.0,Flexible Automation and Intelligent Manufacturing: Establishing Bridges for More Sustainable Manufacturing Systems,,,,10.1007/978-3-031-38165-2_88,Maja TrstenjakMiro HegedićHrvoje CajnerTihomir OpetukNataša Tošanović,2024,https://link.springer.com/chapter/10.1007/978-3-031-38165-2_88,Conference paper,"Industry 5.0 is a concept that represents a human-centered, resilient, and sustainable manufacturing system. With the increase in the importance of the human role within the system, there is a need to adapt standard ergonomic methods to ensure safety within the work environment. The human-centered approach extends the limits of work safety to well-being principles while the new digital technologies which seek human interaction demand enhanced cognitive functions. In this paper, the principles of cognitive ergonomics will be presented as their current use in manufacturing. Due to digitalization, the human operators' role demands changes to the principles of Industry 5.0 ergonomics. The novel framework of cognitive ergonomics implementation in Industry 5.0 will be presented based on a literature review. Results will be used in a future work to implement the novel and innovative digital production and process planning system in the local stove manufacturing company."
Industry 5.0 with Sustainable Development,Industry 5.0 and Emerging Technologies,,,,10.1007/978-3-031-70996-8_17,Abhinav SharmaSanjay DhankaRohit BansalAnkur KumarSurita Maini,2024,https://link.springer.com/chapter/10.1007/978-3-031-70996-8_17,Chapter,"Industry 5.0 (I 5.0) marks a turning point. It emphasizes collaboration between people and technology to create a sustainable and socially responsible future. This is different from Industry 4.0, which focused mainly on efficiency and profit, even if it hurt society and the environment. The European Commission's concept of I 5.0 envisions, aims to be sustainable and aligns with the UN's goals for a better world. It also prioritizes creating a good work environment where employees can learn and grow. There are still questions about how exactly it will work and how it will affect the environment. The European Commission sees I 5.0 to improve Industry 4.0 by making it more socially and environmentally friendly. This could be a major step forward in solving problems like climate change and poverty, while also boosting the economy. For example, India's focus on clean energy fits well with I 5.0's emphasis on sustainability. India's large workforce could also benefit from I 5.0's focus on creating positive work environments. This paper proposes a model to help us understand the technology and social aspects of I 5.0. This model highlights the importance of ethics and open communication. The paper also explores how I 5.0 could lead to a more sustainable future, offering valuable ideas for researchers and businesses."
Contemporary Issues in Industry 5.0,"Technology, Work and Globalization",,,,10.1007/978-3-031-74779-3,Päivi AaltonenEmil Kurvinen,2025,https://link.springer.com/book/10.1007/978-3-031-74779-3,Book,
Industry 5.0 and Employee Satisfaction,Metaverse for Industry 5.0,,,,10.1007/978-981-97-2455-0_6,Soumi MajumderNilanjan Dey,2024,https://link.springer.com/chapter/10.1007/978-981-97-2455-0_6,Chapter,"Through Industry 5.0, businesses have significant opportunities to make their operations more efficient, cut costs and improve the quality of products. The use of artificial intelligence and machine learning techniques enables early detection of issues and prompt corrective actions. One of the key benefits is enhanced workforce management. Companies can increase productivity without the need to hire additional staff by substituting manual processes with automation."
Culture Essentials for Industry 5.0,"Flexibility, Resilience and Sustainability",,,,10.1007/978-981-99-9550-9_5,Gitanjali SaksenaAbhilasha Jha,2024,https://link.springer.com/chapter/10.1007/978-981-99-9550-9_5,Chapter,"This paper examines the culture essentials that can play a critical role in driving organizational flexibility and performance in organizations that are at an inflexion point in their Route to Market. Degrees of separation enforced by COVID-19, digital-first market realities and lean organization structures proffer a need for cultural interrogation from a fresh lens and embracing shifts to create high levels of performance. Situating our research in the Indian arm of a global information analytics leader in the STEM space, we suggest an inductive culture framework that is built on the foundation of time-tested culture theories and principles of ethnographic research. We argue that with the change in generational mix and distributed functioning as the norm, the role of the human agency and cultural constructionism has become pivotal to culture formation. Adopting a multi-modal approach, we base our culture construct on insights gathered through literature research, the study of 13 critical company documents, 21 in-depth culture conversations with the India Leadership Team and levels below, “fly on the wall” observations and three div–con (divergent–convergent) group sessions. We proceed to outline the next steps for validating/refining the framework and potential use cases."
Industry 5.0 and Emerging Technologies,"Studies in Systems, Decision and Control",,,,10.1007/978-3-031-70996-8,Aziza ChakirRohit BansalMohamed Azzouazi,2024,https://link.springer.com/book/10.1007/978-3-031-70996-8,Book,
"Exploring the synergy of human-robot teaming, digital twins, and machine learning in Industry 5.0: a step towards sustainable manufacturing",Journal of Intelligent Manufacturing,,,,10.1007/s10845-025-02580-x,Even Falkenberg LangåsMuhammad Hamza ZafarFilippo Sanfilippo,2025,https://link.springer.com/article/10.1007/s10845-025-02580-x,Article,"Sustainable manufacturing remains a central objective of Industry 5.0. By successfully implementing harmonic human-robot teams in intelligent industrial systems, the efficiency and well-being of human workers can be increased. Achieving this requires a gradual approach from caged robots to advanced, seamless collaboration between humans and robots. Initially, that means transitioning to human-robot interaction (HRI) where there is an exchange of commands between the human and the robot. Further advancements within safety considerations, including collision avoidance through advanced machine vision, enable the exchange of workspace that defines human-robot collaboration (HRC). The next stage is physical HRC (pHRC) which requires safe and controlled exchange of forces through impedance and admittance control. Finally, this paper describes human-robot teaming (HRT), which is defined by the exchange of solutions as teammates. This is enabled by combining cutting-edge technologies such as digital twin (DT), advanced vision sensors, machine learning (ML) algorithms and mixed reality (MR) human–machine interfaces for operators. A key contribution of this work is reviewing the integration of HRT with DT and ML, highlighting how these technologies enable seamless perception, prediction, and decision-making in human-centric industrial systems. By reviewing these technologies, the paper highlights current challenges, limitations and research gaps within the field of HRT and suggests potential future possibilities for HRT, such as advanced disassembly of used goods for a more sustainable manufacturing industry."
A Sustainable Innovation Framework Based on Lean Six Sigma and Industry 5.0,Arabian Journal for Science and Engineering,,,,10.1007/s13369-023-08565-3,Benedictus RahardjoFu-Kwun WangShih-Che LoTzu-Hsien Chu,2023,https://link.springer.com/article/10.1007/s13369-023-08565-3,Article,"Industry 5.0 envisions a human-centered approach to design and value creation. In addition, the Lean Six Sigma (LSS) methodology has proved successful in enhancing production activities and quality. By integrating LSS into a human-oriented discipline, we can achieve a harmonious blend of more humane processes and a conducive result-driven environment. The Lean concept adopts a people-centric approach, prioritizing the well-being of employees and customers, while emphasizing sustainable development. Concurrently, the Six Sigma philosophy and Industry 5.0 highlight innovation to minimize process variation and attain iterative process improvement. To attain process excellence, we propose a novel sustainable innovation framework (SIF) utilizing inductive and integrative approaches based on LSS methodology and Industry 5.0 technologies. We have developed three Lean 5.0 tools, the RIDEM (Requirements, Initiation, Design, Execution, and Monitoring) approach and LSS 5.0 implementation steps. We have conducted a case study to demonstrate the practical application and outcomes of LSS 5.0 tools. Implementing these tools resulted in a remarkable reduction of over 80% in defective parts per million (DPPM), leading to direct savings of NT$104,000 for the case company. This research contributes significantly through the proposed framework, making the practical concepts more readily implementable within work organizations."
Towards industry 5.0: evolving the product-process matrix in the new paradigm,The Journal of Technology Transfer,,,,10.1007/s10961-023-10053-7,Montserrat Jiménez-PartearroyoAna Medina-LópezDavid Juárez-Varón,2023,https://link.springer.com/article/10.1007/s10961-023-10053-7,Article,"The Hayes-Wheelwright Product-Process Matrix (PPM) has historically been a pivotal tool in manufacturing, guiding firms to strategically align product volume and variety with the most optimal production process. Delving into its developmental journey, this research thoroughly examines the PPM's evolution through the industrial eras. From the outset of Industry 2.0, marked by the adoption of Flexible Manufacturing Systems prioritizing mass customization, to the inception of Industry 4.0, characterized by a seamless integration of digital and physical systems with a pronounced focus on tailored products, the matrix has consistently adapted. The main findings of this work underline the imperative to reconceptualize the PPM within the context of Industry 5.0. Building on this foundation, a new model is here proposed to represent the PPM matrix in the Industry 5.0 environment that incorporates creative and technological innovation and the concept of sustainability. This entails a fusion of cutting-edge technological developments, urgent sustainability considerations, and the unyielding deep human insights. The proposed matrix (PPM 5.0) maps each product to the most suitable production process and guides companies in selecting processes that align with sustainable objectives. Furthermore, it provides a flexible foundation designed to readily adapt to evolving market demands, technological advancements, and emerging trends in manufacturing, offering substantial benefits to practitioners and business owners in their strategic design decisions and technology investments. To achieve these insights, a qualitative methodology is employed, grounded in an exhaustive review of the extant literature, thereby ensuring a holistic and informed perspective on the future trajectory of industrial practices."
Achieving productivity and operator well-being: a dynamic task allocation strategy for collaborative assembly systems in Industry 5.0,The International Journal of Advanced Manufacturing Technology,,,,10.1007/s00170-024-14302-3,Martina CalzavaraMaurizio FaccioIrene GranataAlberto Trevisani,2024,https://link.springer.com/article/10.1007/s00170-024-14302-3,Article,"Collaborative robots, or cobots, offer a unique combination of productivity and flexibility that has led to significant growth in adoption over the past decade. Moreover, recently, there has been a shift towards a human-centered design of the workspace, known as one of the drivers of Industry 5.0, which prioritizes the well-being of operators. To achieve this, various human factors such as ergonomics, mental workload, personal skills, and capabilities need to be considered in the workspace design, and their impact on system productivity must be evaluated. The integration of a human and a cobot in the same workplace can affect the performance of the human operator, as the perception of the cobot can impact their work. This highlights the importance of taking human factors into account, as a lack of consideration in these aspects has contributed to the failure of many implementations. To link the objectives of productivity, flexibility, and human factors consideration, a dynamic real-time multi-objective task allocation strategy for collaborative assembly systems is developed. This approach considers the different characteristics of the resources and optimizes for two objectives, makespan, and energy expenditure of the operator. By using this approach, it is possible to modify the behavior of the cobot by reallocating tasks between the two resources based on the operator’s current needs. In other words, if the operator appears too stressed due to time constraints or their energy rate level is too high, some of their assigned tasks can be transferred to the cobot. This helps to maintain a balanced system while reducing the operator’s stress."
Bridging the Gap: Integrating Generative AI into Engineering Education 5.0 for Industry 5.0,Modern Practices and Trends in Expert Applications and Security,,,,10.1007/978-981-96-5781-0_2,Mitali ChughShreya PanwarKhushi AllawadiSonali Vyas,2025,https://link.springer.com/chapter/10.1007/978-981-96-5781-0_2,Conference paper,"There has been a dramatic shift in the last two decades with regard to the technology shift and a swelling wave of disruptive hardware and software technologies. The advent of Industry 5.0 has impacted our lives, mainly engineering education, significantly. Industry 5.0 emphasizes human importance, sustainability, and modern technologies like artificial intelligence, the Internet of Things, and robots. In this research, we want to explore how Industry 5.0 engineering education might integrate generative AI. The specific objectives are to analyze the feasibility and challenges in integrating generative AI into the curricula of engineering studies and to identify the impact of its implementation on student learning outcomes. To better comprehend the applications by engineering students of generative AI systems, we sent an online questionnaire. The correlations obtained with our results and usage of the generative AI tools on improving understanding concepts of the computer science or engineering discipline also point toward improvements in a complex way; this study provides a proof and possibility in which generative AI can introduce in the understanding of student regarding Industry 5.0 requirements and discusses further on how the future may be regarding the engineering educations."
Industry 5.0. Digital Twins in the Process Industry. A Bibliometric Analysis,"Cloud Computing, Big Data and Emerging Topics",,,,10.1007/978-3-031-70807-7_7,Federico Walas MateoArmando De Giusti,2025,https://link.springer.com/chapter/10.1007/978-3-031-70807-7_7,Conference paper,"In the context of industrial digitalization, the Industry 5.0 model incorporates digital twins as an innovative tool. This study aims to delve deeper into the concept of digital twins, their integration with the Industrial Internet of Things (IIoT), and how these solutions contribute to bring intelligence into industrial environments.
Digitalization in industry enables connected products and processes to enhance the productivity and efficiency of people, plants, and equipment. The outcomes of these improvements should have widespread impacts on both the economy and the environment. As connected products and processes generate data, this data is increasingly viewed as a fundamental source of competitive advantage, posing new challenges in industrial environments.
The article examines digital twin technology, its integration with IIoT and the intelligence of this devices in the Industry 5.0 or smart manufacturing framework. The focus lies on discussing about the contribution of digital twins for optimizing industrial processes.
The paper reviews relevant articles and conducts a bibliometric analysis of key topics surrounding digital twins as a value-added solution for process optimization within the Industry 5.0 paradigm. The primary findings highlight the growing significance of this subject since 2018, as evidenced by the number of published articles in the Scopus Database. Additionally, the study underscores the complexity of digital twins addressing this issue within the industrial environment."
Transforming Malaysia’s Textile Industry: Sustainable Manufacturing in the Industry 5.0 Era,Green Manufacturing Technologies in Industry 5.0,,,,10.1007/978-981-95-0363-6_2,Kesavan NallaluthanArsalan Mujahid GhouriNorhisham SeyajahRevathi Gopal,2025,https://link.springer.com/chapter/10.1007/978-981-95-0363-6_2,Chapter,"The textile sector is currently transforming. This shift has resulted from Industry 5.0 with the fourth Industrial Revolution. The Malaysian textile business has notably strengthened. This research explores how Industry 5.0 technologies, for instance, artificial intelligence (AI), robotics, and the Internet of Things (IoT) can benefit the textile sector. It studies how Industry 5.0 innovations and sustainable strategies are interwoven. The practices feature life cycle analysis along with circular design. This industry has received criticism for high resource consumption together with waste creation. This has negative environmental implications. Life cycle evaluation (LCA) has been useful. Life cycle evaluation assesses environmental effects across raw material acquisition toward product reprocessing. This assists in the reduction of ecological hazards and further aligns directly with Industry 5.0’s focus on data gathering plus data analysis. This information helps in asset management and overall planning processes. Eco-friendly design has been similarly critical. Environment design involves making goods produced with much less waste. This also shows reducing resource use plus making items that can be reused. Further, it focuses on correct waste disposal methods. Information services, finance, utilities, education, and healthcare are the five industries of the Industrial Society II based on the use of AI design tools. With the use of this tool, products are made to be more durable and recyclable, which increases the likelihood that they will benefit the human population by extending the lifespan of labor and enabling workers to take part in production processes in a sustainable environment. Because it promotes personal growth and job satisfaction, this also reduces waste and resource consumption. The circular economy, which was first proposed in the 1990s, is another important idea in guaranteeing sustainability. By including reader suggestions on how Malaysian textile companies can implement strategies like re-manufacturing, biodegradable materials, and recycled materials, the research’s sustainability can be improved. The system’s adoption of Industrial 5.0 technologies, which include improved goods tracking, sorting, and the advancement of recyclable materials, makes it possible. It offers industry examples and empirical data to illustrate how to incorporate sustainability into Industry 5. According to the findings, the government and industry must acknowledge some issues and that they are environmentally responsible, but they still want to minimize their environmental impact, which entails reducing the effects of the industry sectors in which consumers are also engaged. If this is true, Malaysia’s textile sector has the potential to emerge as a global leader in environmentally friendly production."
Industry 5.0,,,,,10.1007/978-3-031-26232-6,Carolina Feliciana MachadoJoão Paulo Davim,2023,https://link.springer.com/book/10.1007/978-3-031-26232-6,Book,
Industry 4.0. Upsides and Downsides. Towards Industry 5.0,International Conference on Reliable Systems Engineering (ICoRSE) - 2024,,,,10.1007/978-3-031-70670-7_7,Andreea StanciuAurel Mihail ȚîțuOlena HrybiukJosé Machado,2024,https://link.springer.com/chapter/10.1007/978-3-031-70670-7_7,Conference paper,"The current paper intends to be a comprehensive review of literature on Industry 4.0 and to grasp the meaning some scholars associate with the concept of Industry 5.0, while presenting both the positive and the negative aspects brought about by the fourth industrial revolution. If in most examined references the positive aspects of Industry 4.0 and its good impact on society prevail, the novelty of the current review will have an important role in terms of discussing its downsides too, the points that need improving, as well as the trends identified in recent literature. Thus, the current review will aim at shedding light on the concept of Industry 4.0 from a complex perspective and analyzing how the current directions will eventually lead to its transformation into a new concept and reality, called Industry 5.0."
Green Manufacturing Technologies in Industry 5.0,,,,,10.1007/978-981-95-0363-6,Mani VenkateshSrimantoorao S. AppadooMustafa Rehman Khan,2025,https://link.springer.com/book/10.1007/978-981-95-0363-6,Book,
Integration of Photonics and Optoelectronics in Industry 5.0,Photonics and Optoelectronics in Industry 5.0,,,,10.1007/978-981-96-7594-4_4,Soumya RaiChhaya Ravi KantRanjana Jha,2025,https://link.springer.com/chapter/10.1007/978-981-96-7594-4_4,Chapter,"The chapter emphasizes the significance of photonics and optoelectronics for enabling Industry 5.0, a new era when cutting-edge technologies are seamlessly coupled with human-oriented ways in all sorts of industrial processes. Photonics, the science of using light to move information and other objects in ways similar to how electricity is used electronically, along with optoelectronics or electronics combined with optical functionality is transforming multiple industrial fields. Discussing high-tech use cases, it covers their application in smart manufacturing to improve accuracy and time to market; advanced communication systems to increase data speed at reduced costs as well examples of cutting-edge R&D concerning optoelectronic sensors for next-generation sensor web-based process systems. The chapter also discusses synergies between photonics, artificial intelligence, and the Internet of Things enabling intelligent and adaptive industrial systems. This integration will allow Industry 5.0 to design industrial environments that are both smarter, and more sustainable as well as human-friendly. This chapter presents an all-inclusive account of the recent progressions, obstacles, and prospective landscapes in photonics and optoelectronics conforming to their disruptive influence on industrial arena."
Fostering AI-Human Collaboration in Industry 5.0 Manufacturing,"Proceedings of the 22nd Congress of the International Ergonomics Association, Volume 2",,,,10.1007/978-981-96-8908-8_69,Ali KarevanSylvie Nadeau,2025,https://link.springer.com/chapter/10.1007/978-981-96-8908-8_69,Conference paper,"In the transition to Industry 5.0, the integration of artificial intelligence with human-centric principles emerges as a pivotal strategy to enhance manufacturing efficiency and safety while minimizing human errors. This paper explores the symbiotic relationship between AI and human workers, leveraging wearable technology and real-time data collaboration to foster a harmonious environment. By analyzing existing literature and employing a methodology rooted in Industry 5.0 values, this study investigates how AI-driven systems can mitigate human errors without displacing human involvement. Results show that the use of an AI-powered model, utilizing machine learning algorithms to detect anomalies and proactively address risks, is promising to augment operational efficiencies. Moreover, the study extends existing research by incorporating a novel approach that combines STPA-PSO modeling with machine learning, resulting in a dynamic system capable of continuous improvement. Discussion emphasizes the collaborative nature of AI, empowering human workers with intelligent tools while preserving creativity and enhancing working conditions. Ultimately, this research underscores the imperative for AI deployment to align with human-centric principles, fostering a synergistic relationship that propels manufacturing practices towards safer and more efficient outcomes in the Industry 5.0 era."
Analysing Industry 5.0 in Logistics: A Bibliometric Perspective,"Integrating Artificial Intelligence, Security for Environmental and Business Sustainability",,,,10.1007/978-3-031-91424-9_71,Asbah RazaliRoslizawati Binti Che AzizSilllalee S. KandasamyRavindaran MarayaRosya Izyanie ShamshudeenNur Azah RazaliSiti Afiqah Zainuddin,2025,https://link.springer.com/chapter/10.1007/978-3-031-91424-9_71,Chapter,"Industry 4.0 has brought digitalization, automation, and connectivity, ushering in a revolutionary era in production and logistics. Industry 5.0 is a paradigm that has arisen because of ongoing technological breakthroughs that emphasize human–machine collaboration and interaction. This paper conducts a bibliometric approach to examine the research environment surrounding Industry 5.0 in the context of logistics. A wide range of academic publications are methodically examined in the bibliometric analysis process to spot trends, essential subjects, and ground-breaking studies. This study analyses the intellectual structure of Industry 5.0 in logistics by using sophisticated data-mining tools to uncover influential research clusters, prolific authors, and crucial papers. The results show how research has progressed, emphasizing how important ideas have changed and how academics and business interact. The report also clarifies new interdisciplinary links, approaches, and technologies influencing the conversation about logistics Industry 5.0. The paper aims to give researchers, practitioners, and policymakers a thorough grasp of the present state of knowledge through this bibliometric analysis, enabling them to make well-informed decisions. This study adds to the current conversation about Industry 5.0, which is becoming increasingly popular, by providing an understanding of the research environment, encouraging cooperation, and suggesting future directions for exploration in the exciting field of Industry 5.0 and logistics."
Technological Innovation in Industry 4.0 and 5.0 Revolution,Circular Economy and Technological Innovation,,,,10.1007/978-981-96-5650-9_2,Hina ZafarBader Unnisa MehdiAdnan Ahmed SheikhNoor E Sahar,2025,https://link.springer.com/chapter/10.1007/978-981-96-5650-9_2,Chapter,"This chapter discusses the relationship between technological innovation and the principles of the circular economy, highlighting its role in addressing global challenges and advancing sustainable development. It elaborates on how Industry 4.0, with its focus on automation, digitalization, and data-driven processes, and Industry 5.0, with its innovation-centric and human-centered transformation drive the world toward a shift from linear to circular economic models. These models prioritize waste reduction and resource optimization, facilitated by transparent supply chains enabled through smart technologies such as artificial intelligence (AI), blockchain, and the Internet of Things (IoT). It also refers to how it can be applied with circular economy sustainable production in conjunction with steps that could provide extra length of life to the product life cycles and lives of the products to neutralize the adverse impacts on the environment. This chapter explores the possibility of combining technological advancement with the principles of circular economy to overcome issues related to global environmental concerns. It is more generally predicated on the transformation of traditional linear forms of the economy into increasingly circular forms by transformative impacts from Industry 4.0 technologies through to those from Industry 5.0. This discussion critically examines technologies like blockchain, IoT, and AI to determine whether they reduce waste, improve resource efficiency, and enhance supply chain visibility. Various research studies have been conducted implementing such resources in harmony with principles based on the circular economy regarding sustainable production, prolonged lifetime of the products, and least damaging environmental effects."
Introduction to Photonics and Optoelectronics in Industry 5.0,Photonics and Optoelectronics in Industry 5.0,,,,10.1007/978-981-96-7594-4_2,Amit DasPreeti GoyalSwati SharmaR. S. Gupta,2025,https://link.springer.com/chapter/10.1007/978-981-96-7594-4_2,Chapter,"This chapter discusses the pivotal role that photonics and optoelectronics play in advancing modern industry. The integration of human expertise with innovative technologies in Industry 5.0 underscores the significance of photonics and optoelectronics in advancing more efficient and intelligent manufacturing processes. As Industry 5.0 focuses on integrating human intelligence with cutting-edge technology, these fields are instrumental in creating smarter, more efficient manufacturing processes. Photonics and optoelectronics enable precise communication, sensing, and automation, driving innovation in areas such as robotics, smart factories, and sustainable production. Their contributions extend to improving energy efficiency, reducing material waste, and fostering environmentally friendly manufacturing practices. As Industry 5.0 emerges, focusing on the synergistic relationship between human creativity and advanced technologies, photonics and optoelectronics are crucial in fostering smarter and more efficient manufacturing methods. This chapter provides an introduction to these technologies and their applications, highlighting their significance in shaping the future of industrial development and their potential to redefine industry standards in the years ahead."
Design of Human-Machine Collaboration for Industry 5.0,Knowledge Management in Organisations,,,,10.1007/978-3-031-95898-4_13,Zhenfeng LiuLorna UdenVinothini KasinathanJian Feng,2025,https://link.springer.com/chapter/10.1007/978-3-031-95898-4_13,Conference paper,"Industry 5.0, also referred to as the Fifth Industrial Revolution, is much more than technological evolution. It is an emerging concept that builds upon the advancements of Industry 4.0 and recognizes the crucial importance of human interaction in the industrial landscape. Human-machine collaboration is the cornerstone of Industry 5.0, emphasizing a synergistic relationship between human creativity and machine efficiency. This collaboration is essential for achieving personalized production, fostering innovation, and addressing sustainability and ethical concerns. The design of human-machine collaboration in Industry 5.0 requires a theoretical foundation to ensure systems are not only functional but also aligned with human-centric principles. Several theories and frameworks from research can guide the design of human-machine collaboration systems. This paper discusses the various theories that can be used to design human machine collaboration will be discussed with its underpinning theory, uses, advantages and limitations. The paper concludes with discussion about challenges that industry 5.0 face such as ethical AI use, workforce training, Inclusion and Accessibility, sustainability, and cybersecurity that must be addressed to make sure that we enrich human roles rather than diminished by technology."
Digital Twins of Manufacturing Processes Under Industry 5.0,Advances in Artificial Intelligence in Manufacturing II,,,,10.1007/978-3-031-86489-6_1,Alexios PapacharalampopoulosKyriakos SabatakakisOlga Maria KaragianniPanagiotis Stavropoulos,2025,https://link.springer.com/chapter/10.1007/978-3-031-86489-6_1,Conference paper,"Digital Twins of manufacturing processes are expected to boost processes’ performance and efficiency, since they are able to run optimization in real-time and provide feedback and/or control to them . At the same time, their adaptivity allows for uncertainty handling, through specific parameters estimation or addressing the processes in a robust way. However, it is still pending to investigate how the emerging Industry 5.0 and the relevant viewpoints of the involved technologies will affect the operation of the digital twins. To this end, herein, a multifold and systematic analysis is run to see how Industry 5.0 affects the digital twin concept, taking into account human centricity in terms of inclusion and empowerment. Next sustainability and resilience are also studied under the same context. To achieve this, a hypothetical case study of Additive Manufacturing optimization is taken into consideration, as well as the link to other manufacturing functionalities (as jobs), for the sake of completeness."
Exploring Industry 5.0: Key Technologies and Emerging Applications,The Paradigm Shift from a Linear Economy to a Smart Circular Economy,,,,10.1007/978-3-031-87550-2_7,M. ArunaKhaoula Khlie,2025,https://link.springer.com/chapter/10.1007/978-3-031-87550-2_7,Chapter,"Industry 5.0, the next industrial revolution, aims to combine human expertise with efficient machines to create resource-efficient manufacturing solutions. This paper provides an overview of Industry 5.0, discussing potential applications such as intelligent healthcare, cloud manufacturing and supporting technologies like edge computing, digital twins, and blockchain. It also highlights research challenges for the realization of Industry 5.0. This paper presents an initial discussion on Industry 5.0 by a tutorial focused on its potential applications and the supporting technologies associated with it. A comprehensive study has been conducted to gather information from various sources within the manufacturing sector. Furthermore, we underscore several research challenges and unresolved issues that require further exploration to fully realize the objectives of Industry 5.0. The paper aims to define I5.0 through a literature review of enabling technologies, challenges, and opportunities related to the transition from I4.0. The results show growing interest in I5.0 and a strong link with the enabling technologies. The conclusions offer insights into future research trends and managerial implications."
Industry 5.0 and the Future of Supply Chains,The Palgrave Handbook of Supply Chain and Disruptive Technologies,,,,10.1007/978-3-031-90210-9_14,Behzad Behdani,2025,https://link.springer.com/chapter/10.1007/978-3-031-90210-9_14,Chapter,"Using automation and digital technologies, Industry 4.0 has significantly boosted productivity and efficiency in the production and supply chain processes over the last few years. However, despite remarkable economic advantages, excessive automation and digitalization have proven to cause several social-economic issues, such as concerns over replacing human operators and potential environmental challenges. The 5th Industrial Revolution, which is still emerging, aims to tackle these challenges by complementing the existing Industry 4.0 approach and redefining the role and contribution of industry to society. It also aims to re-evaluate how machines and humans can collaborate to create more value in an industrial setting. Grounded on the existing literature on Industry 5.0 and supply chain management, this chapter presents a conceptual framework to guide how supply chain design and operations can be aligned with the aims and requirements of Industry 5.0. This framework defines the primary dimensions and essential pillars of Supply Chain 5.0, as well as key enabling technologies for the transition towards Supply Chain 5.0. The chapter further discusses how this newly emerged concept relates to the existing concepts in the supply chain literature, the potential challenges companies may face, and accordingly, some primary research directions towards tackling those challenges."
Revolutionizing Healthcare Security: Blockchain’s Role in Industry 5.0,Industry 5.0,,,,10.1007/978-3-031-87837-4_14,Gopikanta GarainMd Sakil UddinSwarnendu PalIndranil Sarkar,2025,https://link.springer.com/chapter/10.1007/978-3-031-87837-4_14,Chapter,"Industry 5.0 is an emerging paradigm that builds upon Industry 4.0 technologies to enhance industrial processes with a focus on human-centricity, sustainability, and resilience. Unlike Industry 4.0, which primarily emphasizes automation and cyber-physical systems, Industry 5.0 aims to integrate intelligent systems with human collaboration, enabling customized and efficient production. This transition introduces challenges in secure and trustworthy data sharing across heterogeneous networks and industrial ecosystems. Blockchain technology offers a promising solution by providing decentralized, immutable, and auditable data exchange, enhancing security and trust in Industry 5.0 applications. Despite its potential, research on blockchain’s role in Industry 5.0 remains limited. This chapter explores the evolution from Industry 4.0 to Industry 5.0, highlighting key benefits and challenges of blockchain integration. Additionally, it presents a comprehensive review of blockchain-enabled applications across various industrial sectors, offering an architectural perspective on blockchain adoption in Industry 5.0. By providing insights into blockchain-driven security frameworks and design considerations, this study serves as a valuable resource for researchers, industry professionals, and developers seeking to advance next-generation industrial solutions."
Industry 5.0 Revolutionizing Resource Management: Opportunities and Challenges,Industry 5.0,,,,10.1007/978-3-031-87837-4_8,Aritra GhoshAloha Balza,2025,https://link.springer.com/chapter/10.1007/978-3-031-87837-4_8,Chapter,"The advent of Industry 5.0 marks a turning point in the management of resources in several industries, for instance, the healthcare industry. This paper explores how the principles of industry 5.0 apply to the management of resources in healthcare, focusing on the concept of resource integration, its merits, and its demerits. It is evident that Industry 5.0, by encouraging human-machine cooperation, mass personalization, and concern for the environment, creates opportunities for improved resource utilization, effective management processes, and better healthcare delivery to the patients. This study assesses how advanced technologies such as artificial intelligence, the Internet of Medical Things (IoMT), and blockchain are changing the attention of resource management towards the healthcare sector through systematic literature review and case studies. Achieving those implied benefits of Industry 5.0 in case of Extremes therefore demand addressing a set of issues, including data compatibility, preparedness and training of the workforce, and ethics. Effectively navigating these complexities will require collaboration among policymakers, healthcare professionals, and technology developers to design appropriate regulations, invest in infrastructure, and prepare the workforce. Healthcare organizations that adopt Industry 5.0 principles will position themselves better in terms of innovation, efficiency, and sustainability."
"Edge, Fog, and Cloud Computing in Industry 5.0",Industry 5.0,,,,10.1007/978-3-031-87837-4_1,Asit Kumar PradhanDilip KumarManoj Kumar MishraManoj Kumar Singh,2025,https://link.springer.com/chapter/10.1007/978-3-031-87837-4_1,Chapter,"The fourth industrial revolution focused more on increasing automation and real-time oriented control systems in factories by integrating leading-edge technologies lessening human interference. Whereas fifth industry revolution, commonly known as Industry 5.0 is the succeeding stage of industrial revolution, emphasizing human technology along with cutting-edge technologies generate highly customized and environmentally friendly production processes. Industry 5.0 indicates that human working along with robots and smart devices by leveraging cutting-edge technologies like the robotics, Internet of Things (IoT), big data, and AI. Computing paradigms like edge, fog, and cloud computing are essential to Industry 5.0’s success and implementation. Industrial automation requires the ability of data exchange, data processing, data analytics, and decision-making. Edge, fog, and cloud computing along with IoT and Artificial Intelligence (AI) technologies provide high-performance computing power to achieve this goal. Edge computing allows Industry 5.0 to access and share information about their industries through standard hardware and software resources at network’s edge. The intermediary computing paradigm like fog computing brings networking, stowing, and processing more rapidly to the data source by providing a decentralized computing infrastructure which enlarges the possibilities of cloud computing to the network’s edge. The combination of these above computing paradigms is made possible by cloud computing, resulting in a full ecosystem that improves productivity, creativity, and human-centered operations. This chapter provides a brief idea on the architecture, characteristics, use cases, current state of the art and challenges of edge, fog, and cloud computing in Industry 5.0."
Photonics and Optoelectronics in Industry 5.0,Advances in Optics and Optoelectronics,,,,10.1007/978-981-96-7594-4,Vanita BhardwajSonal KhuranaRekha Bhardwaj,2025,https://link.springer.com/book/10.1007/978-981-96-7594-4,Book,
Green Industries and Smart Societies: Exploring the Convergence of Industry 5.0 and Society 5.0,Technological Evolution,,,,10.1007/978-3-031-85814-7_6,Karambir Singh DhayalArun Kumar Giri,2025,https://link.springer.com/chapter/10.1007/978-3-031-85814-7_6,Chapter,"This study delves into the convergence of Industry 5.0 and Society 5.0, exploring their combined potential for fostering sustainability and resilience in future endeavours. Through an examination of the intertwined dynamics of technological evolution, Industry 5.0 transitions and the Society 5.0 paradigm, this study highlights their integral role in sustainable development. It emphasises the importance of a human-centric approach in promoting innovation and addressing contemporary societal challenges. Policymakers are presented with an opportunity to leverage ongoing technological advancements to align economic growth, societal welfare and environmental sustainability. Furthermore, the study outlines existing challenges and proposes a future research agenda to advance understanding in this domain. By harnessing technological progress, societies can forge a path towards a future characterised by balanced economic prosperity, enhanced social well-being and responsible environmental stewardship."
Can Industry 5.0 Develop a Resilient Supply Chain? An Integrated Decision-Making Approach by Analyzing I5.0 CSFs,Information Systems Frontiers,,,,10.1007/s10796-024-10486-x,Rahul SindhwaniAbhishek BehlRamandeep SinghSushma Kumari,2024,https://link.springer.com/article/10.1007/s10796-024-10486-x,Article,"Advances in science and technology act as the gatekeepers of a sustainable future where a stable environment helps generate the power for innovation. Supply chains are the messengers of this euphoric future. However, when the messengers and the gatekeepers are not in sync, the flow of information is bound to stop and bring about a chaotic turn of events, the repercussions of which can be felt through the years. The same was the case with the COVID-19 pandemic, where the lack of man–machine collaboration in Industry 4.0 and the inability of firms to advance their supply chains technologically left them exposed and vulnerable to the disruptions created by the pandemic. It was an eye-opener for companies worldwide as the supply chains collapsed and production reached a standstill. Thus, a stance arises to re-evaluate the resilience capabilities of the supply chains and rethink the priorities for achieving sustainable and resilient supply chain practices. We also suggest injecting industry 5.0 technologies to meet the re-assessed priorities. For this, we have identified the criteria and CSFs of supply chain resilience using the PRISMA 2020 statement and subsequently analyzed them using PF-AHP (for finding criteria weights), m-TISM (to interpret the interrelationships of the CSFs), PF-CoCoSo (to rank the CSFs) and sensitivity analysis (to check the robustness). The results suggest cost-effectiveness as the top weighted criteria and disruption awareness as the highest priority CSF for achieving supply chain resilience."
The Confluence of Digital Twin and Blockchan Technologies in Industry 5.0: Transforming Supply Chain Management for Innovation and Sustainability,Journal of the Knowledge Economy,,,,10.1007/s13132-024-02151-0,Zhen ZhenYanqing Yao,2024,https://link.springer.com/article/10.1007/s13132-024-02151-0,Article,"In the era of Industry 5.0, characterized by the seamless collaboration between humans and machines, the integration of digital twin technology (DTT) and blockchain technology (BCT) is poised to revolutionize supply chain management. This research explores the impact of DTT and BCT on achieving sustainable and efficient supply chain operations. Digital twins, virtual replicas of physical systems, enable real-time analysis and simulations, enhancing decision-making and operational efficiency. Simultaneously, blockchain technology ensures transparency and security in supply chains by maintaining unchangeable transaction records. This paper delves into the advantages and challenges presented by these technologies, examining real-world case studies across various industries. The study reveals that the combination of DTT and BCT creates a symbiotic relationship, driving continuous monitoring and validation of supply chain processes. This integration aligns with global sustainability goals, emphasizing resource optimization and waste reduction. However, data privacy, scalability, and interoperability remain significant barriers. A comprehensive approach is advocated to overcome these challenges, emphasizing ethical and environmental norms. Furthermore, this research offers insights into the mediating role of sustainable supply chain management (SSCM) practices and dynamic capabilities in the relationship between Industry 5.0 technologies and operational resource utilization (ORU) performance. It highlights the need for a sophisticated strategy in implementing technology adoption initiatives. This study contributes to theoretical advancements in Industry 5.0 by elucidating the complex interactions between DTT, BCT, and SSCM, paving the way for future research. Additionally, it provides valuable policy implications, guiding policymakers to prioritize innovation, transparency, and sustainability in the industrial sector. Integrating DTT and BCT can reshape supply chain dynamics, fostering a future marked by efficiency, innovation, and environmental responsibility."
Industry 5.0: Aspects of Collaboration Technologies,Flexible Automation and Intelligent Manufacturing: Establishing Bridges for More Sustainable Manufacturing Systems,,,,10.1007/978-3-031-38165-2_71,Yevhen PalazhchenkoVira ShendrykVitalii IvanovMichal Hatala,2024,https://link.springer.com/chapter/10.1007/978-3-031-38165-2_71,Conference paper,"Technological developments and methodologies for manufacturing processes have changed the understanding and use of technology and the paradigm of human-machine interaction. Industry 4.0 has exacerbated the problems of human-machine interaction, especially in terms of interaction between humans and robots. The concept of Industry 5.0 overcomes the challenges of human-robot interaction by focusing on improving the usability, ergonomics, and accessibility of the machine, considering human needs. The article analyzes current trends in the development of collaboration technologies that can bridge the gap in understanding between humans and robots. The interaction of man and robots is considered from different points of view, which makes it possible to identify the main aspects of such interactions, problems, and possible benefits. The relationship between interaction problems, aspects of perception, and possible technologies that allow successful cooperation is also revealed. It was revealed that the key technologies in this direction are implementing artificial intelligence, machine learning, and digital twins. At the same time, there remain problems in interaction, such as ethical problems, which cannot be solved only through the development of technologies."
Sustainable Operations Management Towards Industry 5.0,Proceedings of the 17th International Conference on Industrial Engineering and Industrial Management (ICIEIM) – XXVII Congreso de Ingeniería de Organización (CIO2023),,,,10.1007/978-3-031-57996-7_42,Blanca GuerreroJosefa MulaRaúl Poler,2024,https://link.springer.com/chapter/10.1007/978-3-031-57996-7_42,Conference paper,"Industry 4.0 (I4.0) has enabled a high development potential in the optimisation of production planning and control problems. This article is a preliminary analysis of the existing scientific literature on planning and management problems, specifically in the production, operations and scheduling areas. This review delves into sustainability concepts and perspectives towards Industry 5.0 (I5.0) that appear in the existing literature. A classification of the reviewed articles is presented. It is based on the following concepts: research methodology, modelling approach, lean approach and resolution approach, problem type and subtype, and I5.0 and sustainability integration into the literature. Finally, the main research gaps, challenges and trends for future research are identified."
Cognitive intelligent task allocation for human-automation symbiosis in Industry 5.0 manufacturing systems via non-cooperative game theory: a bi-level optimization approach,The International Journal of Advanced Manufacturing Technology,,,,10.1007/s00170-024-14890-0,Shu WangRoger J. Jiao,2025,https://link.springer.com/article/10.1007/s00170-024-14890-0,Article,"Task allocation aims to assign manufacturing tasks to human operators and automation agents to optimize human-automation collaboration. Unlike conventional approaches that focus solely on production performance, this study identifies cognitive intelligence as a crucial aspect of human-automation task allocation. This involves modeling human cognition, which is characterized by cognitive states and human trust, to evaluate team cognitive performance. Cognitive states represent the operator’s cognitive load and attention, while human trust indicates the operator’s confidence in different levels of automation. To balance the optimization of production performance and team cognitive performance, the task allocation problem is formulated as a non-cooperative game—the Stackelberg game, where the leader optimizes production performance, and the follower optimizes team cognitive performance. The non-cooperative game implies how symbiosis is achieved in a human-automation team through optimizing different team performance measures. This formulation is essentially a bi-level optimization problem. To solve it, a Multi-Environment Genetic Algorithm is proposed. Finally, a case study of medical tube assembly task allocation is presented to validate the feasibility and effectiveness of the algorithm."
Industry 5.0: From Digitisation to Digitalisation,HRM 5.0,,,,10.1007/978-3-031-58912-6_1,Toyin Ajibade Adisa,2024,https://link.springer.com/chapter/10.1007/978-3-031-58912-6_1,Chapter,"Human resource management has undergone series of changes from right from the first industrial revolution to the current fifth industrial revolution. The Industry 5.0 is thus characterised by sophisticated technology, which has affected work, workers, workplace, and human resource management. Technology has now pervaded workers lives such that it has become an important aspect of work and life. The purpose of this chapter (and by extension, this book) is to examine the transformation of human resource management from digitisation to digitalisation and the impact thereof."
RETRACTED ARTICLE: Energy efficient IRS assisted 6G network for Industry 5.0,Scientific Reports,,,,10.1038/s41598-023-39974-x,Ashu TanejaShalli RaniSaleem RazaAmar JainShebnam M. Sefat,2023,https://link.springer.com/article/10.1038/s41598-023-39974-x,Article,"The real world applications are more prone to difficulties of challenges due to fast growth of technologies and inclusion of artificial intelligence (AI) based logical solutions. The massive internet-of-things (IoT) devices are involved in number of Industry 5.0 applications like smart healthcare, smart manufacturing, smart agriculture, smart transportation. Advanced wireless techniques, customization of services and different technologies are experiencing a major transformation. The desire to increase the communication reliability without adding energy overhead is the major challenge for massive IoT enabled networks. To cope up with the above challenges, Industry 5.0 requirements needs to be monitored at the remote level which again adds on the communication challenge. Use of relays in 6G based wireless networks is denied due to high requirement of energy. Therefore in this paper, Intelligent reflecting surfaces (IRSs) assisted energy constrained 6G wireless networks are studied. To provide seamless connection between the communicating mobile nodes, IRS with an array of reflecting elements are configured in the system set up. A use-case scenario of IRS enabled network in Internet-of-Underwater things (IoUT) for smart ocean transportation is also provided. The IRS assisted wireless network is evaluated for target rates achieved. A power consumption model of the IRS supported system is also proposed to optimise the energy efficiency of the system. Further, the paper evaluates the impact of number of reflecting elements N on the IRS and the phase resolution b of each element on the system performance. The energy efficiency improves by 20% for IRS with \(N=100\) with \(b=2\) over IRS with \(b=1\)."
"Towards Industry 5.0 Challenges for The Textile and Apparel Supply Chain for The Smart, Sustainable, and Collaborative Industry in Emerging Economies",Information Systems Frontiers,,,,10.1007/s10796-023-10430-5,Yigit KazancogluSachin Kumar ManglaYalcin BerberogluCisem LafciJitender Madaan,2023,https://link.springer.com/article/10.1007/s10796-023-10430-5,Article,"Industrial revolutions often seek to strengthen the separation of human and machine labor by going one step further, toward automation and digitalization, and the transfer of tough and dangerous occupations to robots. As it strives to include robots in people's daily activities and work, the introduction of concepts such as I5.0 is a step forward in enhancing human-machine interaction and provides some possibilities and challenges for firms. Therefore, this article mainly focuses on studying and concretely examining the challenges faced by businesses transitioning from I4.0 to I5.0 by providing case examples from the textile and apparel supply chain. After a detailed review of the current literature related to the I5.0 challenges, the I5.0 challenges were listed in general. Then, the fuzzy Decision-making trial and evaluation laboratory approach has adopted into the challenges to reveal causal interactions between them thus, prioritizing the substantial challenges to be focused on to influence the entire textile and apparel supply chain."
Relationship Quality in Customer-service Robot Interactions in Industry 5.0: An Analysis of Value Recipes,Information Systems Frontiers,,,,10.1007/s10796-023-10445-y,Sanjit K. RoyGaganpreet SinghRichard L. GrunerBidit L. DeySaadia ShabnamSyed Sardar MuhammadMohammed Quaddus,2023,https://link.springer.com/article/10.1007/s10796-023-10445-y,Article,"The paper studies the interactions between customers and robots within the framework of Industry 5.0-driven services. Prior studies have explored several factors contributing to the quality of these interactions, with perceived value being a crucial aspect. This study uses value recipes, which refer to specific configurations of how different benefits and costs are weighed up/evaluated, as a theoretical framework to investigate the quality of relationships between customers and service robots. The study aims to shed light on the complex interplay between different value dimensions that shape customers' relationships with robots. To achieve this goal, the authors analyze what value configurations facilitate or impede high-quality relationships between customers and service robots. Fuzzy set qualitative comparative analysis (fsQCA) was used to analyze data from 326 consumers. The data reveal that value recipes comprising positive values (such as relational benefit, novelty, control, personalization, excellence, and convenience) and negative values (about privacy and effort) prove highly effective in augmenting relationship quality. Results also underscore those negative values either in isolation or in conjunction with positive values, do not impede relationship quality. The theoretical contribution of this study lies in presenting new insights into relationship dynamics between customers and service robots in an Industry 5.0 value-driven context. From a practical standpoint, the findings suggest guidelines for successfully infusing the retail landscape with more intelligent service robots."
Implementing Photonics in Advanced Manufacturing Techniques for Industry 5.0,Photonics and Optoelectronics in Industry 5.0,,,,10.1007/978-981-96-7594-4_5,Jyoti Katyal,2025,https://link.springer.com/chapter/10.1007/978-981-96-7594-4_5,Chapter,"Photonics technology is key in numerous industrial operations which have merged to foster quicker, more accurate, and efficient manufacturing processes across various sectors. Photonics involves the manipulation, generation, and detection of both light and its properties which can result in significant improvements when leveraged in manufacturing. The paper explores how photonics is used in advanced manufacturing techniques, highlighting its important role in building Industry 5.0. High-speed optical communication networks, photonic sensors, and advanced laser technologies enable manufacturers to create interconnected and flexible production environments. This integration drives innovation, stimulates human–machine collaboration, and supports sustainability initiatives, all of which help accelerate the transition to a more intelligent and adaptable manufacturing environment that aligns with the goals of Industry 5.0."
Green Manufacturing in Industry 5.0: Towards Sustainable Industrial Transformation,Green Manufacturing Technologies in Industry 5.0,,,,10.1007/978-981-95-0363-6_1,Syed Danish Bukhari,2025,https://link.springer.com/chapter/10.1007/978-981-95-0363-6_1,Chapter,"As awareness about environmental sustainability has grown, countries from all over the world have begun to adopt green manufacturing technology in their production techniques. Industry 5.0 is assisting the reengineering of industrial processes with the aid of the integration of robotics, IoT, and AI. This chapter explores the diverse ways through which green manufacturing technologies can augment Industry 5.0 and ensure the sustenance of the environment. One advantage that may be claimed of Industry 5.0 is the ability of overseeing and managing industrial activities using a number of technologies that may help in conserving energy and waste. These industrial technologies are causing more transparency as far as the production and consumption processes are concerned. Industry 5.0 has made it easier to optimize the use of resources along with recycling. New technology consumed in using fewer resources gives an opportunity to understand the trash in a more intelligent way through this digital revolution. Technological breakthroughs and green production practices can help companies achieve a more sustainable future. However, the success of transforming lies in the effort of companies to overcome the challenges and include environmental concerns within their business planning."
Correction: Relationship Quality in Customer-service Robot Interactions in Industry 5.0: An Analysis of Value Recipes,Information Systems Frontiers,,,,10.1007/s10796-023-10461-y,Sanjit K. RoyGaganpreet SinghRichard L. GrunerBidit L. DeySaadia ShabnamSyed Sardar MuhammadMohammed Quaddus,2023,https://link.springer.com/article/10.1007/s10796-023-10461-y,Article,Correction to: Information Systems Frontiers
Human–Machine Synchronization for Smart Manufacturing Towards Industry 5.0,Human-Centric Smart Manufacturing Towards Industry 5.0,,,,10.1007/978-3-031-82170-7_15,Shiquan LingBaicun WangYiming RongGeorge Q. Huang,2025,https://link.springer.com/chapter/10.1007/978-3-031-82170-7_15,Chapter,"Human–machine systems (HMS) represent symbiotic systems that harness the strengths of machines and humans to perform diverse activities or tasks. The evolution of HMS within the manufacturing landscape has undergone significant transformations along with industrial revolutions. This paper traces this historical evolution through five industrial revolutions and pivotal milestones, aiming to explore paradigm shifts in HMS. The resultant concept of human–machine synchronization (HMSync) is outlined and concretized in line with the Industry 5.0 (I5.0) initiative, that is, to put human well-being at the center of the production process and ultimately achieve human-centric smart manufacturing in the future. In order to realize HMSync, a real-time data-driven hyper objects orchestrating reference architecture for HMSync (RHYTHMS) is introduced. The impact of HMSync on manufacturing transformation and the resulting benefits are substantiated by representative research findings and manufacturing practices. Finally, this paper concludes with a comprehensive summary and outlines prospects for future research endeavors."
Navigating Cybersecurity in Industry 5.0: From Risks to Solutions,Industry 5.0,,,,10.1007/978-3-031-87837-4_10,Usha KiranSahiba Suryawanshi,2025,https://link.springer.com/chapter/10.1007/978-3-031-87837-4_10,Chapter,"Industry 5.0 signifies a paradigm shift in industrial practices by integrating human creativity and advanced technologies such as AI, robotics, and IoT to foster sustainable and personalized manufacturing processes. This chapter delves into the critical role of cybersecurity within this new industrial era, highlighting the vulnerabilities introduced by increased interconnectivity and human-machine collaboration. Key solutions such as Zero Trust Architecture, AI-driven threat detection, blockchain for data integrity, and quantum-resistant cryptography are explored, alongside human-centric security measures and training. By addressing emerging security challenges and proposing innovative strategies, this study underscores the importance of a robust and adaptive security framework to support the dynamic and interconnected nature of Industry 5.0."
Challenges and Opportunities in Photonics Integration for Industry 5.0,Photonics and Optoelectronics in Industry 5.0,,,,10.1007/978-981-96-7594-4_10,Tamanna JindalSukhvir SinghRanjana Jha,2025,https://link.springer.com/chapter/10.1007/978-981-96-7594-4_10,Chapter,"Industry 5.0 marks a new epoch of humanitarian, intelligent automation, where the unified integration of modern technologies, including photonics, is key to revealing advanced industrial aptitudes. Photonics, which permits the transmission and manipulation of light, offers transformative assistances for industries, including earlier data communication, high accuracy sensing, and energy-effectual operations. The route to integrating photonics within the Industry 5.0 framework is fraught with challenges. These embrace complex technical barriers such as thermal management, photonic-electronic integration, scalability matters in material limitations, and the need for greater standardization. Moreover, a lack of skilled labor and expertise in photonic technologies hampers widespread adoption. Progressions in photonics are lashing innovation in key Industry 5.0 areas, from autonomous systems and virtual reality, to real-time monitoring in smart manufacturing and energy-competent telecommunications. Developing technologies such as quantum photonics, AI-improved optical systems, and flexible photonic devices are poised to reshape industries by enhancing human–machine collaboration and promoting sustainability. The chapter delves both the challenges and possibilities of photonics integration, even insights into ongoing research and the strategic importance of potential of photonics in shaping Industry 5.0."
Fashion and Textile Industry 5.0: Is It Already Here?,Advances in Fashion and Design Research III,,,,10.1007/978-3-031-83185-0_41,Fernando Moreira da Silva,2025,https://link.springer.com/chapter/10.1007/978-3-031-83185-0_41,Conference paper,"This article addresses the use of Industry 4.0 and Industry 5.0 in the textile and clothing industry, as part of an ongoing Research Project on the subject. Artificial Intelligence (AI) is increasingly a reality in Industry 4.0 where there is a predominance of the Smart concept. This intelligence is transferred from humans to things, helped by multiple tools which demonstrate great potential for dealing with the new challenges imposed on textile and fashion companies. However, it appears that, despite the emergence of technological innovations that could revolutionize the entire value chain of the Fashion Industry, it is still far from adopting them. The research methodology used was based on a Literature Review through basic research with theoretical foundations, with a qualitative and descriptive approach, and a Survey by interview with designers that work in the textile or fashion industry, in Portugal. The preliminary results show a great lack of knowledge of the objectives and pillars of Industry 4.0, with many companies still taking their first steps. Regarding the introduction of the pillars of Industry 5.0 complementing Industry 4.0, with a greater focus on human beings and their articulation with machines, the situation is still in an embryonic state."
Industry 5.0: Pioneering Sustainable Manufacturing in the Green Economy,Sustainable Economy Models in the Age of Industry 5.0,,,,10.1007/978-981-96-4104-8_2,Richa GoelRupa KhannaChitra KrishnanRakesh Kumar,2025,https://link.springer.com/chapter/10.1007/978-981-96-4104-8_2,Chapter,"This chapter explores the integration of Industry 5.0 and the green economy in promoting sustainable manufacturing practices. Industry 5.0 takes the concepts of Industry 4.0 a step further through more emphasis on AI, robotics, and IoT integration with the human brain to increase efficiency while putting more emphasis on utilizing resources efficiently. By focusing on collaborative technologies, human–robot relations, and the sustainable business models of circular economy for waste minimization and energy conservation, as well as sustainable product development. This chapter has also used Tesla, Siemens, and Unilever examples to demonstrate how Industry 5.0 technologies support sustainable manufacturing and sustainability goals at large. As industries evolve, the synergy between technological advancements and sustainability will be vital for fostering resilient and green production systems. The chapter calls on industry leaders, policymakers, and innovators to embrace Industry 5.0 as a pathway to achieving sustainable development in manufacturing."
Scheduling in the Industry 5.0 Environment: A Bibliometric Analysis,Intelligent and Fuzzy Systems,,,,10.1007/978-3-031-97985-9_86,Ramazan BaşarOrhan Engin,2025,https://link.springer.com/chapter/10.1007/978-3-031-97985-9_86,Conference paper,"The results of the bibliographic analysis evaluate the development of a field by examining publications, citations, and other metrics in the scientific literature. By bringing together the results of the analysis, trends in the literature, important figures, and the general development of the field can be understood. In this research, all scheduling studies in the Industry 5.0 environment that contained the words “Industry 5.0” and “scheduling” in the study title, abstract, and keywords were scanned using the Web of Science database. This database has a large corpus of data. As a result of the screening, a total of 62 studies were subjected to bibliometric analysis. The bibliometric package in the RStudio program was used for data analysis. As a result of the bibliometric analysis, various analyzes were performed according to year, author, keyword, source of publication, number of citations, institutions, and countries of publication, and the current situation related to academic writing was examined. According to the results obtained, industry 5.0-based scheduling studies are a very new topic that started to be studied in 2019 and has an annual growth rate of 25.99%."
Advancements and Enhancements in the Era of Industry 5.0,Building a Human-Centred Infrastructure for Sustainable Industry 5.0 in Asia,,,,10.1007/978-981-95-0417-6_1,Neeraj Kumar SharmaSushil Kumar MauryaSandeep Sharma,2025,https://link.springer.com/chapter/10.1007/978-981-95-0417-6_1,Chapter,"As technology continues to reshape industries, the shift from Industry 4.0 to Industry 5.0 brings a new focus: putting people back at the center of innovation. While Industry 4.0 introduced powerful tools like artificial intelligence, automation, and big data to improve efficiency and productivity, it also raised concerns about job displacement, complex integration, and data security. Industry 5.0 builds on these advances, but with a stronger emphasis on collaboration between humans and machines. It promotes systems that are not only smart but also supportive of human creativity, safety, and sustainability. This paper explores how Industry 5.0 can address the key challenges left behind by Industry 4.0. It looks at new solutions such as personalized manufacturing, predictive maintenance, and the use of collaborative robots (COBOTs), which are designed to work alongside people—not replace them. By examining these developments, especially in the context of rapidly changing economies like those in the Asia–Pacific region, this research aims to offer insights into creating a future where innovation benefits both industry and society as a whole."
Data Analytics in Industry 5.0: Transforming Processes with Insights,Industry 5.0,,,,10.1007/978-3-031-87837-4_5,Shreeraj MummidivarapuAbhishek HazraBheemappa Halavar,2025,https://link.springer.com/chapter/10.1007/978-3-031-87837-4_5,Chapter,"With the arrival of Industry 5.0, it leapt into the industrial paradigms that were constructed from the groundwork laid down by Industry 4.0. New concepts have been introduced that redefine human-machine-data relations. This chapter elaborates on advanced data analytics, one of the enablers and drivers for Industry 5.0, and further discusses how intelligent, data-driven insight changes industrial processes. The chapter also addresses reinforcement learning applied to industrial optimization, emphasizing robotic process automation and the optimization of complex industrial processes.
The chapter begins by defining Industry 5.0 and its unmistakable features, pointing out that it creates a symbiotic relationship whereby human creativity is combined with machine efficiency. It goes on to trace how the industry handled data from a mere collection in the early days to sophisticated analytics in Industry 4.0 and, finally, the level of integration possible in Industry 5.0. This is now the era of Information Technology (IT) and Operational Technology (OT) integration, which enables degrees of integration and analysis that have been previously unattainable. The chapter provides detailed coverage of different types of data analytics central to Industry 5.0. These range from the descriptive ones that give insight into past events to more advanced forms of predictive, prescriptive, and cognitive analytics. Real-time analytics has been emphasized, which is central within the very fast-moving, adaptive environments characterizing Industry 5.0. The second subchapter explains the most advanced techniques of predictive analytics applied to industrial cases using the machine learning algorithm of supervised, unsupervised, and semi-supervised learning. It goes on to explain Deep Learning (DL) in manufacturing and process industries, which also involves technologies like Convolutional Neural Networks (CNNs) in quality control with image analysis, Recurrent Neural Networks (RNNs) in forecasting, and Generative Adversarial Networks (GANs) in synthetic data generation. The next sections cover technology support for advanced analytics enablers, such as big data platforms, distributed computing frameworks, stream processing systems, and strategies for data integration and preparation within the context of industry with its variety of data sources. It elaborates length on the challenges and strategies around data integration and preparation in the presence of structured, semi-structured, and unstructured data. Several use cases and applications demonstrate how data analytics is applied to predictive maintenance, assurance of quality, optimization of supply chains, energy management, and product lifecycle management. This will present an integration of data analytics with other key technologies of Industry 5.0, paying attention to the Industrial Internet of Things (IIoT), 5G networks, blockchain, and digital twins. The following section will further explore how the convergence of those technologies has opened new avenues for optimization and innovation in industries. The chapter also covers challenges and considerations in the application of advanced analytics in Industry 5.0: privacy and security issues within big data, ethical concerns related to AI-driven decisions, preexisting skill gaps, and the complexity involved in integrating new technologies with legacy systems. Finally, the chapter looks into the future and draws some emerging trends and research lines in the analytics of industrial data: from the potential of quantum computing for industrial data to federated learning for distributed industrial systems, explainable AI (XAI) for more transparent decision-making, and edge AI with decentralized analytics. It further underlines human-AI collaboration in industrial settings in a way that fully respects the core principles of Industry 5.0. The chapter concludes with a summary of all the important points raised and discussed about how these data analytics enablers would themselves be the drivers of transformation within Industry 5.0. Thus, it is a call to industries to strive for these advanced analytics enablers and reap competitive advantages through operational efficiencies. This chapter on the current state of data analytics in Industry 5.0 provides a comprehensive review that gives readers a broad view of existing capabilities, trends that will shape the future, and emerging possibilities. This would be helpful not only to practitioners who bring to life such technology but also to researchers pushing the envelope on industrial data analytics."
Integrating Human-Centric AI in&#xa0;Fashion Industry Optimization: A Step Towards Industry 5.0,Beyond Frontiers of Operations Research: Emerging Technologies and Innovative Optimization Paradigms,,,,10.1007/978-3-031-85894-9_5,Raffaele DragoneRaffaele BattagliaCarmine Cerrone,2025,https://link.springer.com/chapter/10.1007/978-3-031-85894-9_5,Conference paper,"This work explores the intersection of advanced manufacturing and the emerging human-centric Industry 5.0 paradigm, specifically within the high-fashion clothing industry. We address the critical issue of optimising cutting operations, a traditionally time-intensive and wasteful process, by minimising setup times and reducing fabric waste. The cutting process primarily consists of laying multiple layers of fabric on a cutting machine and securing templates (stencils) of the parts on top of these layers before the actual cutting can start. We introduce a novel solution that blends the technological advances of Industry 4.0, particularly the integration of mathematical models and the enterprise information system, with the worker-focused ethos of Industry 5.0. The core innovation lies in our use of Large Language Models to translate operators’ feedback, expressed in natural language, into quantifiable objectives for linear programming optimisation algorithms. The experimental analysis, conducted on a real-world industrial dataset, validates the effectiveness of the proposed solution, underscoring its potential to enhance industrial operations by harmoniously blending advanced technology with human well-being."
Evaluation of Industry 5.0 Technologies in Automotive Industry Using Integrated IVIF MCDM Methodology,Intelligent and Fuzzy Systems,,,,10.1007/978-3-031-97992-7_38,Celal Alpay HavleCaglar Ucler,2025,https://link.springer.com/chapter/10.1007/978-3-031-97992-7_38,Conference paper,"Advances in technological developments have been the triggers of industrial revolutions. Emerging digital technologies have initiated the industry 5.0 revolution, which holistically transforms the industries in the business world. Industry 5.0 has emerged differently from its previous versions, with its structure encompassing the dimensions of human centricity, sustainability, and resilience. The transformation process considers these dimensions and has affected all sectors, including the automotive industry. This situation has caused companies to face a strategic decision-making process regarding incorporating digital technologies into their operational processes. For this reason, this study focuses on evaluating and selecting I5.0 technologies in the automotive industry. The study consists of two main stages. First, it proposes a new model based on the opinions of experts and a literature review. Second, it presents an application based on an integrated multi-criteria decision-making (MCDM) methodology for the automotive industry in Turkey to verify the proposed model’s applicability, validity, and suitability. In this regard, the study utilizes the analytic hierarchy process (AHP) to compute the weights of the criteria of the proposed model. Following this, VIšeKriterijumska Optimizacija i Kompromisno Rešenje (VIKOR) is employed to select the most appropriate I5.0 technology among the alternatives based on the proposed model. However, real-life decision-making problems involve complexity, uncertainty, and subjective human perception. Therefore, in this study, classical AHP and VIKOR methods are extended to interval-valued intuitionistic fuzzy (IVIF) sets to eliminate these problems. The study presents valuable insights regarding the priority of the criteria to select I5.0 technologies in the automotive industry and identifies the most appropriate technology for the industry."
The Shift from Industry 4.0 to Industry 5.0: A Case Study of the Mauritian Manufacturing Industry,Sustainable Design and Manufacturing 2024,,,,10.1007/978-981-96-4459-9_32,Devkumar Sing Callychurn,2025,https://link.springer.com/chapter/10.1007/978-981-96-4459-9_32,Conference paper,"The advent of Industry 4.0 has revolutionized manufacturing and industrial processes worldwide, leveraging technologies such as automation, big data, and the Internet of Things (IoT). The evolution toward Industry 5.0 represents a paradigm shift, emphasizing human–machine collaboration aa well as socio-technical systems. This research paper explores the transition from Industry 4.0 to Industry 5.0 within the context of the Mauritian industrial landscape. Through a comprehensive study of the country’s economic, technological, and social factors, this study examines the readiness and potential challenges and opportunities for embracing Industry 5.0 principles. Findings reveal the current state of Industry 4.0 adoption in Mauritius. Identifying barriers such as limited technological infrastructure, workforce skills gap, and financial constraints. Furthermore, it identifies key strategies and recommendations for Mauritius to harness the benefits of Industry 5.0, while addressing the related socio-economic implications. This includes increased agility, customization, and sustainability. Recommendations are provided for policymakers, industry stakeholders, and academia to facilitate the transition toward Industry 5.0, thereby enhancing the competitiveness and resilience of Mauritian industries in the global market. The shift to Industry 5.0 in Mauritius involves addressing unique challenges and leveraging specific opportunities."
Human-Centric Smart Manufacturing Towards Industry 5.0,,,,,10.1007/978-3-031-82170-7,Baicun WangPai ZhengLihui WangDimitris Mourtzis,2025,https://link.springer.com/book/10.1007/978-3-031-82170-7,Book,
Students Intention Towards Digital Entrepreneurship – Industry 5.0,Global Economic Revolutions: Big Data Governance and Business Analytics for Sustainability,,,,10.1007/978-3-031-50518-8_18,C. NagadeepaK. P. Jaheer MuktharEdwin Asnate-SalazarJorge Castillo-PiconRosario Yslado MéndezSandra Mory-Guarnizo,2024,https://link.springer.com/chapter/10.1007/978-3-031-50518-8_18,Conference paper,"Abstract Entrepreneurship provides economic growth for the nation in various ways. Entrepreneurs are contributing new ideas to the world and presently with help of digitalization introducing some innovation and technology-driven startups. Educational Institutions plays a significant role to develop entrepreneurial skill among students. There are various factors affecting the students for their intention towards Digital Entrepreneurship. Family background, Environment, Society needs are the important factors affecting the students to move towards entrepreneurs and since the present world coping with technology and digitalization, entrepreneurship also moving towards digitalization. This research aims to study the student’s intention towards digitalized entrepreneurship and its effect."
Industry 5.0—The Road to Sustainability-Review,Anticipating Future Business Trends: Navigating Artificial Intelligence Innovations,,,,10.1007/978-3-031-63569-4_21,Indu SantoshPreeti ShuklaManoj Kumar SahooB. Ramya,2024,https://link.springer.com/chapter/10.1007/978-3-031-63569-4_21,Chapter,"This study focuses on the scientific and technological field of Industry 5.0 with a focus on sustainability through bibliometric analysis, considering the subject’s evolution since its inception in 2019. Finding strong links between Industry 5.0 and sustainability with the terms “Society 5.0,” “Human-centered design,” “Resilience,” “Artificial intelligence,” “Circular economy,” and “Sustainable development,” the results demonstrate an increase in sustainability compared to previous industrial revolutions. Since Industry 5.0 is a relatively new industry, sustainability is anticipated to become increasingly important in the future, when the social implications of new technological development will be just as important as the economic and environmental ones."
Concepts of Supply Chains in Industry 5.0.,Intelligent Systems in Production Engineering and Maintenance III,,,,10.1007/978-3-031-44282-7_31,Małgorzata Dendera-GruszkaEwa KulińskaJulia Giera,2024,https://link.springer.com/chapter/10.1007/978-3-031-44282-7_31,Conference paper,"The publication analyzes the concepts of supply chains in the perspective of Industry 5.0. Principles of cooperation of links within the supply chain is crucial to achieve a competitive advantage on a given market. Due to the ubiquitous digitization and globalization, the rules of cooperation within supply chains are also changing. Industry 5.0 concept. it also somehow forces supply chains to be flexible, computerized and digitized in the processes taking place in the supply chain. This article presents three concepts of supply chains based on Industry 5.0. The basis of the research was cooperation with entities from the metal and furniture industry from 2022."
Relationship Between Metaverse Countries and Industry 5.0,Metaverse for Industry 5.0,,,,10.1007/978-981-97-2455-0_7,Soumi MajumderNilanjan Dey,2024,https://link.springer.com/chapter/10.1007/978-981-97-2455-0_7,Chapter,"The advancement of technology and increased automation in everyday activities has led to a growing interest in the potential of living in the metaverse. The advancement of technology and increased automation in everyday activities has led to a growing interest in the potential of living in the metaverse. During the fifth industrial revolution, machines and humans worked together to increase the efficiency and productivity of the manufacturing sector. The industrial metaverse, which is part of Industry 5.0, offers a more immersive experience and better communication through the integration of various technologies, such as virtual and augmented reality, AI, blockchain, 3D modeling, digital twins, edge computing, and 6G networks."
Challenges in Industry 5.0: Human Behavior Integration,Advances in Manufacturing IV,,,,10.1007/978-3-031-56474-1_14,Joaquin Ordieres-MeréMiguel Ángel Ortega-Mier,2024,https://link.springer.com/chapter/10.1007/978-3-031-56474-1_14,Conference paper,"This paper aims to contribute to facilitate the contribution of people to production processes by promoting an integrative framework promoting collecting specific and helpful data from the workers impacting in the process but also to facilitate data integration with process data. For industrial processes these aspects are significantly challenging because that integration must happen in multi-tenant environments and human behaviors are affected by time dependent factors such as tiredness, stress, work overload, etc. To deal with these constraints, the technology involved for human data collection requires particular attention, allowing to facilitate not just understanding about the process syntaxis but also the semantic interpretation. Therefore, this paper will deeply describe some of the involved implementation details."
Industrial IoT Platforms Enabling Industry 4.0 Digitization Towards Industry 5.0,Innovations in Mechatronics Engineering III,,,,10.1007/978-3-031-61575-7_1,Pedro M. B. TorresGeoffrey SpencerPedro LopesFrancisco Santos,2024,https://link.springer.com/chapter/10.1007/978-3-031-61575-7_1,Conference paper,"This research paper explores the evolution of Industrial Internet of Things (IIoT) platforms and their pivotal role in the digitization of Industry 4.0, as well as their contribution to the transition towards Industry 5.0. The characteristics, challenges and opportunities of these platforms will be addressed, highlighting their impact on the digital transformation of industrial operations. Two case studies are unveiled, showcasing the implementation of IIoT platforms. These platforms leverage cutting-edge technology, notably from the AWS (Amazon Web Services) ecosystem, enabling the development of solutions grounded in the three pillars of Industry 5.0: human-centered design, sustainability, and resilience. Through these case studies, its aim to illustrate how the integration of AWS technologies contributes to the realization of Industry 5.0 principles, emphasizing a focus on human-centric approaches, sustainable practices, and resilient industrial systems."
Impacts of Industry 5.0 in Supply Chain Flow in Post COVID-19 Era: Moderating Role of Senior Leadership Support,Information Systems Frontiers,,,,10.1007/s10796-023-10463-w,Sheshadri ChatterjeeRanjan Chaudhuri,2024,https://link.springer.com/article/10.1007/s10796-023-10463-w,Article,"Industry 5.0 involves human and machines reunion by working together to improve the efficiency of service and production process. Industry 5.0 helps to create platforms for better value cocreation and open business models. Such open business model supports in integrating organizational competencies and customers’ preferences along with ensuring better services to meet the challenging needs of the tomorrows’ business world. It is an upcoming field of research and not many studies are available to understand the consequences of Industry 5.0 in the context of ambidexterity and absorptive capacity of the organization, especially from supply chain flow perspective in post COVID-19 period. Also, not many studies are available which have investigated the role of senior leadership support to facilitate adoption of industry 5.0 and sustainability of supply chain management process in the post COVID-19 period. With the support of absorptive capacity theory and existing literature, a conceptual model has been developed which was later validated using PLS-SEM technique considering 378 respondents from different industries. The study found that there is a significant impact of absorptive capacity of the organization towards successfully using industry 5.0 related technologies which in turn positively and significantly influence sustenance of supply chain flow in post COVID-19 period. The study also found that senior leadership support is necessary to successfully adopt and use industry 5.0 for sustaining supply chain flow in the post COVID-19 period."
Redefining Industry 5.0 in Ophthalmology and Digital Metrology: A Global Perspective,MAPAN,,,,10.1007/s12647-023-00633-1,Shubhangi ChourasiaS. M. PandeyQasim MurtazaSaurabh AgrawalKalpana Gupta,2023,https://link.springer.com/article/10.1007/s12647-023-00633-1,Article,"The demand for ophthalmic diagnosis and monitoring equipment is high due to day-by-day increasing eye-related diseases. These diseases are growing very fast due to changes in lifestyle, the aging crowd, and chronic diseases. During COVID-19, old ophthalmic diagnostic devices failed to fulfill the patients' needs due to social distancing and took more diagnosis time, making patients uncomfortable and unsatisfied to visit the clinic. Seeing all these problems during the COVID-19 time, patients are demanding personalized healthcare services and clinical home services to protect themselves from the COVID-19 virus attack. To fulfill the mass personalized needs and easily accesses clinical services from the patient's home, there is a requirement to embrace Industry 5.0 with its emerging digital technologies. The current work is based on the theoretical view of Industry 5.0 in ophthalmology and its supporting digital technology, various models and challenges faced by the healthcare system in ophthalmology during the COVID-19 pandemic time, limitations of the study, and its future scope, digital metrology, and strength, limitation, opportunities, and threat analysis in brief."
Sustainability Assessment of Biobased Manufacturing in the Era of Industry 4.0 and Industry 5.0,"Intelligent Production and Industry 5.0 with Human Touch, Resilience, and Circular Economy",,,,10.1007/978-3-031-77723-3_68,Dolor R. EnarevbaKarl R. Haapala,2025,https://link.springer.com/chapter/10.1007/978-3-031-77723-3_68,Conference paper,"The transition to biobased materials from reliance on fossil resources is pivotal in establishing a sustainable biobased economy. However, sustainability assessment methods and tools face limitations in adequately evaluating biobased products due to their renewable nature and complex value chains. This study uses a narrative review to explore the potential of Industry 4.0 (I4.0) technologies to address these limitations in the sustainability assessment of biobased product manufacturing. Additionally, published articles on Industry 5.0 (I5.0) technologies were reviewed to highlight the integration of human creativity with intelligent technologies and opportunities for tailoring sustainability assessment methods and tools to address the unique challenges of biobased product manufacturing. By harnessing the capabilities of I4.0, real-time data exchange and predictive modeling can be used to create and assess the sustainability profile of biobased products. Establishing transparent, decentralized systems powered by Internet of Things (IoT) technologies will be crucial to enhancing sustainability assessment. Robust frameworks can be developed leveraging cognitive computing capabilities and collaborative approaches of I5.0, rendering sustainability assessment methods and tools more adaptive, accurate, reliable, and holistic in supporting the sustainable growth of the biobased industry, ensuring its economic competitiveness against alternative fossil-based product industries."
Relation Between Green Economy and Sustainable Manufacturing Through Industry 5.0,Sustainable Economy Models in the Age of Industry 5.0,,,,10.1007/978-981-96-4104-8_9,Chunchu NagarajuGurunadham GoliRachoru Himani Srihita,2025,https://link.springer.com/chapter/10.1007/978-981-96-4104-8_9,Chapter,"Some of the necessary focuses for transition towards environmentally conscious industrial practices are the overlapping areas between the green economy and sustainable manufacturing. As Industry 5.0 develops while focusing on human-centric technologies that are environmentally sustainable, the synergy of these two paradigms all the more becomes important. Such principles seek resource efficiency, low emissions, and circularity—the aces for the goals of sustainable manufacturing to make an industrial ecosystem more resilient and eco-friendlier. Industry 5.0, which involves cooperation between intelligent machines and people, presents new solutions to conflicts with sustainability by optimizing processes related to production with low waste and the integration of renewable energy sources. By incorporating advanced technology like artificial intelligence, IoT, and robotics, Industry 5.0 hopes to build environmentally friendly and economically growth-enhancing smart factories. Some of the leading approaches, like cleaner production techniques or digital innovation that may encourage a rapid shift towards sustainable manufacturing in line with the imperatives of a green economy are outlined in this chapter. This chapter provides an overview of changes to such practices like industrial and technological, that could be the outcome of Industry 5.0, Synergy Between Sustainable Manufacturing and Industry 5.0, Technological Enablers for Circular Economy, as it unfolds in the cases of real life and new trends. Thus, Industry 5.0 can be finally positioned as a great enabler of the green economy by promoting sustainable development and by ensuring that economic prosperity and responsibility exist simultaneously for tomorrow’s world."
Human-Centered Infrastructure for Sustainable Smart Cities in Industry 5.0,Building a Human-Centred Infrastructure for Sustainable Industry 5.0 in Asia,,,,10.1007/978-981-95-0417-6_13,Reeta MishraPadmesh TripathiNitendra Kumar,2025,https://link.springer.com/chapter/10.1007/978-981-95-0417-6_13,Chapter,"Incorporating cutting-edge technologies to improve urban living and environmental sustainability, human-centered infrastructure for sustainable smart cities places a high priority on public participation and well-being. Creating livable, accessible, and inclusive urban environments that serve a variety of demographics is the main focus of this strategy. Utilizing smart technologies to maximize resource use, lower pollution, and enhance public services—such as the Internet of Things (IoT), artificial intelligence (AI), and big data analytics—is one of the key components. These cities ensure that technology meets community requirements by encouraging active participation through a human-centric design approach. Reducing urban carbon footprints and improving quality of life are made possible by sustainable practices like the use of renewable energy, effective waste management, and green public spaces. Public participation and ongoing education are crucial for equipping citizens with the skills and information they need to prosper in the context of smart cities. In the end, this all-encompassing strategy promotes resilient, adaptable urban ecosystems that promote environmental and human health."
Enhancing Employee Wellbeing in Industry 5.0: A Comprehensive Literature Review,Building a Human-Centred Infrastructure for Sustainable Industry 5.0 in Asia,,,,10.1007/978-981-95-0417-6_11,Pooja SinghRashi Chaudhary,2025,https://link.springer.com/chapter/10.1007/978-981-95-0417-6_11,Chapter,"The complete transformation of Industry 4.0 to Industry 5.0 is emphasizing the human centric values along with technological advancements, representing new paradigms for enhancing employee wellbeing. The literature review explores the evolving role of employee wellbeing within the context of Industry 5.0, examining the key themes such as emotional intelligence, personalised work experiences, machine collaboration and sustainable and ethical work practices. Through the interdisciplinary research on human resource management, organisation behaviour and emerging technologies, the review explores the critical success factors in nurturing wellbeing in technology advanced environments. The study further explains the human infrastructure and its association with wellbeing, etc. The paper further discusses the implications for policy and practice, emphasizing the need for flexible, ethical and inclusive aligned work models. The comprehensive synthesis provides the insights for academicians, policy makers and practitioners to integrate technological progress with the holistic wellbeing of the workforce in the era of Industry 5.0"
Green Accounting and its Role in Industry 5.0 Sustainability&#xa0;Framework,Building a Human-Centred Infrastructure for Sustainable Industry 5.0 in Asia,,,,10.1007/978-981-95-0417-6_10,Garima Agarwal,2025,https://link.springer.com/chapter/10.1007/978-981-95-0417-6_10,Chapter,"Industry 5.0 is a paradigm that blends environmental stewardship, human ingenuity, and technology breakthroughs. It seeks to address societal and environmental problems by expanding on the automation and efficiency of Industry 4.0. Green accounting is a dynamic framework that incorporates environmental considerations, such as waste management, resource depletion, and environmental costs, into financial calculations. This strategy emphasizes the relationship between social responsibility, environmental protection, and economic growth. Green accounting ensures that industrial operations are in line with long-term sustainability goals and support the UN Sustainable Development Goals by tracking and evaluating the environmental performance of technologies like artificial intelligence (AI), robotics, and machine learning."
Preparing for Industry 5.0: Inclusive Curricular Approaches and Digital Empowerment,"AI and Digital Transformation: Innovations in Supply Chain, Education, and Energy Systems",,,,10.1007/978-3-031-86837-5_7,Pallavi DhamakPadmanabha AitalAnand DaftardarBhaveshkumar Pasi,2025,https://link.springer.com/chapter/10.1007/978-3-031-86837-5_7,Conference paper,"This paper explores the necessary change in education to meet the requirements of Industry 5.0, focusing on the need of an inclusive curricular pedagogy. The purpose mentioned promotes the acceptance of diversity and the elimination of digital disparities, with the goal of providing learners with the necessary skills for success of Industry 5.0. The exploration encompasses important issues, such as ensuring equitable access to digital resources, aligning technology with teaching methods, adapting to different cultures and languages, empowering teachers, and implementing comprehensive assessments within inclusive educational frameworks. In addition, a comprehensive examination of three key pedagogical methods in Higher Education Institutions (HEIs)—E-learning, Project-Based Learning and Blended Learning—offers valuable insights into the worldwide transformation of teaching and learning practices in Industry 5.0 era. The conclusion underlines the importance of promoting inclusive curricular pedagogy and emphasises the profound effect of these pedagogies have on preparing learners for Industry 5.0."
Manufacturing Process Level KPIs: Integration and Limitations in Industry 5.0,Human-Centred Technology Management for a Sustainable Future,,,,10.1007/978-3-031-72494-7_22,Panagiotis StavropoulosAlexios PapacharalampopoulosOlga Maria KaragianniDoris Schartinger,2025,https://link.springer.com/chapter/10.1007/978-3-031-72494-7_22,Conference paper,"KPIs have been a long standing tool for optimization in manufacturing. Throughout the years, many of them have been suggested, implicating different strategies and attributes. As such, productivity and time, cost, quality, even flexibility have been considered as different valorisation target fields for KPIs. With the upcoming Industry 5.0 being embedded in the companies’ strategies, new KPIs need to be considered. This work is a numerical study, taking into account different families of KPIs and their impact on decision making, mainly at processes level. The three Industry 5.0 pillars, as well as productivity are taken into consideration, as well as the smooth and seamless transition from one KPIs system to a new one."
Industry 5.0 with AI Applications for Smart and Sustainable Production,"New Technologies, Development and Application VIII",,,,10.1007/978-3-031-95194-7_6,Mihalj BakatorDragan ĆoćkaloStefan UgrinovVelibor Premčevski,2025,https://link.springer.com/chapter/10.1007/978-3-031-95194-7_6,Conference paper,"Industry 5.0 introduces a transformative approach to manufacturing by integrating artificial intelligence with human expertise to create smart and sustainable production systems. Industry 4.0 focused on automation and connectivity, this new phase emphasizes on human-AI collaboration, efficiency, and environmental responsibility. AI-driven predictive analytics, digital twins, and collaborative robotics improve operational flexibility, optimize resource utilization, and improve quality control. The success of Industry 5.0 depends on a strategic approach that aligns technological advancements with ethical, economic, and environmental considerations. Implementing AI in manufacturing not only improves productivity but also ensures long-term sustainability, positioning industries for a future that balances innovation with responsible industrial practices. The main goal of this paper was to develop a theoretical model for smart and sustainable production in enterprises."
Circular Economy Concept for Small Medium Enterprises Through Industry 5.0,Sustainable Economy Models in the Age of Industry 5.0,,,,10.1007/978-981-96-4104-8_7,K. DevenderKafilaGurunadham GoliM. Shravan,2025,https://link.springer.com/chapter/10.1007/978-981-96-4104-8_7,Chapter,"Industry evolution has moved toward Industry 5.0, embodying a synergy between human perception and emerging technologies, while strongly emphasizing sustainable growth and innovation. This gives a chance for the SMEs to adapt to the practices of circular economy which in turn enhances its efficiency by reducing wastages in terms of promoting eco-friendly environment thus maximizing the utility of resources. The incorporation of Artificial Intelligence (AI), Internet of Things (IoT), and Robotics with circular economy supports the Small and Medium Scale Enterprises (SMEs) to enhance the ability of operation and supports them to sustain the competition and set their strong foot in the market for a long time. Industry 5.0 has given a platform to develop Human–Machine interface models to upgrade the operations in small and medium-sized enterprises (SMEs). This chapter explores interdependence of Industry 5.0 and circular economy. It also focuses on the opportunities that provide a dominance to the small and medium enterprises (SMEs) by this integration. SMEs can have a paradigm shift from the traditional processes to modern manufacturing systems thus attaining sustainable growth. The concepts of Industry 5.0 and Circular Economy make small and medium-sized enterprises (SMEs) socially and economically viable. The study provides inputs to succeed in this competitive Industry 5.0 environment."
Innovative Photonics Technologies for Renewable Energy Systems in Industry 5.0,Photonics and Optoelectronics in Industry 5.0,,,,10.1007/978-981-96-7594-4_9,Peeyush PhogatSatyam RawatKarishma RawatShreyaRanjana JhaSukhvir Singh,2025,https://link.springer.com/chapter/10.1007/978-981-96-7594-4_9,Chapter,"This chapter examines the potential of novel photonics technologies that could lead to advances in renewable energy systems as an Industry 5.0 case study. This chapter reviews the way state-of-the-art photonic devices and materials are integrated to improve on efficiency, sustainability and functionality of renewable energy solutions. The thematic scope of the journal includes synthesis, processing, and manufacturing methods for developing functional materials from atoms to devices; fabrication processes based on sustainable energy sources that can be used as a representative tool in material design and technology. A further instance deals with photonics solutions for boosting the performance of solar cells, photodetectors, and electrochemical supercapacitors together with a host of recent innovations. It also discusses the challenges and opportunities in incorporating photonic technologies in renewable energy systems, endorsing sustainable growth and environmental wellbeing."
Industry 5.0 Operations Navigating the Landscape of Digital Supply Chain,Flexibility and Emerging Perspectives in Digital Supply Chain Management,,,,10.1007/978-981-96-3556-6_5,Anchal LuthraShivani DixitAnamica SinghSeema Garg,2025,https://link.springer.com/chapter/10.1007/978-981-96-3556-6_5,Chapter,"This chapter provides an in-depth exploration of the transformative potential of Industry 5.0 on operations and the digital supply chain. Building upon the foundational principles of human-centric collaboration and advanced digital technologies, it represents a paradigm shift emphasizing integrating human skills with automation and data-driven insights. Through a comprehensive review of literature, case studies, and industry practices, this paper elucidates the key components, benefits, challenges, and future trends associated with revolutionizing Industry 5.0 operations and the digital supply chain. Moreover, it equips organizations with practical insights and recommendations, giving them the confidence and readiness to leverage Industry 5.0 principles to enhance competitiveness, agility, and sustainability in an increasingly digitalized business landscape."
Human-Centric Innovation: Balancing Technology and Leadership in Industry 5.0,Digital Solutions for Environmental and Economic Development,,,,10.1007/978-981-96-5066-8_18,Punj Lata SinghShweta,2025,https://link.springer.com/chapter/10.1007/978-981-96-5066-8_18,Conference paper,"Industry 5.0 represents a paradigm shift from the automation and efficiency focus of Industry 4.0 to a more human-centric approach, emphasizing integrating such advanced technologies as AI and robotics with human skills and creativity. The PRISMA framework provides a systematic, transparent, reproducible review process to build a comprehensive understanding of balancing human-centered innovation with technology and leadership in Industry 5.0. This approach accords with the decision of the most relevant, high-quality studies but also documents the research process accurately to enhance the review’s credibility. This paper delves into the importance of balancing technological advances and leadership in Industry 5.0, emphasizing human-centric innovation. The paper articulates how organizational setups will use technology to empower the workforce, unleash productivity, and create a competitive, workable, inclusive environment. The paper concludes by outlining strategies the leader can adopt to navigate this change effectively."
Assessing the Impact of Industry 5.0 on Operational Excellence Practices,Intelligent and Fuzzy Systems,,,,10.1007/978-3-031-97992-7_39,Oumaima HajjemKamar ZekhniniAbla Chaouni BenabdellahNadia Hamani,2025,https://link.springer.com/chapter/10.1007/978-3-031-97992-7_39,Conference paper,"Industries are evolving towards a more human-centered and intelligent future. Unlike industry 4.0, which focused on automation and data-driven processes, industry 5.0 (I5.0) emphasizes the collaboration between human expertise and systems intelligence. Thus, understanding I5.0 impact on operational excellence becomes essential. More clearly, by deploying established operational excellence methodologies like Lean tools, continuous improvement and Six Sigma within these advancements, supply chains can achieve operational excellence. In this context, this study examines how the I5.0 paradigms enhance operational excellence, efficiency, competitiveness and sustainability in modern business operations. So, this paper aims to identify the key enablers of I5.0 that influence operational performance. Using Fuzzy TOPSIS method, this study ranks these enablers based on expert evaluations to assess their impact effectively. The findings provide a strategic perspective on how organizations can dive into this new era. By balancing technological growth with human-centric approaches, supply chains become more competitive and sustainable."
From Industry 4.0 to Industry 5.0,"Studies in Systems, Decision and Control",,,,10.1007/978-3-031-28314-7,Allam HamdanArezou HarrafAmina BuallayPallvi AroraHala Alsabatin,2023,https://link.springer.com/book/10.1007/978-3-031-28314-7,Book,
Developing human capabilities for supply chains: an industry 5.0 perspective,Annals of Operations Research,,,,10.1007/s10479-023-05245-1,Sachin ModgilRohit Kumar SinghSoni Agrawal,2023,https://link.springer.com/article/10.1007/s10479-023-05245-1,Article,"Understanding required skills for supply chain professionals, especially in the context of Industry 5.0, is evolving rapidly. The ability to attract, develop and retain supply chain professionals who can drive an organization’s strategy is crucial to remain competitive. The right mix of employees must be ready to take over future responsibilities. Hence, present study attempts to identify and develop the right capabilities for supply chain professionals in the context of Industry 5.0. To achieve the goals, skills and capabilities are initially identified with extensive literature review and discussions with industry leaders in manufacturing industries. Data is collected from sixteen manufacturing companies. For identifying the right skills, analytic hierarchy process (AHP) is applied to identify the skills and the degree of importance of each skill in the context of Industry 5.0. Prioritization of skills toward supply chain human capital is conducted through AHP. The results indicate that managerial skills are critical, followed by operational and advanced technical skills in human capital. Further, to identify the relationship and the patterns among skills, DAMATEL is adopted. This study contributes the prioritization among key skills and indicating the cause and effect among sub-skills among managerial, operational and advanced technical skills. The study concludes with implications for practice and theory to further align skills around Industry 5.0."
Towards Industry 5.0,Lecture Notes in Mechanical Engineering,,,,10.1007/978-3-031-24457-5,Numan M. DurakbasaM. Güneş Gençyılmaz,2023,https://link.springer.com/book/10.1007/978-3-031-24457-5,Conference proceedings,
Industry 5.0 in Orthopaedics,Indian Journal of Orthopaedics,,,,10.1007/s43465-022-00712-6,Madhan JeyaramanArulkumar NallakumarasamyNaveen Jeyaraman,2022,https://link.springer.com/article/10.1007/s43465-022-00712-6,Article,"Background
Industrial revolutions play a major role in the development of technologies in various fields. Currently, the world is marching towards softwarization and digitalization. There is an emerging need for conversion of Industry 4.0 to Industry 5.0 for technological development and implementation of the same in the digital era. In health care, digitalization emerged in Industry 4.0 revolution. To enhance patient care and quality of life, Industry 5.0 plays a major role in providing patient-centric care and customization and personalization of products. The integration of human intelligence with artificial intelligence provides a precise diagnosis and enhances the recovery and functional outcome of the patients.
Materials and methods
In this manuscript, the domains and limitations of Industry 5.0 and further research on Industry 6.0 were elaborated on to bring out technologies in better health care.
Results
Industry 5.0 lessens the work of medical professionals and integrates software-based diagnosis and management. It provides cost-effective manufacturing solutions with limited resources compared to Industry 4.0. Industry 5.0 focuses on SMART and additive manufacturing of implants, and the development of bio-scaffolds, prosthetics, and instruments. In this manuscript, the domains and limitations of Industry 5.0 and further research on Industry 6.0 were elaborated on to bring out technologies in better health care.
Conclusion
‘The personalization and customization of products’ are the hallmarks of this evolving Industry 5.0 revolution. The major uplifts in various domains of industry 5.0 such as advanced automation, digitalization, collaborative robots, and personalization bring this an inevitable mechano-scientific technological revolution in this current medical era."
Can green finance facilitate Industry 5.0 transition to achieve sustainability? A systematic review with future research directions,Environmental Science and Pollution Research,,,,10.1007/s11356-023-29539-w,Karambir Singh DhayalArun Kumar GiriAnil KumarAshutosh SamadhiyaShruti AgrawalRohit Agrawal,2023,https://link.springer.com/article/10.1007/s11356-023-29539-w,Article,"Most of the world’s rising carbon emission results from industrial activities. Previous industrial revolutions did not put much thought into safeguarding the natural world. Governments worldwide have been continuously implementing regulations and policies for the mitigation of climate change to promote sustainable development. To achieve decarbonization, the climate change discussion is merged with Industry 5.0 (I5.0) where green finance (GF) plays a crucial role. This technological metamorphosis of transition from Industry 4.0 (I4.0) to I5.0 will affect humans and their society. I5.0 forms a symbiotic relationship with different aspects of Society 5.0 (S5.0) such as social (human‒machine centricity), ecological (zero emissions), and technological (green innovations). Thus, the I5.0 transition prioritizes greening the economy in pursuit of achieving S5.0. Through a systematic review of 196 articles, this research study concisely summarizes the rapidly expanding body of information. The research domain gave six major themes: Green Innovations (GI), Green Manufacturing Practices (GMP), Circular Economy (CE), Green Supply Chain Management (GSCM), Emerging Economies, and Net Zero Economy (NZE). Finally, a framework has been provided that illustrates the supporting role of GF for the I5.0 transition eventually followed by S5.0. This study provides an overview of these themes with their propositions and future research directions. The present study addresses the knowledge gap by providing valuable contributions to the burgeoning research domain of I5.0 and GF. Moreover, it aims to garner the attention of different stakeholders to integrate these two concepts of research to attain the goal of sustainable development.
Graphical Abstract"
Implementation of Additive Manufacturing in the Healthcare Supply Chain for Circular Economy Goals: Paradoxical Tensions and Solutions from an Industry 5.0 Perspective,Information Systems Frontiers,,,,10.1007/s10796-024-10482-1,Jaya PriyadarshiniRajesh Kr SinghRuchi MishraQile HeAshley Braganza,2024,https://link.springer.com/article/10.1007/s10796-024-10482-1,Article,"This study addresses the paradoxical tensions that arise during additive manufacturing (AM) implementation for circular economy goals in the healthcare sector. Using the lens of paradox theory, this study identifies four competing priorities that stakeholders may encounter while adopting AM. Focus group discussions among 12 industry experts from the healthcare supply chain were conducted to verify the paradoxes. Semi-structured interviews were then conducted with 10 industry experts to derive the solutions to manage these tensions from an Industry 5.0 perspective to achieve the full benefits of AM. This study expands paradox theory into the AM literature and provides a novel ‘both/and’ perspective (i.e. a pluralistic rather than a dualistic perspective) to look at emerging tensions encountered while implementing AM in the healthcare sector. This perspective will help decision-makers realise that these tensions can be managed over time to turn them into creative, rather than destructive, forces."
An Analysis and Identification of Current Trends in Research on the Manufacturing Industry: Industry 4.0 Versus Industry 5.0,The 18th International Conference Interdisciplinarity in Engineering,,,,10.1007/978-3-031-81378-8_1,Mihaela Bucur,2025,https://link.springer.com/chapter/10.1007/978-3-031-81378-8_1,Conference paper,"This study delves into the evolving concepts of Industry 4.0 and the anticipated progressions of Industry 5.0, focusing on their theoretical underpinnings and potential real-world applications. The main aim of this research is to thoroughly assess the fundamental principles, technological frameworks, and theories of Industry 4.0, while also examining the shifting perspectives surrounding Industry 5.0. The research seeks to build a strong theoretical framework that highlights the evolution, distinct features, and predicted impact of these industrial paradigms on production processes and organizational models. By critically analyzing existing literature, the study uncovers essential insights into the transformative power of Industry 4.0 technologies, particularly in improving production efficiency, optimizing supply chains, and enabling predictive maintenance. Furthermore, the paper explores the anticipated shift in focus that Industry 5.0 brings, moving towards human-centered, inclusive industrial ecosystems, which emphasize collaboration between humans and advanced technologies. As AI-driven automation, machine learning, and robotics advance, they are reshaping the landscape of Industry 4.0, providing new approaches to enhance decision-making and operational efficiency. On the other hand, Industry 5.0 introduces a more human-centric automation model, where collaborative robots and AI systems work alongside people, harnessing human creativity and decision-making in addressing complex challenges. The study argues that these advancements are set to create more sustainable and adaptable industrial ecosystems, addressing both technological and socio-economic challenges in the future."
Multi-objective task allocation for collaborative robot systems with an Industry 5.0 human-centered perspective,The International Journal of Advanced Manufacturing Technology,,,,10.1007/s00170-023-11673-x,Martina CalzavaraMaurizio FaccioIrene Granata,2023,https://link.springer.com/article/10.1007/s00170-023-11673-x,Article,"The migration from Industry 4.0 to Industry 5.0 is becoming more relevant nowadays, with a consequent increase in interest in the operators’ wellness in their working environment. In modern industry, there are different activities that require the flexibility of human operators in performing different tasks, while some others can be performed by collaborative robots (cobots), which promote a fair division of the tasks among the resources in industrial applications. Initially, these robots were used to increase productivity, in particular in assembly systems; currently, new goals have been introduced, such as reducing operator’s fatigue, so that he/she can be more effective in the tasks that require his/her flexibility. For this purpose, a model that aims to realize a multi-objective optimization for task allocation is here proposed. It includes makespan minimization, but also the operator’s energy expenditure and average mental workload reduction. The first objective is to reach the required high productivity standards, while the latter is to realize a human-centered workplace, as required by the Industry 5.0 paradigms. A method for average mental workload evaluation in the entire assembly process and a new constraint, related to resources’ idleness, are here suggested, together with the evaluation of the methodology in a real case study. The results show that it is possible to combine all these elements finding a procedure to define the optimal task allocation that improves the performance of the systems, both for efficiency and for workers’ well-being."
Applications of Enabling Technologies for Industry 4.0 and Industry 5.0 in Manufacturing Sectors: A Review,"Intelligent Production and Industry 5.0 with Human Touch, Resilience, and Circular Economy",,,,10.1007/978-3-031-77723-3_15,Arvin ShadravanHamid R. Parsaei,2025,https://link.springer.com/chapter/10.1007/978-3-031-77723-3_15,Conference paper,"Originating in Germany, “Industry 4.0” emerged as a catalyst for technological progress in the industrial landscape, garnering global attention. This led to widespread exploration and adoption of Industry 4.0 technologies by various nations. A decade later, the European Commission introduced “Industry 5.0”, emphasizing value creation over pure technological advancement. This sparked discussions about the coexistence of these two industrial transformations. Integrating new technologies and complex products significantly impacts the business sector, which is crucial for economic development. Critics note Industry 4.0’s focus on digitalization and emerging technologies, which paved the way for Industry 5.0, emphasizing the importance of the workforce. Notable advancements in Industry 4.0 include Artificial Intelligence, the Internet of Things, and Cyber-Physical Systems, reducing human involvement in decision-making processes. On the other hand, Industry 5.0 emphasizes human-centric methods by introducing ideas like hyper-customization and predictive maintenance. The construction of a human-centered, sustainable, and comprehensive value generation model is the main goal of the transition to Industry 5.0. Nonetheless, the intricacies of digitalization pose noteworthy obstacles, especially for small and medium-sized businesses (SMEs) who do not possess the financial means to undertake comprehensive digital projects. This paper explores advancements in Industry 4.0 and 5.0, with concerns including technical integration and data protection. The resilience of Industry 5.0 supports hyper-individualization. This study also explores the drivers and facilitators of these evolving paradigms, providing a structured framework to understand the technologies, challenges, and potential solutions associated with Industry 4.0."
Sustainable Development of Transport Objects Through the Implementation of Industry 4.0 and Industry 5.0 Technologies,Decarbonization of Transport Energy Installations in the Context of Sustainable Development Strategies,,,,10.1007/978-3-032-05884-3_6,Mykola M. TkachukGrabovskiy AndriyAlokhin VitaliiMykola A. TkachukVasiliev Anton,2025,https://link.springer.com/chapter/10.1007/978-3-032-05884-3_6,Chapter,"This article reviews sustainable design and production strategies for transport elements, emphasizing the life cycle assessment (LCA) of internal combustion engine parts. Industry 4.0 and 5.0 technologies offer opportunities to reduce environmental impact while enhancing resource efficiency. The study critically analyzes existing approaches to digital integration and highlights the need for active human-system collaboration. Practical examples include developing diesel locomotive engines with optimized performance and environmental characteristics. The findings support strategic advancements in sustainability-focused manufacturing and operation, aligning with modern industry goals."
AI-Driven Mechanical Manufacturing: Bridging Industry 4.0 and the Human-Centric Vision of Industry 5.0,"Integrating AI in Science, Management, and Technology",,,,10.1007/978-3-032-08260-2_13,Akash Abaji KadamDiwakar Reddy PeddintiSupriya Akash Kadam,2025,https://link.springer.com/chapter/10.1007/978-3-032-08260-2_13,Conference paper,"AI and ML integrations have rustled a new revolution in mechanical manufacturing, making the traditional systems intelligent, connected ecosystems in tune with Industry 4.0. This paper further extends the discussion to understand the paradigm shift focusing on Industry 5.0, which would lay more emphasis on human-AI collaboration, sustainability, and resilience. In fact, this provides insights into some critical gaps in research on socio-technical challenges related to integrating human expertise in AI-powered systems and embedding metrics of sustainability and resilience into the manufacturing framework through systematic, simulation-based experimentation and theoretical modeling.
The listed findings are that the application of AI-enhanced predictive maintenance reduces downtime by 42%; defect detection systems attain accuracy rates of 98.7%, while material waste is reduced by 22%. The industry 5.0 framework depicts how jointly controlled human-AI decision-making could improve operator satisfaction by 35% and task efficiency by 45%. Sustainability and resilience are further advanced by energy optimization attaining a 15% reduction in carbon emissions, and adaptive capabilities-which improves the recovery rate upon disruption by 18%. This paper develops a holistic framework on collaboration between humans and AI in bridging the gaps between Industry 4.0 and 5.0, while the core drive is toward ethical AI design, cognitive augmentation, and circular economic principles. The present study underlines the big transformation possibility of AI in enabling human-centered sustainable and resilient mechanical manufacturing ecosystems. The basis of this work further initiates Industry 5.0 and thereby provides actionable insights for academia, industry, and policy makers in advancing innovation while achieving the global goals of sustainability."
Soft Computing in Industry 5.0 for Sustainability,,,,,10.1007/978-3-031-69336-6,C Kishor Kumar ReddyThandiwe SitholeMariya OuaissaÖzen ÖZERMarlia M. Hanafiah,2024,https://link.springer.com/book/10.1007/978-3-031-69336-6,Book,
The Role of Business Leaders in Industry 5.0,Research and Innovation Forum 2023,,,,10.1007/978-3-031-44721-1_47,Asha ThomasYash ChawlaArup VarmaPrzemek Szleter,2024,https://link.springer.com/chapter/10.1007/978-3-031-44721-1_47,Conference paper,"The Fifth Industrial Revolution (Industry 5.0) is right around the corner, or maybe well underway if some experts are to be believed. Not surprisingly, it is projected to play an active role in addressing the significant challenges that society faces today. It goes beyond jobs and development, deeply integrating sustainability principles and replenishing the “perturbations of the earth system”. Indeed, it goes beyond industry per se and expands on the ideas of Industry 4.0 by emphasizing a human-centric approach to business strategy through re-purposing digital technologies such as artificial intelligence, up-skilling and re-skilling workers, particularly in digital skills, enabling the transition to a circular economy with modern, resource-efficient, and sustainable industries, creating a globally competitive and world-leading industry and accelerating investment in research and innovation. In this new era, leadership and the management of humans have vital roles to play. Here, humans are seen not just as a resource but as the sole reason for the industry to exist. The present paper explores what kinds of leadership styles and skills will be required to make Industry 5.0 a success. A conceptual model is present to demonstrate Leadership 5.0 to help Industry 5.0 succeed."
"A Multi-Criteria Decision-Making Framework to Evaluate the Impact of Industry 5.0 Technologies: Case Study, Lessons Learned, Challenges and Future Directions",Information Systems Frontiers,,,,10.1007/s10796-024-10472-3,Mohamed Abdel-BassetRehab MohamedVictor Chang,2024,https://link.springer.com/article/10.1007/s10796-024-10472-3,Article,"Smart technologies have demonstrated striking outcomes regarding the early diagnosis of diseases and the delivery of the necessary healthcare in the last decade. However, by emphasizing the core fundamentals of social justice and sustainability, together with digitalization and smart technologies that predicate raising productivity and flexibility, Industry 5.0 has proven to achieve more efficient results. Industry 5.0 technologies provide more intelligent ways for human employees and higher efficiency development while also improving safety and performance in many applications. In this research, the contribution is focused on the healthcare and how Industry 5.0 technologies demonstrate several advantages for the healthcare sector, starting with automated and precise disease prediction, moving on to aiding medical personnel in continual surveillance and monitoring and concluding with successful digital automation of smart equipment. The objective of this study is to apply a hybrid multi-criteria decision-making approach under a neutrosophic environment to evaluate the advantages of industry 5.0 technologies in the healthcare sector. Industry 5.0 primary value is to reach human-centric, sustainable, and resilient industries. While Industry 5.0 technologies sub-values regarding the healthcare sector are determined and distinguished according to the 3-main values mentioned previously based on literature. The methodologies applied in this study are: The Analytical Hierarchy approach (AHP) evaluates the main values and sub-values. Subsequently, the effectiveness of industry 5.0 technologies according to their values to the healthcare sector are ranked by Technique for Order of Preference by Similarity to Ideal Solution (TOPSIS). The approach is constructed under uncertainty based on a neutrosophic environment to achieve accuracy in the evaluation process. The results show that the most influential technology in healthcare are AI and cloud computing, while nano-technology, drone technology, and robots are at the end of the ranking. While validating the suggested technique, outcome comparisons were carried out to demonstrate the benefits of the methodologies. A sensitivity study indicates that adjusting the weightings of the sub-values has no significant effect on the ranking of technologies."
Reference Architecture for AI-Based Industry 5.0 Applications,Artificial Intelligence in Manufacturing,,,,10.1007/978-3-031-46452-2_1,John SoldatosBabis IpektsidisNikos KefalakisAngela-Maria Despotopoulou,2024,https://link.springer.com/chapter/10.1007/978-3-031-46452-2_1,Chapter,"Industry 5.0 (I5.0) is a novel paradigm for the development and deployment of industrial applications based on Cyber-Physical Systems (CPS). It evolves Industry 4.0 in directions that exploit trustworthy human–AI interactions in human-in-the-loop scenarios. Despite the rising popularity of I5.0, there is still a lack of reference architectures (RAs) that outline the building blocks of I5.0 applications, along with the structuring principles for effectively integrating them in industrial systems. This chapter introduces a reference model for industrial applications that addresses critical elements and requirements of the I5.0, including human–robot collaboration, cybersecurity, safety, and trust. The model enhances state-of-the-art I4.0 Industrial Internet of Things (IIoT) architectures with human-centered I5.0 features and functionalities. Based on this model, the present chapter introduces a set of blueprints that could ease the development, deployment, and operation of I5.0 applications. These blueprints address technical integration, trustworthy operations, as well as the ever-important compliance to applicable regulations such as General Data Protection Regulation (GDPR) and the emerging AI Act."
Examining Telework Adoption Through Cybersecurity and Industry 5.0,Artificial intelligence and Machine Learning,,,,10.1007/978-3-031-62843-6_36,Arturo BedonFrancisco A. PujolTamai Ramirez,2024,https://link.springer.com/chapter/10.1007/978-3-031-62843-6_36,Conference paper,"Teleworking has gained significant importance in recent years, especially with the arrival of Industry 5.0, where automation, digitalization and connectivity play a fundamental role in the transformation of industries. The COVID-19 pandemic has accelerated the adoption of teleworking, without people and organizations being prepared to do so. This has led to an increase in the number of successful cyberattacks attributed to executing activities remotely. For this reason, it is essential to examine the adoption of teleworking and its implications for cybersecurity in the context of Industry 5.0. Although there are investigations that have addressed these issues, we consider it pertinent to investigate the relationship between the adoption of teleworking, cybersecurity practices and the specific challenges that teleworking poses in the context of Industry 5.0. The objective of this research is to propose effective strategies that guarantee secure teleworking environments within the framework of Industry 5.0, based on the best cybersecurity practices in the industry. The research highlights the importance of implementing a series of measures to protect teleworking environments effectively. This includes secure network architectures, strong endpoint protection, multi-factor authentication, security awareness training, and proper incident response planning. Finally, we discuss the implications of blockchain for the security of remote work environments, including authentication, data integrity, fraud detection, and integration with machine learning."
Optimization Patterns Enabled by Industry 4.0/5.0 Data,Flexible Automation and Intelligent Manufacturing: Establishing Bridges for More Sustainable Manufacturing Systems,,,,10.1007/978-3-031-38165-2_70,Pierpaolo CaricatoAntonio Grieco,2024,https://link.springer.com/chapter/10.1007/978-3-031-38165-2_70,Conference paper,"Design patterns are widely adopted in software engineering and can be defined as “general design solutions to recurrent problems”. We extend this approach to improve the modeling activities required for addressing optimization problems, specifically those coming from production planning in manufacturing firms. We propose a general framework for optimization patterns, including general, problem and solver specific patterns as well as data connection patterns used to collect and effectively use the large data sets that can be provided by firms that adopt Industry 4.0 paradigm, or also the newer and complementary 5.0 paradigm. We then provide a vertical application of such patterns to address a strategic planning problem inspired by a real application in a manufacturing company operating in Italy. The case study shows all the main activities that begin with the problem description, continues through data definition and optimization patterns selection, finally leading to a prototypical solution to the problem."
Achieving Food Supply Chain Resilience During Natural Disasters Through Industry 5.0 Enablers—Empirical Insights Based on an FsQCA Approach,Information Systems Frontiers,,,,10.1007/s10796-023-10439-w,Subhadeep MandalArpan Kumar KarShivam GuptaUthayasankar Sivarajah,2023,https://link.springer.com/article/10.1007/s10796-023-10439-w,Article,"The purpose of this research is to establish the necessary and sufficient conditions for food safety and security during pandemic outbreaks, focusing on the case of COVID-19 to ensure resilience of the food supply chain. The study emphasises on the complexity theory of fuzzy set Qualitative Comparative Analysis (fsQCA), to establish a result-driven definition of Industry 5.0 (I5.0) during and post pandemics. The results of this study revealed that a combination of conditions derived from pandemic policy related reforms and I5.0 enablers will assist manufacturers and suppliers in establishing food safety and security during and post the COVID-19 era in a developing economy. Food safety and security being the goal, based on a survey of 140 food companies, this study provides insights to manufacturers and policymakers to enable selective implementation of I5.0 enabling technologies and pandemic policies."
"Can industry 5.0 technologies overcome supply chain disruptions?—a perspective study on pandemics, war, and climate change issues",Operations Management Research,,,,10.1007/s12063-023-00410-y,Shruti AgrawalRohit AgrawalAnil KumarSunil LuthraJose Arturo Garza-Reyes,2023,https://link.springer.com/article/10.1007/s12063-023-00410-y,Article,"Industry 5.0 (I5.0) is the next industrial revolution that will leverage human intervention in collaboration with intelligent, logical, and smart machines to attain even more user-preferred and resource-efficient manufacturing and supply chain solutions. The main aim of this article is to study I5.0 technologies in supply chains when these are affected by disruptive phenomena such as those created by wars, climate change or pandemics. A systematic literature review methodology was conducted to understand the present knowledge connected with this theme. This study summarises 194 research articles from the period 2009 to 2022 to understand the present knowledge connected with this theme. The research findings show a significant gap related to the adoption of I5.0 technologies to prevent or overcome supply chain disruptions. 194 articles, including journal and review articles, were identified in the literature. The study provides a novel and insightful concept related to I5.0 within the context of supply chain disruptions. The potential applications of I5.0 and Industry 4.0 are elaborately discussed in three areas, namely: (1) disruptions in supply chains due to pandemics; (2) disruptions in supply chains due to war; and (3) disruptions in supply chains due to climate change. Finally, this study highlights research implications and proposes future research avenues that will contribute to further exploring the adoption of I5.0 technologies to prevent, manage and overcome disruptions in supply chains."
The Role of&#xa0;IoT and&#xa0;3D Modeling in&#xa0;Shaping Industry 5.0,Artificial Intelligence Applications and Innovations. AIAI 2025 IFIP WG 12.5 International Workshops,,,,10.1007/978-3-031-97313-0_27,Myrto StogiaAsimina DimaraAlexios PapaioannouChristos-Nikolaos AnagnostopoulosKonstantinos KotisStelios Krinidis,2025,https://link.springer.com/chapter/10.1007/978-3-031-97313-0_27,Conference paper,"The shift from Industry 4.0 to Industry 5.0 represents a significant transformation in industrial ecosystems, prioritizing human-machine collaboration, sustainability, and ethical Artificial Intelligence (AI). This paper provides a concise overview of the crucial role played by the Internet of Things (IoT) in advancing Digital Twin (DT) technology, particularly in improving three-dimensional modeling capabilities. IoT-driven DTs facilitate adaptive, efficient, and sustainable industrial operations by integrating real-time data, utilizing predictive analytics, and supporting smart manufacturing. Unlike Industry 4.0, which focuses on automation and cyber-physical systems, Industry 5.0 reintroduces human intelligence to ensure that technological progress aligns with ethical, social, and environmental considerations. This survey examines challenges such as scalability, interoperability, energy efficiency, and cybersecurity while exploring innovations like cognitive DTs, 5G-powered IoT networks, and AI-driven decision-making. Additionally, it highlights key technological advancements, including edge computing, neuro-symbolic and conversational AI, blockchain for secure data management, and eco-friendly IoT solutions, paving the way for a resilient, human-centric industrial future."
An experimental hybrid customized AI and generative AI chatbot human machine interface to improve a factory troubleshooting downtime in the context of Industry 5.0,The International Journal of Advanced Manufacturing Technology,,,,10.1007/s00170-024-13492-0,Kahiomba Sonia KiangalaZenghui Wang,2024,https://link.springer.com/article/10.1007/s00170-024-13492-0,Article,"Throughout industrial revolutions, equipment downtime mitigations have been one of the ultimate goals of most factories. Several tools, such as human machine interface (HMI) alarming systems or predictive maintenance schedules, assist in reducing system downtime but still depend on the operators’ ability to swiftly retrieve, understand, and efficiently act upon reported failures. We propose the design of a hybrid experimental artificial intelligence (AI) and generative AI chatbot HMI that effectively extracts factory equipment conditions that are useful for troubleshooting and predictive maintenance analysis. We achieve these functions by feeding experimental factory-monitored data to the customized chatbot application tool running in its back-end, a Langchain agent linked to the OpenAI GPT\(-\)3.5 language model (LM) via OpenAI APIs. We design our chatbot front-end with Streamlit, an open-source web app. In the context of I5.0, our chatbot HMI uses personalized natural language, English, to interact with the operator, making the information extraction more understandable. We also integrate the generative AI capability of the GPT 3.5 LM that augments the factory data based on the loaded format to create a larger dataset for additional tasks like machine learning modelling. The experimental results show the accuracy of our customized chatbot HMI when retrieving data based on specific prompts and the advantages of a reduced troubleshooting time compared to operations in traditional factories, which are highly dependent on supervisors’ interventions. Our study provides a valuable example of upgrading standard factory HMIs to I5.0-capable ones by implementing customized AI and generative AI chatbots within operational industrial environments."
The Critical Role of Leadership in the Era of Industry 5.0,Decarbonization of Transport Energy Installations in the Context of Sustainable Development Strategies,,,,10.1007/978-3-032-05884-3_1,Mukuni JosephLapuzina Olena,2025,https://link.springer.com/chapter/10.1007/978-3-032-05884-3_1,Chapter,"This paper examines the emergence of Industry 5.0 and its implications for leadership development. It highlights the need to update curricula to include sustainable development skills alongside traditional leadership training. Industry 5.0 emphasizes collaboration between humans and technology, demanding leaders who can navigate this paradigm and integrate sustainability into their strategies. The paper explores the drivers of Industry 5.0, including its focus on humancentric approaches, and proposes frameworks for fostering competencies aligned with these objectives. By addressing the evolving requirements of Industry 5.0, the study offers insights into developing leaders capable of managing sustainability-focused transformations in modern organizations."
EcoSaver: AI and Blockchain Energy Efficiency Solution for Sustainable Industry 5.0,Integrating Advanced Technologies for Enhanced Security and Efficiency,,,,10.1007/978-3-031-91798-1_24,Fahima NiazDeepa JoseLalitha Kumari PappalaMalathy JawaharJoshuva BernardAadil MohideenG. Danial Dhinesh,2025,https://link.springer.com/chapter/10.1007/978-3-031-91798-1_24,Chapter,"In order to enhance energy efficiency and promote a future that is environmentally friendly, the paper presents “EcoSaver,” a novel strategy which makes use of cutting-edge technologies. EcoSaver offers a complete solution for manufacturing processes and energy management by fusing blockchain-based technology, artificial intelligence (AI), and Industry 5.0 principles. A distributed sensor network for real-time data collecting, blockchain for transparent and safe data management, Industry 5.0 principles for smart manufacturing, and AI-driven energy monitoring and optimization are all included in the suggested system. EcoSaver hopes to accomplish precise energy optimization, lower carbon emissions, and improved involvement of stakeholders through this synergy. The EcoSaver program's potential to promote energy-efficient behaviors and advance sustainability globally is highlighted in this paper's discussion of its objectives and implementation method."
Human-Centered Industry 5.0: Enhancing Supply Chain Resilience and Sustainable Practices,Artificial Intelligence and Applications,,,,10.1007/978-3-031-86623-4_38,Omar LeónBegüm KanatJavier PuenteIsabel Fernandez,2025,https://link.springer.com/chapter/10.1007/978-3-031-86623-4_38,Conference paper,"This study examines the relationship between Industry 5.0 (I5.0) and supply chain resilience (SCR) to enhance organizational sustainability. Emerging from Industry 4.0 (I4.0), I5.0 addresses concerns about dehumanization and environmental impact by promoting human-machine collaboration. The research analyzes data from 125 entrepreneurs using mediation and moderation models, revealing challenges like technological complexity and fair worker transitions. The findings confirm that I5.0 positively impacts SCR and sustainability, highlighting the need for effective implementation strategies. The study emphasizes the importance of aligning technological progress with human-centric principles to ensure sustainable organizational practices."
Accelerating Industry 4.0 and 5.0: The Potential of Generative Artificial Intelligence,Innovative Intelligent Industrial Production and Logistics,,,,10.1007/978-3-031-80760-2_29,Pedro Antonio BoaretoAnderson Luis SzejkaEduardo Freitas Rocha LouresFernando DeschampsEduardo Alves Portela Santos,2025,https://link.springer.com/chapter/10.1007/978-3-031-80760-2_29,Conference paper,"Industry 4.0 (I4.0) integrates technologies like the Internet of Things (IoT), Artificial Intelligence (AI), and robotics to create interconnected, intelligent, and autonomous production environments. This transformation drives innovation and competitiveness but poses challenges, including system integrations, investments, and workforce upskilling. This work explores the potential of Generative Artificial Intelligence (GAI) as an accelerator for I4.0 adoption considering Industry 5.0 (I5.0) requirements, using I4.0 reference architectures and the four key dimensions: Smart Manufacturing (SM), Smart Working (SW), Smart Products and Services (SPS), and Smart Supply Chain (SSC) to guide the analysis. The literature indicates that GAI has been applied in various domains, but there is a gap in comprehensive research to the industrial context. GAI’s potential contributions to SM and SW include generating insights, optimizing operations through Digital Twins (DT), predictive maintenance, and enhancing human-machine collaboration, aligning with the I5.0 concept on personalization and human-centric technology solutions. In SPS and SSC, GAI aids in product development, mass customization, production simulation, and inventory control, providing real-time support and improving supply chain efficiency. The paper concludes that GAI holds significant promise for enhancing I4.0 and I5.0. But further research is needed to learn its impact at each organizational level, develop best practices, and address data quality and integration challenges. Future work will involve a systematic literature review to deepen insights into the integration of GAI with I4.0 and I5.0, with a particular focus on the role of DT and their potential to create more connected and cognitive industrial solutions."
Historical Perspective of Circular Economy Growth from Industry 1.0 to 5.0,Sustainable Economy Models in the Age of Industry 5.0,,,,10.1007/978-981-96-4104-8_1,Pushpam SinghSukanta Kumar Baral,2025,https://link.springer.com/chapter/10.1007/978-981-96-4104-8_1,Chapter,"There has been a major transformation in economic and industrial practices that are increasingly centred on the concept of circular economy. It seeks to optimise resource utilisation by minimising its wastage and promote sustainable growth. This transformation is due to the historical revolutions that emerged from the late eighteenth century through Industry 1.0 to the continuing Fifth Industrial Revolution, which revolves around smart technologies. Every new era of industrialisation brought remarkable innovations and along with some challenges. The study reviews the historical progression of the circular economy by looking into every phase of industrial revolutions from Industry 1.0 to Industry 5.0. It offers a conceptual framework that addresses how technological innovations and industrial regulations have played an active part in shaping circular practices. It also discussed the challenges encountered during each phase of industrialisation. Lastly, it provides future solutions by drawing inferences from historical events for deriving new perspective on the circular economy in future. As this study is conceptual in nature, the historical events, progression, and challenges have been explained with the help of academic literature reviews, while stating the need of integrating industrial activities with circular economy practices."
Unleashing the Potential: Soft Computing in the Era of Industry 5.0,"Cybernetics, Human Cognition, and Machine Learning in Communicative Applications",,,,10.1007/978-981-97-8533-9_12,Nishitha PujalaCKishor Kumar ReddyKarthik PujalaSrinath Doss,2025,https://link.springer.com/chapter/10.1007/978-981-97-8533-9_12,Chapter,"The advent of Industry 5.0 heralds a new era characterized by heightened connectivity, automation, and symbiotic interaction between humans and machines. Within this transformative landscape, the application of soft computing methodologies emerges as a critical driver of innovation, offering a flexible and adaptive framework to address the intricate challenges posed by Industry 5.0 dynamics. Soft computing, encompassing diverse techniques such as fuzzy logic, neural networks, and genetic algorithms, presents a promising avenue for optimizing processes, enhancing decision-making capabilities, and fostering creativity across various industrial domains. This research endeavors to explore the multifaceted role of soft computing within the context of Industry 5.0, aiming to unravel its transformative potential and delineate practical implications for industry stakeholders. By synthesizing insights from a comprehensive review of literature and analysis of pertinent case studies, this paper aims to elucidate the diverse applications, inherent benefits, and prevalent challenges associated with the integration of soft computing methodologies in Industry 5.0 settings. Through an in-depth examination, the study seeks to provide nuanced insights into the mechanisms through which soft computing techniques can contribute to the optimization of industrial processes, the enhancement of decision-making processes, and the facilitation of innovation across diverse sectors. Furthermore, this research endeavors to offer forward-looking perspectives on the future trajectories of soft computing in Industry 5.0, identifying emerging trends, potential areas for further exploration, and pragmatic recommendations for researchers, practitioners, and policymakers alike. By synthesizing empirical evidence with theoretical insights, this paper seeks to contribute to a deeper understanding of the transformative potential of soft computing in driving sustainable growth and fostering resilience in the era of Industry 5.0. Through this holistic examination, the study aims to provide a comprehensive framework for leveraging soft computing methodologies as a catalyst for navigating the complexities of Industry 5.0 and unlocking new frontiers of industrial innovation and progress."
Industry 5.0 Vision Through Model-Based Systems Engineering and Artificial Intelligence,Contemporary Issues in Industry 5.0,,,,10.1007/978-3-031-74779-3_4,Aapo HölsäIsa BanagarQasim KhadimTero FrondeliusJuho KonnöAmin Mahmoudzadeh AndwariEmil Kurvinen,2025,https://link.springer.com/chapter/10.1007/978-3-031-74779-3_4,Chapter,"Industry 4.0, characterized by its heavy reliance on automation and data-driven technologies, poses risks of social inequalities and reduces human oversight, potentially leading to ethical dilemmas and decreased job satisfaction among workers. The extensive integration of cyber-physical systems (CPS) and cyber-physical production systems (CPPS) in Industry 4.0 also amplifies cyber security threats to individual privacy and industrial security, prompting a regulatory shift toward ethical artificial intelligence (AI) practices in Industry 5.0. This chapter outlines the vision of Industry 5.0 from the model-based systems engineering (MBSE) perspective, emphasizing the prioritization of technological advances alongside human-centric values. MBSE in Industry 5.0 is further elucidated using the marine engine crank train example. The results demonstrate how AI and MBSE can facilitate the decentralization of knowledge by eliminating technical barriers between personnel and information captured in the system model, how the system model can serve as a platform for digital twins (DTs), and how enhanced optimization algorithms and system patterns can be employed to allocate human resources more efficiently in development processes."
Transitioning from Industry 4.0 to Industry 5.0: An Overview of Co-Evolution,The Future of Industry,,,,10.1007/978-3-031-66801-2_3,Evgeny KuzminGuzalbegim RakhimovaUlugbek NurmanovKamolakhon Nasurova,2024,https://link.springer.com/chapter/10.1007/978-3-031-66801-2_3,Chapter,"Our inquiry into the transition from Industry 4.0 to Industry 5.0 commences by tracing the technological progression from preceding industrial revolutions. Through comparative analysis, we show that while Industry 4.0 and Industry 5.0 share a foundational technological framework, they diverge in their approaches to production processes and human involvement. Industry 4.0 laid the groundwork for significant changes in manufacturing through automation and digitization, while Industry 5.0 expands this approach by integrating human elements into technological processes and prioritizing social goals such as enhancing quality of life and reducing environmental impact. This conceptual shift does not seek to replace Industry 4.0 but rather complements and reinterprets it, presenting new challenges and opportunities. Our research identifies both contradictions and points of convergence between these technological paradigms, highlighting the need for further exploration of the relationship between technological advancement and social factors in industrial innovation. Looking forward, Industry 6.0 represents the next stage, which is expected to deepen the integration of digital technologies into the physical world. The study outlines avenues for the exploration of the co-evolution of industrial paradigms and our findings can be used to formulate strategies for sustainable development in the context of global socio-economic and environmental challenges."
Does Industry 5.0 Reproduce Gender (In)equalities at Organisations? Understanding the Interaction of Human Resources and Software Development Teams in Supplying Human Capitals,Information Systems Frontiers,,,,10.1007/s10796-023-10450-1,Erhan AydinMushfiqur RahmanEmir Ozeren,2023,https://link.springer.com/article/10.1007/s10796-023-10450-1,Article,"The aim of this study is to illustrate the significance of human resources and software development teams in the process of value co-creation, specifically in the provision of human capital within the framework of Industry 5.0. This investigation takes into account ethical considerations, machine ethics, and gender inequalities. In order to achieve this aim, we conduct semi-structured in-depth qualitative interviews with 12 Human Resources Specialists and 12 Computer Engineers in large scale organisations in Turkey. As a theoretical lens, we adopt modified grounded theory to explore the interaction of teams for demonstrating how they design and manage the digital process by considering the human–machine collaboration aspect of Industry 5.0. Based on the interviews, there are three main themes in the present research: digitalisation in tracking personnel data, ensuring ethical actions in digitalisation of organisational process, and reflections of digitalisation to gender inequality. Since studies on diversity and industry 5.0 are scarce, this research demonstrates the ethical and adverse aspects of industry 5.0, and how it reflects to gender inequality in organisations."
Integrating Industry 5.0 Competencies: A Learning Factory Based Framework,"Advances in Production Management Systems. Production Management Systems for Volatile, Uncertain, Complex, and Ambiguous Environments",,,,10.1007/978-3-031-65894-5_29,Lorenzo AgbomemewaFabio DanieleMichele FolettiMatteo ConfalonieriPaolo Pedrazzoli,2024,https://link.springer.com/chapter/10.1007/978-3-031-65894-5_29,Conference paper,"Industries across the world are witnessing profound technological paradigm changes, necessitating a new set of engineering skills and capabilities for the future workforce. This paper investigates the needed engineering competencies required to bridge the skill gap related to Industry 5.0. Our work analyses current educational frameworks on the topic and proposes a new concept based on the exploitation of learning factories. The paper showcases the conception, execution, and evaluation of a summer school program dedicated to such an objective. It discusses the structure, methodologies, and outcomes of this course, demonstrating the effectiveness of the proposed didactic framework. The findings offer valuable insights for educators and industry professionals alike in preparing the future workforce for the challenges and opportunities of Industry 5.0."
Role of Soft Computing in Industry 4.0 and 5.0,Soft Computing in Industry 5.0 for Sustainability,,,,10.1007/978-3-031-69336-6_2,RenuThandiwe Sithole,2024,https://link.springer.com/chapter/10.1007/978-3-031-69336-6_2,Chapter,"Industrial revolution has brought a change from agricultural and handicraft economy to industrial and machine manufacturing. Therefore there are first, second, third, fourth and fifth industrial revolutions and they are based on mechanization, electricity, automation, networking and personalization respectively. Further, soft computing was used in Industry 4.0 and 5.0. It works on the basis of genetic algorithms, fuzzy logic, machine learning, evolutionary computation and artificial neural networks. Soft computing is advantageous because there are numerous plants which are nonlinear and time-variant in nature and cannot be controlled easily while following the traditional methods. Therefore, soft computing plays a significant role.
However, in this book chapter, soft computing has been described along with its role in Industry 4.0 and 5.0. Further industrial core values have been described along with the comparison between Industry 4.0 and 5.0 based on different parameters, for example, time, role of human, technology, communication and production speed."
"An Introduction to Industry 5.0: History, Foundations, and Futures",Industry 4.0 to Industry 5.0,,,,10.1007/978-981-99-9730-5_1,Gary S. Metcalf,2024,https://link.springer.com/chapter/10.1007/978-981-99-9730-5_1,Chapter,"The meaning of Industry 5.0 continues to evolve. It originally implied a reaction to the excesses of technologies in Industry 4.0, the era of cyber-physical systems and the Internet-of-Things. In the short time since the term was first used, artificial intelligence has taken over public attention, bringing new questions and new meanings. Many of the influences shaping our technologies, however, date back to the first Industrial Revolution: efficiency, profitability, etc. Will those same influences continue to shape future technological developments, or is this an era in which humans can choose to make new choices?"
"Integrating Security into Industry 5.0: Challenges, Solutions, and Impacts",Industry 5.0 and Emerging Technologies,,,,10.1007/978-3-031-70996-8_13,Ali RadidAziza ChakirMohamed GhazouaniBenlahmar Habib,2024,https://link.springer.com/chapter/10.1007/978-3-031-70996-8_13,Chapter,"The emergence of Industry 5.0 represents a paradigm shift in manufacturing, characterized by the seamless integration of physical and digital technologies to create highly interconnected and intelligent production systems. This evolution promises unprecedented levels of efficiency, flexibility, and customization, revolutionizing the way goods are produced and consumed. However, with this integration comes increased vulnerability to cyber threats. Neglecting security in Industry 5.0 environments can have far-reaching consequences, including potential disruptions to operations, compromise of sensitive data, and even physical safety risks. Given the interconnected nature of Industry 5.0 systems, a breach in security can propagate rapidly across entire production networks, leading to significant economic and reputational damage. Therefore, it is crucial to prioritize cybersecurity in Industry 5.0 to safeguard against these risks and ensure the resilience and sustainability of future manufacturing ecosystems. This research aims to investigate how the principles of Industry 5.0, characterized by a close convergence between physical and digital technologies, can be secured against emerging cyber threats. It explores the unique security challenges posed by Industry 5.0 and proposes strategies and solutions to mitigate these risks."
Green Smart Manufacturing: Potentials and Limits Toward Industry 5.0,"Innovation, Quality and Sustainability for a Resilient Circular Economy",,,,10.1007/978-3-031-28292-8_55,Raffaella TaddeoVeronica CasolaniAlberto Simboli,2024,https://link.springer.com/chapter/10.1007/978-3-031-28292-8_55,Conference paper,"In recent decades, progressive industrial digitalization has provided companies with an increasing capability to improve the efficiency of processes and quality products. In the recent frameworks of Industry 4.0, the pursuit of greater efficiency in the use of material, energy, and human resources assumes increasing importance in achieving the three goals—environmental, economic, and social—of sustainability. Even if the issue is widely debated, the mechanisms by which these technologies are applied from a life-cycle perspective, how they interact with each other, and how they produce effects on sustainability remain to be explored. The article aims to contribute to filling this gap by investigating the role played by so-called smart technologies in the context of green manufacturing. The study, through a critical analysis of the most recent scientific literature, provides a systematization of the technologies and solutions in the various stages of an ideal product life cycle, highlighting their operating interactions and potential effects in terms of sustainability, toward the future paradigm of Industry 5.0."
A Digital Twin Framework for Industry 4.0/5.0 Technologies,"Product Lifecycle Management. Leveraging Digital Twins, Circular Economy, and Knowledge Management for Sustainable Innovation",,,,10.1007/978-3-031-62578-7_2,Mansur AsranovKhurshid AlievPaolo ChiabertJamshid Inoyatkhodjaev,2024,https://link.springer.com/chapter/10.1007/978-3-031-62578-7_2,Conference paper,"Industry 4.0 Paradigm unleashed tremendous opportunities to boost economical and societal transitions for the business and improved living standards of society, while Industry 5.0 is extending previous technological breakthrough in steering transformation, stimulating industry and society to be human-centric, sustainable, resilient, and green. Digital Twins, in turn, play a key role as enabler in such transformation. Heterogeneity of manufacturing technologies imposes specific challenges in developing and adopting Digital Twins. The main goal of this paper is to propose, assess and justify a robust and open framework of Digital Twins for manufacturing technologies, such as collaborative and mobile robots, as well as subtractive manufacturing machines. A framework eventually can be used by SME, while also in Educational and Research Institutions."
Sustainable Floating City Production Systems—Moving Towards Industry 5.0,Proceedings of the Third World Conference on Floating Solutions,,,,10.1007/978-981-97-0495-8_10,Ana C. PereiraRutger de GraafFen-Yu Lin,2024,https://link.springer.com/chapter/10.1007/978-981-97-0495-8_10,Conference paper,"It has been more than a decade since the concept of Industry 4.0 was first introduced, yet experts have already begun to talk about what the next revolution will be: Industry 5.0. Over the past years, emphasis has been given to digitalization and the use of disruptive technologies to enhance efficiency and flexibility. Now, Industry 5.0 has shifted the focus to social priorities, being centered on the value of a human-centric industry and its service to humanity. Industry 5.0 is an extension of the Industry 4.0 paradigm, aiming to create a more conscious and responsible industry. It focuses on areas such as environmental protection, social responsibility, and adherence to fundamental rights. This strategy is not meant to replace the existing Industry 4.0, but rather to complement it into the future, allowing industry to co-exist with societal trends and needs, fostering the development of sustainable, resilient and human-centered systems. This paper aims to draw the link between Industry 5.0 and floating city production system as both address the pressing trends and needs of the present and the future. Floating cities offer a solution to land shortage problems faced in coastal areas by utilizing sea surface. This new market presents an opportunity to address the values of Industry 5.0, such as taking action against climate change, promoting the use of clean energy, and protecting the environment in order to create a brighter, cleaner, and healthier world. Sustainable development in this context is relying on Industry 5.0 principles to ensure progress in threatened areas and improve climate resilience. It is possible to create cities which are powered by renewable energy sources and are in harmony with the environment, leading to lower emissions and improved air quality, offering an adaptive, resilient and sustainable solution to the rising sea levels and a changing climate. Therefore, this article reflects on industrial trends for the development of floating solutions and the synergies that can be created between Industry 4.0 and Industry 5.0 in this context. The floating industry has the particularity of being able to create a symbiosis between these two paradigms. On the one hand, it is essential to improve industrial processes and increase their efficiency to ensure competitiveness and, on the other hand, it is urgent to create human-centric, resilient and sustainable systems that are able to respond to the current societal problems, in order to provide better quality of life for future generations."
Artificial Intelligence-Based IoT-Edge Environment for Industry 5.0,IoT Edge Intelligence,,,,10.1007/978-3-031-58388-9_4,Souvik Pal,2024,https://link.springer.com/chapter/10.1007/978-3-031-58388-9_4,Chapter,"Industry 5.0 represents a major shift in manufacturing, emphasizing the integration of human-centered processes alongside cutting-edge technologies. The deployment of artificial intelligence (AI) in edge contexts, which includes bringing computer resources closer to the location where data is generated, is a critical aspect in this advancement. This chapter discusses the creation and deployment of an artificial intelligence (AI)-powered edge environment specifically built for Industry 5.0. The goal is to improve industrial operations’ efficiency, adaptability, and reactivity. The chapter uses artificial intelligence to manage and study real-time data at the network’s edge, reducing latency and promoting faster decision-making. This integration of AI and IoT and edge allows for the deployment of predictive maintenance, effective quality control, and the optimization of manufacturing processes, all of which contribute to a more proactive and adaptive industrial environment. The application of AI algorithms in collaborative robotics dramatically enhances workforce efficiency and safety. Furthermore, the edge environment serves as a platform for the seamless and efficient interaction of cyber-physical systems and human operators, resulting in the creation of a connected and highly responsive industrial ecosystem. Edge computing significantly mitigates the security and privacy risks inherent in AI applications by minimizing the need for huge data transfers to centralized cloud servers. Edge-based artificial intelligence (AI) solutions offer a decentralized technique for improving data privacy and reducing vulnerability to cyber threats. This chapter especially suited to firms looking to capitalize on the disruptive prospects presented by Industry 5.0 with integration of AI and Edge. Using real-world case studies and simulations, this chapter demonstrates the usefulness and practicality of the proposed AI-based edge environment in encouraging innovation and competitiveness in the manufacturing industry. However, the true value of IoT devices is realized through the utilization of edge computing, which provides the necessary resources. Artificial intelligence algorithms are essential for inferring information in edge computing. In addition, the data collected from IoT applications is typically unstructured and requires additional analysis. AI-based models are utilized to extract pertinent information. In addition, when exchanging data between devices, there is a possibility of harmful attacks. Therefore, this chapter delves into the concept of Industry 5.0, the architecture of the Internet of Things (IoT) and AI-driven edge devices. We thoroughly examine the technical aspects of IoT networks and the technologies that facilitate communication. Next, we explored a range of AI-driven technologies that are incorporated into Edge environments, including AI-powered tools, edge computing, and trust models for edge devices."
Digital Fashion and Social Media Influencer in Industry 5.0,Illustrating Digital Innovations Towards Intelligent Fashion,,,,10.1007/978-3-031-71052-0_4,Vijay Prakash GuptaShebin ShariefShiva Rani,2024,https://link.springer.com/chapter/10.1007/978-3-031-71052-0_4,Chapter,"The convergence of Digital Fashion and Social Media Influencers is catalyzing a transformative shift within the fashion industry. This synergy has given rise to novel developments such as virtual clothing and augmented reality try-ons, challenging conventional norms. Platforms like Instagram and TikTok have emerged as potent forces, shaping fashion trends and consumer perceptions through the influential voices of social media tastemakers. This chapter delves into the intricate interplay between Digital Fashion and Influencers, unraveling the mechanisms that sculpt the contemporary fashion narrative amidst the dynamic interaction of technology and style. It underscores the evolving landscape of the fashion industry, accentuating the pivotal role of influencers as bridges between brands and consumers, while urging industry stakehoers to embrace digital transformation and forge strategic influencer partnerships to shape the future of fashion. Examining Digital Fashion and Social Media Influencers through the lens of Industry 5.0 exposes their revolutionary influence, driving innovations like virtual apparel and augmented reality experiences that challenge existing industry paradigms. Influencers leveraging platforms such as Instagram and TikTok wield immense power in dictating fashion trends and consumer behavior, contributing to the seamless integration of technology and fashion. This chapter serves as a strategic roadmap, advocating for industry adaptation to digital transformation and the cultivation of influencer alliances to unlock new frontiers in defining the future of fashion within the ever-changing realms of technology and style. By synthesizing insights from academic literature, industry reports, and real-world observations, it provides a holistic perspective on this dynamic interplay. The findings highlight the transformative potential of digitalization and influencer partnerships, offering valuable insights for industry stakeholders as they navigate the shifting terrain of fashion in the Age of Industry 5.0."
Advancing Industry 5.0: An Extensive Review of AI Integration,Industry 5.0 and Emerging Technologies,,,,10.1007/978-3-031-70996-8_1,Salwa IdamiaHafida Benseddik,2024,https://link.springer.com/chapter/10.1007/978-3-031-70996-8_1,Chapter,"As industries the shift from Industry 4.0 to Industry 5.0, focusing on the integration of advanced technologies becomes increasingly apparent. Artificial intelligence (AI) emerges as a pivotal component in this evolution, offering new avenues for enhancing productivity and quality in manufacturing processesThis study provides a comprehensive survey of AI-based methods, applications, and challenges within the context of Industry 5.0. The results of the article reveal that AI is essential in driving efficiency and innovation across various industrial sectors, enabling predictive maintenance, autonomous decision-making, and adaptive production processes. However, the study also identifies limitations associated with AI integration, including concerns regarding privacy of data, security measures, and ethical implications, as well as potential job displacement. Despite these challengesthe potential for transformation through AI in Industry 5.0 underscores the need for effective management and consideration of workforce implications to maximize its benefits."
Exploring the Impact of Industry 5.0 on Organizational Maturity,Industry 5.0 and Emerging Technologies,,,,10.1007/978-3-031-70996-8_15,Aziza ChakirMeryem Mnouni,2024,https://link.springer.com/chapter/10.1007/978-3-031-70996-8_15,Chapter,"The emergence of Industry 5.0 represents a major transformation in the industrial landscape, characterized by the close integration between advanced digital technologies and production processes. This transition involves not only technological changes, but also significant organizational adjustments. In this study, we explore the impact of Industry 5.0 on the organizational maturity of companies. Using a conceptual framework based on organizational maturity models, we examine how companies adapt to the new requirements of Industry 5.0 and evolve in their journey towards a higher organizational maturity. The results of this research provide valuable insights for practitioners and decision-makers on how to optimize their transition to Industry 5.0 while strengthening the maturity of their organization to remain competitive in a rapidly changing environment."
Model of Relationship Between Circular Economy and Industry 5.0,"Artificial Intelligence for Knowledge Management, Energy and Sustainability",,,,10.1007/978-3-031-61069-1_16,Adam Sulich,2024,https://link.springer.com/chapter/10.1007/978-3-031-61069-1_16,Conference paper,"This research examines the interaction between Industry 5.0's role in developed European nations and their efforts to achieve a Circular Economy (CE). Both concepts are innovative socially, sustainable ecologically, and viable economically. Specifically, the study focuses on the European Union (EU), exploring how CE initiatives are integrated within its member states using various representational variables. The primary goal of this research is to develop an econometric model that elucidates the impact of CE activities on the advancement toward Industry 5.0, potentially indicating a significant shift in the approach to technology and the environment. Within the EU context, the study delves into the complexities of CE, utilizing selected indicators and data from Eurostat. Methodologically, the research employs both the taxonomic method and regression analysis. It also highlights the importance of Industry 5.0 in incorporating Sustainable Development (SD) principles across various sectors, thus underlining its key role in driving broader economic transformation through technological innovation. The study posits that the path of economic development is influenced by strategic management where the outcomes of Industry 5.0, in concert with CE principles, play a pivotal role in promoting green jobs, bolstered by eco-innovation and green patents."
Correction to: Students Intention Towards Digital Entrepreneurship – Industry 5.0,Global Economic Revolutions: Big Data Governance and Business Analytics for Sustainability,,,,10.1007/978-3-031-50518-8_19,C. NagadeepaK. P. Jaheer MuktharEdwin Asnate-SalazarJorge Castillo-PiconRosario Yslado MéndezSandra Mory-Guarnizo,2024,https://link.springer.com/chapter/10.1007/978-3-031-50518-8_19,Conference paper,"In the originally published version of chapter 18, the author affiliations were incorrectly assigned. This has been corrected."
"Industry 5.0, Future of Workforce Beyond Efficiency and Productivity","Innovation, Sustainability, and Technological Megatrends in the Face of Uncertainties",,,,10.1007/978-3-031-46189-7_2,Manbo HeBadr-un-nisa Chand,2024,https://link.springer.com/chapter/10.1007/978-3-031-46189-7_2,Chapter,"Industry 5.0 is revolutionary in the sense that it proposes a very different approach for industries and economies to succeed in a sustainable manner. Industry 5.0 emphasizes the need for an eco-friendly and human-centric production system that promotes workforce well-being and empowerment using flexible and adaptable technologies. The technologies in Industry 5.0 are agile and resilient and offer sustainable development while respecting planetary boundaries. In short, Industry 5.0 is based on the integration of the four Ps principle, people, planet, profit, and processes. The key elements/drivers of Industry 5.0 are (1) Reduced cost due to resource efficiency, (2) Improved safety and well-being, (3) Empowered workers remaining in control, (4) Competitive edge in new markets, (5) Adapted training for evolving skills, and (6) Competitive industry by attracting the best talent.
Although Industry 5.0 is still a new concept, and the technologies used in it are still being developed and refined, it holds great value for both businesses and society as a whole. From the introduction of a range of environmentally friendly technologies to offering flexibility through customization and personalization, from addressing workplace safety concerns to increasing the efficiency of manufacturing processes, Industry 5.0 promises a significant impact on the future of mankind and the planet."
Smart Healthcare: Paradigm Shift in Industry 5.0 Using AI,Recent Trends in Artificial Intelligence Towards a Smart World,,,,10.1007/978-981-97-6790-8_3,Hemant YadavPooja YadavNandkishor JoshiS. C. Sharma,2024,https://link.springer.com/chapter/10.1007/978-981-97-6790-8_3,Chapter,"An enormous revolution is happening within the healthcare industry in the twenty-first century with the development of Artificial Intelligence (AI). With the coming of artificial intelligence and its application in healthcare businesses, the chapter looks at the worldview move in smart healthcare. Having moved from Industry 4.0 to Industry 5.0, the healthcare industry has gone through a change that has given the industry an unused dimension and a sensational alter. This paradigm shift, known as Smart Healthcare, heralds a new era of personalized, proactive, and efficient healthcare delivery. Leveraging AI technologies, Smart Healthcare optimizes various aspects of healthcare operations, including personalized medicine, predictive analytics, remote patient monitoring, medical imaging, drug discovery, and virtual health assistants. This chapter explores the implications of AI in Smart Healthcare within the context of Industry 5.0, highlighting its potential to revolutionize healthcare delivery, improve patient outcomes, and address ethical considerations and data privacy concerns."
Futuristic Challenges in Circular Economy: Transforming Challenges into Opportunities in Industry 5.0,Sustainable Economy Models in the Age of Industry 5.0,,,,10.1007/978-981-96-4104-8_14,Gayatri RathiSamta Kathuria,2025,https://link.springer.com/chapter/10.1007/978-981-96-4104-8_14,Chapter,"Sustainability through a circular economy using artificial intelligence within the context of Industry 5.0 is therefore a viable line of development. Industry 5.0 focuses on the placement of people alongside smart technology to work together and best fit circular economy guidelines, including waste reduction, better resource utilization, and recycling. This study also explores whether AI has a role in making linear industries circular by offering cutting-edge technological applications for waste and resource management, as well as supply chain traceability utilizing predictive modelling, self-acting sorting, and digital replicas. The research methodology of the study is done after reviewing high-quality research reviews and articles to draw evidence from existing literature and case studies to establish the use of AI in the circular economy to overcome these challenges. Further, the absence of clear legislation to address the use of AI in circular models hinders the advancement of circular economy applications, particularly in developing nations that have poor technological environments. To overcome these challenges, this study proposes a behavioural systems approach. Finally, outlining the state-of-the-art advancements of AI, the paper appeals to industries, policymakers, and communities for cooperation to realize AI’s potential and pursue the Industry 5.0 goals for developing a sustainable and resilient economy worldwide."
Exploring Industry 5.0: An Overview of AI-Driven Production Scheduling and Sequencing,"Organizational Engineering, Coping with Complexity",,,,10.1007/978-3-031-82334-3_114,J. Paredes-QuevedoJ. MulaM. Díaz-Madroñero,2025,https://link.springer.com/chapter/10.1007/978-3-031-82334-3_114,Conference paper,"This article is a preliminary analysis of the existing scientific literature on the use of artificial intelligence algorithms and optimisation techniques for production scheduling and sequencing in Industry 4.0 and 5.0 smart manufacturing environments. Ninety-one relevant articles are identified that address issues related to production planning and job scheduling in smart factories. Approaches like reinforcement learning, genetic algorithms and hybrid systems to improve efficiency, flexibility and sustainability in manufacturing processes are highlighted. It also discusses differences in Industry 4.0 and 5.0 issues and current challenges, and suggests future research areas to optimise scheduling and sequencing in these advanced manufacturing environments."
Achieving FIT Manufacturing Through the Lens of Industry 5.0? A Lean Perspective,Proceedings of the 1st International Conference on Sustainability and Emerging Technologies for Smart Manufacturing,,,,10.1007/978-981-97-7083-0_32,Ton Nguyen Trong HienNoppadol AmdeeAdisak Sangsongfa,2025,https://link.springer.com/chapter/10.1007/978-981-97-7083-0_32,Conference paper,"There are still gaps in the literature, as there is a lack of comprehensive evaluations regarding whether the fifth industrial revolution contributes to businesses achieving leanness, one of the three components of FIT manufacturing, the production philosophies that aid businesses in optimizing operations, responding to market changes, staying competitive, innovative and fostering sustainable development. The effectiveness of the fourth industrial revolution in delivering clear benefits in this regard remains unproven. To avoid redundancy with previous studies, a combined approach utilizing keyword analysis through preference landscape analysis and content analysis was employed. To this end, extracting all relevant papers and deeply analyzing studies from the Scopus database, the study results reveal that Lean research within the context of the fifth industrial revolution is still in its early stages. While existing research shows promising signs compared to previous revolutions, answering this question requires further time to assess the long-term costs and benefits."
Strategies for&#xa0;Aligning Responsible Leadership and&#xa0;Ethical Values in&#xa0;Industry 5.0 Businesses,The Nineteenth International Conference on Management Science and Engineering Management,,,,10.1007/978-981-95-1595-0_51,Filipe FareloSusana Duarte,2025,https://link.springer.com/chapter/10.1007/978-981-95-1595-0_51,Conference paper,"The transition from Industry 4.0 to Industry 5.0 marks a paradigm shift from a technology-driven focus to a more human-centric approach. This evolution emphasizes the need for ethical and responsible leadership to address the ethical challenges and failures associated with advanced technologies. Industry 4.0, known by the proliferation of automation, artificial intelligence, and interconnected systems, has enabled unprecedented efficiency and innovation. However, it has also highlighted significant ethical failures, including data privacy breaches, workforce displacement, and environmental degradation among others. These issues necessitate a new strategy based on a leadership approach that prioritizes ethical values and a focus on the service to others, as sustained in the Ignatian tradition. Industry 5.0 builds upon the foundations of Industry 4.0 by integrating human values into technological advancement. It seeks to harmonize human capabilities with machine efficiency, fostering sustainable and inclusive growth. Within this context, responsible leadership emerges as a critical factor in ensuring that organizations navigate the ethical complexities of this new industrial era. Leaders must champion transparency, inclusivity, and sustainability while addressing the ethical dilemmas posed by human-machine collaboration, artificial intelligence, and data governance. The concept of human-centricity is central to Industry 5.0, demanding leaders who can balance technological innovation with the well-being of employees, customers, and society at large. Ethical failures, such as biased algorithms or exploitative labor practices, undermine the potential benefits of Industry 5.0 and highlight the necessity of proactive ethical oversight. This paper argues that responsible leadership, grounded in the Ignatian way of doing things, is essential to mitigating these challenges and ensuring that the transition to Industry 5.0 fosters trust, equity, and sustainability. By exploring the interplay between ethical failure, Ignatian leadership, and human-centricity, this study contributes to navigate the complexities of the Industry 5.0 landscape."
"Empowering the Workforce for Industry 5.0: Skills, Training, and Human-Centric Transformation",Building a Human-Centred Infrastructure for Sustainable Industry 5.0 in Asia,,,,10.1007/978-981-95-0417-6_3,Malla JogaraoJ. Siva Durga PrasadP. Sanjeevi,2025,https://link.springer.com/chapter/10.1007/978-981-95-0417-6_3,Chapter,"Industry 5.0 represents a critical milestone in the evolution of industries, transitioning from a domain governed by the mechanisms of automation and efficiency to a society that focuses on serving people through the partnership of people and intelligent systems. This chapter explores the critical dimensions of workforce empowerment of Industrial 5.0 as these skills, training, and human-centric transformation are changing work. With the adoption of technologies such as artificial intelligence, robotics, and the Internet of Things (IoT), workers’ roles are becoming high-level problem-solving, strategic decision-making, and creative problem-solving, along with working with machines to create synergistic collaboration. For this transition to occur, workforce development strategies must rise to the challenge of transforming workers into those capable of operating in a human-cyber collaborative ecosystem. The chapter addresses the uniqueness of Industry 5.0 compared to Industry 4.0 by signaling its importance in sustainability, personalization, and inclusivity. It investigates the skills gaps in this transformation, paying special attention to the increased significance of soft skills, interdisciplinary knowledge, and adaptability. It studies existing workforce readiness and highlights barriers that should be addressed to ensure alignment with Industry 5.0 requirements. The chapter identifies real gaps to be filled through skills development, focusing on reskilling, upskilling, and the need for lifelong learning. They also focus on how tools like Augmented Reality, Virtual Reality, and AI-driven personalized learning can be integrated. Successful training models, and partnerships between industry and education systems, highlight the importance of collaborative approaches. In addition, the potential of government policies to help facilitate equitable access to training and overcome infrastructure hurdles is examined. The chapter also examines the ethical and humanized aspects of workforce development and argues for inclusive training programs that promote gender parity, age diversity, and regional balance. It emphasizes the need to cultivate a culture of collaboration between humans and intelligent systems, dealing with psychological resistance to change, and guaranteeing worker well-being in the face of technological upheavals. The chapter examines some of the fast trends in workforce empowerment—the hybridization of job roles and the types of future technology that will impact education and labor markets. By presenting a holistic framework for skill development and workforce training to emphasize that human empowerment is a critical resource that determines the sustainability of innovation and inclusive growth in Industry 5.0. It concludes a call to action for governments, industries, and educational institutions to come together to support the development of a future-ready workforce for the Industry 5.0 human-centric industrial environment."
Sustainable Resilient Strategies to Tackle Disruptions in the Era of Industry 5.0,Green Manufacturing Technologies in Industry 5.0,,,,10.1007/978-981-95-0363-6_5,Mohammad Yavari,2025,https://link.springer.com/chapter/10.1007/978-981-95-0363-6_5,Chapter,"The emergence and evolution of Industry 5.0 has coincided with the increase in disruptions. These disruptions can be caused by human actions, such as terror attacks and labor strikes, or by natural events like floods and pandemics. In recent years, the COVID-19 pandemic has revealed major weaknesses in production systems and supply chains in the presence of disruptions. The occurrence of disruptions not only affects the economic aspect of the supply chain but also has negative impacts on the environmental and social dimensions of sustainability. To deal with disruptions, several traditional resilience strategies have been developed and used in different industries. Some of these resilience strategies have sustainability implications. Furthermore, focusing solely on sustainability makes production systems and supply chains more vulnerable to disruptions. Therefore, the interplay between sustainability and resilience must be properly addressed. New technologies of Industry 4.0 and its subsequent evolution into Industry 5.0 have provided significant potential to contribute to the resilience and sustainability of supply chains simultaneously. The pillars of Industry 5.0 rely on increased resilience, sustainability, and a human-centric approach. In this regard, this chapter first explores various aspects of resilience and sustainability issues in manufacturing supply chains. We will review the evolution of sustainability, proactive, and reactive resilience strategies, and the main approaches to balancing resilience and sustainability. Next, this chapter develops a framework for using the capabilities of new technologies such as blockchain to develop new resilience strategies, on the one hand, and to foster human-machine collaboration, on the other hand, to create a dynamic real-time optimization decision-making environment to ensure the sustainability and resilience of manufacturing supply chains. The proposed framework uses real-time disruption probability data to continuously update decisions and resilience strategies and addresses disruptions in a dynamic environment where the disruption probability of facilities and their interconnected links changes over time."
"Digital Banking Transformation in Asia: Fintech, Inclusion, and Future of Industry 5.0",Building a Human-Centred Infrastructure for Sustainable Industry 5.0 in Asia,,,,10.1007/978-981-95-0417-6_5,Ritu WadhwaPurwa SrivastavaRushina SinghiKiran Jindal,2025,https://link.springer.com/chapter/10.1007/978-981-95-0417-6_5,Chapter,"The era of digitization has transformed manual processes into digital services by reducing human errors, saving time, and increasing customer loyalty to the services offered by any organization. COVID-19 has brought a boom in the roles of digitization in the banking sector. Banking and payments, an essential foundation of the economy, have experienced a significant increase in digital offers and uptake. The pandemic has hastened the adoption of digital technologies, with far-reaching implications for the future of the banking sector and the entire financial ecosystem. It is also imperative that banks, FinTech companies, payment system operators, regulators, and even telcos take part in an integrated approach to promote financial inclusion programs. This collaborative approach became key in bringing more people into the digital banking fold, banked and unbanked. The adoption of innovative fintech practices like artificial intelligence (AI), blockchain etc., are the key driver toward building a human-centred infrastructure aligned with the goals of Industry 5.0 in Asia. The purpose of this research is to analyze and probe into the pros and cons of the evolving roles of digitization in the banking sector and unfold the fintech practices. The research is essential as it emphasizes how digitization is solving fundamental unsolved difficulties in the banking industry and becoming a major disruptor in the financial sector."
What Ergonomics and Human Factors Return of Experience Tells to Industry 5.0,Proceedings of the 10th International Ergonomics Conference,,,,10.1007/978-3-031-88134-3_5,Bernard MichezPascal EtienneAleksandar ZunjicPedro FerreiraGyula Szabó,2025,https://link.springer.com/chapter/10.1007/978-3-031-88134-3_5,Conference paper,"Current discourses emphasise that Industry 5.0 will present a more ethical vision, integrating sustainability, environment, and social aspects. In Industry 5.0, rather than basing business strategy on a logic of production performance, humans should be the driving force behind factory competitiveness. In this approach, taking the environment into account has become a stake. New waste recovery methods are possible, as well as using renewable energies or integrating sensors to reduce energy consumption. But how should these goals be achieved? How are such technical solutions to be developed and implemented so that they are effectively placed at the service of such goals? What is being considered in terms of the social transformations that are needed to ensure that effectiveness? There seems to be an underlying belief that technological solutions will put in motion the necessary transformations at all levels or that other aspects of that transformation are of minor importance and will not compromise the effectiveness of Industry 5.0 vision. History has shown countless times that this is unrealistic and that more interdisciplinary and integrated approaches are needed. Perhaps even more so than at any other previous era of transformation, given the depth and breadth of the foreseeable impacts. The technical approaches that we have been able to listen to give no information on these issues. Our profession has a lot to say and do about this. The presentation will show the framework within which we can act and provide an illustrated example of the necessity of including human functioning in design."
Transforming Circular Economy Through Industry 5.0: A Deep Dive into Sustainable Innovations,Sustainable Economy Models in the Age of Industry 5.0,,,,10.1007/978-981-96-4104-8_15,Gayatri RathiSamta Kathuria,2025,https://link.springer.com/chapter/10.1007/978-981-96-4104-8_15,Chapter,"Industry 5.0 has further implications for taking sustainability forward by linking up with the circular economy as a valuable avenue to advance and reinvigorate circular practices within manufacturing and supply contexts. Industry 5.0 deals with the integration of humans and advanced intelligent machines with the help of intelligent technologies like AI, robotics, and blockchain. Applying it to the circular economy where reduction in resource use, recycling, and reuse matters, Industry 5.0 can catalyze the changes. This paper identifies Industry 5.0 as the solution to current disruptions such as smart manufacturing, digital twins, and a transparent supply chain. For instance, the circular economy popularized in the European Union through a circular economy action plan and Japan’s smart factories where these technological advancements have enhanced recycling, wastage, and resource utilization. However, downside risks involving the increased implementation costs, system integration problems, and absence of uniform international standards remain an issue and repercussions are felt most severely in the developing nations. About these challenges, this study suggests policy intervention in the form of technology development endorsement through tax credit schemes and public-private partnerships alongside availing a development program to increase the literacy levels of workers in circular economy models. In the long run, therefore, Industry 5.0 presents a potential way forward for a more sustainable economy globally although the process’s challenges cannot be ignored."
An Assignment Model for High-Cognitive-Workload Maintenance Activities in Industry 5.0,Industrial Engineering and Operations Management,,,,10.1007/978-3-031-80785-5_14,Micaela VittiFrancesco FacchiniClaudio SassanelliGiovanni Mummolo,2025,https://link.springer.com/chapter/10.1007/978-3-031-80785-5_14,Conference paper,"Industry 5.0 paradigm emphasises human-centricity, sustainability, and resilience in production systems. If, on the one hand, Industry 4.0 (I4.0) promoted production efficiency and quality through the development and implementation of advanced technologies, on the other hand, this paradigm has main limitations due to the limited consideration of industrial sustainability and workers’ welfare. In the I4.0 context, the operator may face cognitive overload due to the inherent complexity of ordinary activities. In this scenario, maintenance operations are of utmost relevance. They are indeed critical in any production context, as they are not value-adding but directly determine factors such as the safety and performance of industrial systems. In the context of I4.0, a paradigm known as Maintenance 4.0 has developed, which involves adopting advanced technologies for maintenance activities. While this paradigm allowed for advantages such as the implementation of predictive maintenance policies, it has also complicated ordinary activities, especially from a cognitive point of view. To this concern, the objective of the present work consists of a task assignment model that supports the company in identifying the proper operator/s to accomplish maintenance tasks with high cognitive workloads. Identifying the proper operator for each task led to reducing the probability of accidents, increasing human well-being, and improving the reliability of the maintained assets. A numerical application of the proposed model proved its effectiveness in identifying the operator to be assigned a specific maintenance activity based on its skills and considering the cognitive workload of previous maintenance tasks assigned to the same operator."
Emerging Trends and Future Directions in Photonics and Optoelectronics for Industry 5.0,Photonics and Optoelectronics in Industry 5.0,,,,10.1007/978-981-96-7594-4_11,Garima Chanana,2025,https://link.springer.com/chapter/10.1007/978-981-96-7594-4_11,Chapter,"The rapid evolution of Industry 5.0 emphasizes human-centric, sustainable, and intelligent systems, where photonics and optoelectronics play a pivotal role in shaping the future of industrial applications. This chapter explores the fundamental principles of photonics, key technological advancements, and their integration into next-generation industrial systems. Emerging trends such as smart photonic sensors, integrated photonics, quantum photonics, AI-driven photonic design, and energy-efficient optoelectronic technologies are analysed for their transformative potential. Furthermore, the chapter discusses applications in smart manufacturing, high-speed communication, health care, security, and defence, highlighting how photonics enhances efficiency, precision, and sustainability. While the field presents challenges related to scalability, cost, and hybrid integration, ongoing research is driving innovative solutions to overcome these barriers. Future directions, including advancements in quantum photonics, AI-optimized optical systems, and neuromorphic photonics, are expected to redefine industrial automation and communication. Ultimately, photonics and optoelectronics will serve as fundamental enablers of Industry 5.0, fostering a more connected, intelligent, and sustainable industrial landscape."
"An Overview of Industry 5.0: Key Features, Advantages, Limitations and Future Directions",Tech Fusion in Business and Society,,,,10.1007/978-3-031-84628-1_53,Muhamed Abdelhamed Bakhet AbdallaRajkumar PalaniappanSathees Kumar NatarajNoaman M. NoamanVikneswaran VijeanFizza Ghulam Nabi,2025,https://link.springer.com/chapter/10.1007/978-3-031-84628-1_53,Chapter,"This paper provides an introduction to Industry 5.0 as the fifth wave of the industrial revolution. The paper provides insight into some key characteristics such as collaboration, sustainability and personalization that define this era of industrial revolution. Further this paper also explores both advantages and disadvantages related with Industry 5.0, such as costs, skills gaps, security/privacy concerns and ethical dilemmas. For the moment, its advantages include flexibility, sustainability, creativity, and innovation. Industry 5.0 impacts many different industries such as manufacturing, healthcare, agriculture, logistics and construction. Finally, it offers businesses in these fields an opportunity to use robotic capabilities in order to create a more productive society that prioritizes sustainability. The paper finally offers future directions of industry 5.0."
Book:Food and Industry 5.0: Transforming the Food System for a Sustainable Future,Food and Industry 5.0: Transforming the Food System for a Sustainable Future,,,,10.1007/978-3-031-76758-6_11,Jeyalakshmi JeyabalanKeerthi RohanM. Shanthalakshmi,2025,https://link.springer.com/chapter/10.1007/978-3-031-76758-6_11,Chapter,"Industry 5. 0 signifies sustainability and human-orientedness of the industrial processes. As such, based on the fact that the seminal principles discussed in this abstract reflect the need to build a more resourceful and sustainable food chain, and food production, this work considers the realisation of the said principles within the food system. The main trends pertaining to the application of IT in Food and Industry include automation, robots, artificial intelligence, big data analytics, and the internet of things or IoT. 0. Thus, these trends have the opportunity to upgrade traceability, diminish loss, optimize resource utilization, and raise food supply chain effectiveness. Implementation of Food and Industry 5 to enhance the productivity of Wimpy’s menu items. That involves the assistance of a number of actors that include farmers in the food-producing industries; food distributors; food retailers, and consumers. The IoT and analytics are enabling the goal of raising food output and reducing food wastage. The roles that have been unveiled in culinary technology by the 3D printing technology are interesting and exciting and include the following; The printer applies edible pigments such as purees, sometimes doughs or cultured flesh to make partitions and design cut portions. This is suited to give personalised nutrition and is favourable to lowering food waste. Offering astronauts a diet of different foods in the required quantity through 3D printed food may take space travel to a new level. However, both the affordability of printers and the variety of material to construct these structures out of is limited at the moment. Besides, there is a necessity to adopt suitable measures in order to ensure the safety of the used foods. Nonetheless, there are challenges that 3D food printing still has to overcome; nevertheless, 3D food printing has the possibility to change the face of the future of food. Thus, the implementation of these changes will make it possible to work towards the goal of attaining both environmental sustainability and food security."
The Nexus Between Renewable Energy and Industry 5.0: A Data-Driven Approach,"Intersection of Artificial Intelligence, Data Science, and Cutting-Edge Technologies: From Concepts to Applications in Smart Environment",,,,10.1007/978-3-031-88304-0_15,Lamiae Sarsar,2025,https://link.springer.com/chapter/10.1007/978-3-031-88304-0_15,Conference paper,"This study investigates the relationship transition to green energy and Industry 5.0 across 135 countries from 2012 to 2020, finding a consistently negative association with coefficients ranging from − 0.08 to − 0.22 at the 1% significance level. The results suggest that higher investments in REC may detract from resources available for digital advancements, especially in regions with limited financial and technological capacity. The study highlights the importance of coordinated policy efforts to support both renewable energy and digital infrastructure development. These findings can inform policymakers in balancing sustainability and digital innovation to achieve integrated economic."
"A Comprehensive Framework Integrating ML, Automation Pyramid, and KPIs for Industry 5.0",Innovative Intelligent Industrial Production and Logistics,,,,10.1007/978-3-031-80760-2_25,Pedro PonceBrian AnthonyRussel BradleyWenhao XuJuana Isabel MéndezArturo Molina,2025,https://link.springer.com/chapter/10.1007/978-3-031-80760-2_25,Conference paper,"The manufacturing industry continually seeks advanced technologies to enhance performance per evolving customer requirements. Machine learning (ML) emerges as a pivotal assistive technology essential for strategic integration with Key Performance Indicators (KPIs). Traditionally, KPIs monitor and measure industrial system performance. This paper proposes a framework leveraging KPIs to integrate ML across the automation pyramid in Industry 5.0. The framework enables early detection of malfunctions and areas for improvement, preventing productivity loss. Validated across various industries, the framework demonstrates enhanced operational efficiency, sustainability, and human-centric benefits. Information and Communication Technologies advancements facilitate real-time data collection and analysis, aligning with ISO 22400 standards for manufacturing operations management. ML techniques generate actionable insights crucial for sustainable development in industries such as automotive, which require holistic goal assessments. Industry 4.0 marked a significant shift towards automation and data exchange, leveraging IoT, cloud computing, and big data analytics. Industry 5.0 emphasizes human-machine collaboration, customization, and sustainability, evolving KPIs to include worker satisfaction, customization capabilities, and social and environmental impact metrics. This evolution spans various sectors: manufacturing, pharmaceuticals, retail, e-commerce, high-energy-use industries, and consumer goods. ML minimizes downtime, enhances product quality, optimizes supply chains, and improves worker safety by analyzing data from wearables and sensors. Integrating ML with KPIs in Industry 4.0 and 5.0 enables industries to be more efficient, adaptive, and responsive to market and environmental changes, improving decision-making, operational efficiency, and alignment with business and sustainability goals."
Industry 5.0 and Green Transition—Challenges and Opportunities for Business and Society,Sustainable Innovation for Engineering Management (SIEM),,,,10.1007/978-3-031-89889-1_1,Kiril LuchkovGalina ChipriyanovaMihail Chipriyanov,2025,https://link.springer.com/chapter/10.1007/978-3-031-89889-1_1,Conference paper,"Global challenges such as climate change and rapid technological advancements necessitate the concepts of Industry 5.0 and Green Transition as increasingly essential and significant. The modern economy and society are faced with the need to adapt to these new realities by creating sustainable models for development and production. The study focuses on the interaction between Industry 5.0 and Green Transition and their impacts on businesses and society. The aim is to establish, through an analysis of contemporary trends and challenges, how new technologies and sustainability strategies can change the way the business and society function. The following research tasks have to be settled for reaching the above-mentioned goal: (1) to synthesize an overview of the concept of Industry 5.0 and Green Transition; (2) to analyze the role of the European Industrial Strategy in promoting innovation, sustainable production and the development of competitive industries in the era of Industry 5.0 and Green Transition; (3) to analyze the relationship between Industry 5.0, Green Transition and Sustainable and Responsible business management; (4) to examine the degree of integration of Profit-Minded Business, Eco-Minded Business and Open-Minded Business concepts in Industry 5.0 and Green Transition. In the course of the study shall be justified the thesis that Industry 5.0 and Green Transition represent an opportunity to integrate advanced technologies and sustainable practices into all aspects of economic and social life. The results of the study are expressed in the understanding of the concepts of Industry 5.0 and Green Transition and the pursuit of ethical business management that is in harmony with nature and future generations. Overcoming the challenges associated with climate change and technological transformation and utilizing opportunities for innovation and collaboration will lead to sustainable business and future prosperity for society."
Industry 5.0 in Construction: Towards a More Human-Centric and Ethical AI,Building Tomorrow: Unleashing the Potential of Artificial Intelligence in Construction,,,,10.1007/978-3-031-77197-2_6,Fulvio Re CecconiAnia KhodabakhshianLuca Rampini,2025,https://link.springer.com/chapter/10.1007/978-3-031-77197-2_6,Chapter,"This chapter explores the transition from Construction 4.0 to Construction 5.0, highlighting the importance of integrating human-centric and ethical considerations into advanced technologies such as artificial intelligence (AI) and robotics. While Industry 4.0 has driven automation, efficiency and digital transformation in the construction sector, the chapter argues that its focus on productivity often overlooks significant ethical challenges such as job displacement, data protection and algorithmic bias. In contrast, Industry 5.0 advocates a balanced collaboration between humans and intelligent machines, prioritising sustainability, inclusivity, and ethical innovation. By embedding frameworks such as Responsible AI and adhering to standards such as the European AI Act, the construction industry can mitigate risks and foster trust among stakeholders. The chapter highlights the need for robust governance, bias mitigation, and the development of ethical AI metrics to ensure fairness, transparency, and accountability throughout the AI lifecycle. Finally, the chapter calls for a cultural shift in the industry, advocating for comprehensive workforce training and the promotion of ethical awareness. By aligning AI applications with societal values, Construction 5.0 aims to enhance human well-being while driving sustainable and equitable growth in the construction sector."
Bitcoin network-based anonymity and privacy model for metaverse implementation in Industry 5.0 using linear Diophantine fuzzy sets,Annals of Operations Research,,,,10.1007/s10479-023-05421-3,Z. K. MohammedA. A. ZaidanH. B. ArisHassan A. AlsattarSarah QahtanMuhammet DeveciDursun Delen,2023,https://link.springer.com/article/10.1007/s10479-023-05421-3,Article,"Metaverse is a new technology expected to generate economic growth in Industry 5.0. Numerous studies have shown that current bitcoin networks offer remarkable prospects for future developments involving metaverse with anonymity and privacy. Hence, modelling effective Industry 5.0 platforms for the bitcoin network is crucial for the future metaverse environment. This modelling process can be classified as multiple-attribute decision-making given three issues: the existence of multiple anonymity and privacy attributes, the uncertainty related to the relative importance of these attributes and the variability of data. The present study endeavours to combine the fuzzy weighted with zero inconsistency method and Diophantine linear fuzzy sets with multiobjective optimisation based on ratio analysis plus the multiplicative form (MULTIMOORA) to determine the ideal approach for metaverse implementation in Industry 5.0. The decision matrix for the study is built by intersecting 22 bitcoin networks to support Industry 5.0's metaverse environment with 24 anonymity and privacy evaluation attributes. The proposed method is further developed to ascertain the importance level of the anonymity and privacy evaluation attributes. These data are used in MULTIMOORA. A sensitivity analysis, correlation coefficient test and comparative analysis are performed to assess the robustness of the proposed method."
Regulatory Framework for Industry 5.0 in Food Wastage in Hospitality Industry: Transmuting Intelligent Food System Uplifting Sustainability,Food and Industry 5.0: Transforming the Food System for a Sustainable Future,,,,10.1007/978-3-031-76758-6_21,Bhupinder SinghPushan Kumar Dutta,2025,https://link.springer.com/chapter/10.1007/978-3-031-76758-6_21,Chapter,"Food waste is becoming a significant problem for the hotel industry, endangering both sustainability in the environment and the industry’s capacity to make money. Food waste, environmental initiatives, and hospitality management strategies are intricately intertwined. The large amount of food that is wasted in the hospitality industry is an increasing ethical, environmental, and financial problem, despite the industry’s critical role in the worldwide economy. The hotel industry has historically had a substantial negative impact on the environment due to its use of energy, water, and throwaway products. Sustainability in hospitality is a major issue for all parties in the present setting. Within the framework of the hospitality business, this chapter seeks to investigate the link between food waste, sustainability, and hospitality management methods. This chapter delves into the present practices and obstacles related to food waste management in hospitality settings, with a focus on the consequences for the environment and the economy."
A human-centred systems manifesto for smart digital immersion in Industry 5.0: a case study of cultural heritage,AI & SOCIETY,,,,10.1007/s00146-023-01693-2,Cian MurphyPeter J. CarewLarry Stapleton,2023,https://link.springer.com/article/10.1007/s00146-023-01693-2,Article,"Emergent digital technologies provide cultural heritage spaces with the opportunity to reassess their current user journey. An immersive user experience can be developed that is innovative, dynamic, and customised for each attendee. Museums have already begun to move towards interactive exhibitions utilising Artificial Intelligence (AI) and the Internet of Things (IOT), and more recently, the use of Virtual Reality (VR) and Augmented Reality (AR) has become more common in cultural heritage spaces to present items of historical significance. VR concentrates on the provision of full immersion within a digitised environment utilising a headset, whilst AR focuses on the inclusion of digitised content within the existing physical environment that can be accessed through a medium such as a mobile phone application. Machine learning techniques such as a recommender system can support an immersive user journey by issuing personalised recommendations regarding a user’s preferred future content based on their previous activity. An ethical approach is necessary to take the precautions required to protect the welfare of human participants and eliminate any aspect of stereotyping or biased behaviour. This paper sets out a human-centred manifesto intended to provide guidance when inducing smart digital immersion in cultural heritage spaces. A review of existing digital cultural heritage projects was conducted to determine their adherence to the manifesto with the findings indicating that Education was a primary focus across all projects and that Personalisation, Respect and Empathy, and Support were also highly valued. Additionally, the findings indicated that there were areas with room for improvement such as Fairness to ensure that a well-balanced human-centred system is implemented."
"From Industry 4.0 to Industry 5.0: The Triple Transition Digital, Green and Social",Industry 4.0 and the Road to Sustainable Steelmaking in Europe,,,,10.1007/978-3-031-35479-3_3,Antonius Johannes SchröderMathias CuypersAdrian Götting,2024,https://link.springer.com/chapter/10.1007/978-3-031-35479-3_3,Chapter,"The paradigm Industry 5.0, to which the European Commission recently dedicated a conceptual report, focuses on both a sustainable and a human-centric and resilient industry: human-centric by using technology primarily for the benefit of people, sustainable by not harming the environment, and resilient by contributing to the security of supply and autonomous supply chains (Breque et al. in Industry 5.0: towards a sustainable, human-centric and resilient European industry. European Commission, Brussels: 14–16). This concept is no turn away from Industry 4.0 but is looking at the mainly technology-dominated approach of Industry 4.0 with a new lens and new priorities. Based on the approach of combining technological and social innovation within a common development process we will give some practical insights on how to coordinate change processes. The aim is to achieve solutions that are beneficial from several perspectives: e.g. social, economic and ecological. Grounded in our experience from industry-related multi-stakeholder projects this chapter discusses various concepts that can be applied within the Industry 5.0 approach. Particular attention is paid to the significance and importance of skills and human resources in the digital and green transformation. Additionally, the relevance of the social innovation approach is shown, leading to new practices to address societal challenges via the human-centred, sustainable and resilient Industry 5.0 perspective. The empirical background is given by the concepts and first results of our European projects for enhancing the digital and green transformation by a social transition."
Critical Knowledge in HR Development to Transfer from Industry 4.0 to Industry 5.0,Artificial Intelligence and Economic Sustainability in the Era of Industrial Revolution 5.0,,,,10.1007/978-3-031-56586-1_38,Mohand Tuffaha,2024,https://link.springer.com/chapter/10.1007/978-3-031-56586-1_38,Chapter,"Scholars believe that the constant development of innovative technologies is a challenge for human resource development. Industry 5.0 has recently showed the ability to move beyond industry 4.0 and establish long-term economic sustainability based on employee-robot co-working. However, little has been done to comprehend the practical knowledge required in human resource development to transition from industry 4.0 to industry 5.0. To fill this void, this study undertakes a thorough literature analysis to investigate the main industry 5.0 clusters and the knowledge that employees should acquire. The findings show that five clusters are related with new practical knowledge that has implications for HR development. These clusters include smart additive producing, predictive solutions, hyper customization in production, cyber-physical cognitive systems, and blockchain. Employees should have sufficient knowledge to execute customer orders via 5D printing services; analyze predictive decision-making via Machine- employee interference; horizontal robots’ integration with humans to facilitate mass production of products; cognitive capabilities; and mastery of blockchain functions. Finally, the study’s limitations have been identified, allowing for additional research in this domain."
Industry 5.0: improving humanization and sustainability of Industry 4.0,Scientometrics,,,,10.1007/s11192-022-04370-1,Sandra GrabowskaSebastian SaniukBożena Gajdzik,2022,https://link.springer.com/article/10.1007/s11192-022-04370-1,Article,"The widespread digitization and dynamic development of the technologies of the fourth industrial revolution, leading to the dehumanization of industry, have increased the interest of the scientific community in aspects of industrial humanization, sustainability and resilience. Hence, the aim of the article is to identify areas related to humanization and sustainability of the concept of Industry 4.0. A bibliometric analysis of Web of Science using Vosviewer tools, Excell and content analysis of selected papers were applied. The most important results include the determination of the dynamics of the increase in the number of publications in the segment of Industry 4.0 and Industry 5.0. The article indicates the weaknesses of the concept of Industry 4.0, especially in the area of the role of man in smart factories and sustainable development. Thus, the framework of the concept of Industry 5.0 was identified. In addition, the bibliometric analysis carried out allowed the identification of an important stream of employee skill development."
Enhancing wisdom manufacturing as industrial metaverse for industry and society 5.0,Journal of Intelligent Manufacturing,,,,10.1007/s10845-022-02027-7,Xifan YaoNanfeng MaJianming ZhangKesai WangErfu YangMaurizio Faccio,2022,https://link.springer.com/article/10.1007/s10845-022-02027-7,Article,"Industry 4.0 focuses on the realization of smart manufacturing based on cyber-physical systems (CPS). However, emerging Industry 5.0 and Society 5.0 reaches beyond CPS and covers the entire value chain of manufacturing, and faces economic, environmental, and social challenges. To meet such challenges, we regard Industry 5.0 as a socio-technical revolution based on the socio-cyber-physical system (SCPS), and propose a socio-technically enhanced wisdom manufacturing architecture and framework beyond CPS-based Industry 4.0/smart manufacturing with especially concerning transition enabling technologies such as artificial intelligence, social Internet of Things (SIoT), big data, machine learning, edge computing, social computing, 3D printing, blockchains, digital twins, and cobots. Finally we address the roadmap to blockchainized value-added SCPS-based Industrial Metaverse for Industry/Society 5.0, which will achieve high utilization of resources and provide products and services to satisfy experience-driven individual needs via metamanufacturing cloud services towards smart, resilient, sustainable, and human-centric solutions."
Sustainable Economy Models in the Age of Industry 5.0,,,,,10.1007/978-981-96-4104-8,Rakesh KumarSachi Nandan Mohanty,2025,https://link.springer.com/book/10.1007/978-981-96-4104-8,Book,
Application of Recycled Materials into Sustainable Manufacturing in the Context of Industry 5.0,9th EAI International Conference on Management of Manufacturing Systems,,,,10.1007/978-3-031-80881-4_2,Rebeka TauberováLucia KnapčíkováDorota Czarnecka-KomorowskaWaldemar MatysiakJakub HajkowskiJerzy WinczekDaniel Strametz,2025,https://link.springer.com/chapter/10.1007/978-3-031-80881-4_2,Conference paper,"The concept of Industrial Revolution 4.0 is well known and has already been implemented in various areas of industry. The core of this revolution is based on digital transformation, smart factories, cloud computing, and the implementation of exponential technologies like additive manufacturing, digital twins, and artificial intelligence. Industry 4.0 aims to improve processes in the manufacturing industry and enhance collaboration between machines and humans. The newer concept of Industrial Revolution 5.0 is more focused on human-centric approaches and sustainable manufacturing and can be defined as a human-centric evolution aimed at achieving balanced economic growth. This manuscript highlights the importance of sustainable manufacturing, which is an inherent part of Industry 5.0. This concept includes several technologies such as smart and digital manufacturing and other zero-technologies. The proposed study focuses on additive manufacturing as a zero-waste technology and its application of recycled material, specifically polyvinyl butyral, in manufacturing processes."
Evaluating Open Innovation Models for AI Development in Industry 4.0 and 5.0 Contexts,"Innovative Computing 2025, Volume 4",,,,10.1007/978-981-96-8011-5_3,Zornitsa Yordanova,2025,https://link.springer.com/chapter/10.1007/978-981-96-8011-5_3,Conference paper,"This study investigates the evolution of open innovation models in AI development as organizations transition from Industry 4.0 to Industry 5.0. Industry 4.0 has widely adopted open innovation as a tool for achieving efficiency, integrating external knowledge to optimize AI-driven automation and process improvements. However, the emerging paradigm of Industry 5.0 shifts this focus towards a more human-centered approach, emphasizing ethical considerations and societal impact in technology development. Through comparative case studies across industries such as manufacturing, healthcare, and finance, this research identifies strategic shifts from efficiency-oriented, inbound open innovation to more coupled and outbound models that prioritize inclusivity and ethical alignment. Key findings highlight an expansion of collaborative networks to include interdisciplinary stakeholders—such as regulators, ethicists, and user communities—creating an “inclusive innovation” approach that supports responsible AI practices. This evolution reflects a managerial shift, where open innovation serves not only as a competitive advantage but as a means of aligning AI systems with social values, ensuring transparency and accountability. The study contributes to open innovation literature by framing it within the context of Industry 5.0, providing actionable insights for managers and offering a foundation for further research on open innovation as a tool for ethical AI deployment and societal alignment."
Emerging Trends Shaping the Sustainable Future of Food Industry 5.0: Challenges and Opportunities,Food and Industry 5.0: Transforming the Food System for a Sustainable Future,,,,10.1007/978-3-031-76758-6_17,M. Shuaib AhmedShaply Abdul KareemM. Mohammed Mustafa,2025,https://link.springer.com/chapter/10.1007/978-3-031-76758-6_17,Chapter,"This paper examines the emerging trends shaping the sustainable future of the food industry within the context of Food Industry 5.0, while also addressing the challenges and opportunities inherent in this transformative landscape. The purpose of this study is to provide a comprehensive analysis of the emerging trends driving sustainability initiatives within the food industry. The objectives of this research are threefold: firstly, to identify and analyse the key trends shaping the sustainable future of the food industry; secondly, to assess the challenges faced by stakeholders in implementing sustainable practices within the food supply chain; and thirdly, to explore the opportunities for technological application by the shift towards sustainability. Methodologically, this study employs a multi-faceted approach that combines comprehensive literature review with qualitative analysis of industry reports, case studies, and expert interviews. Data is gathered from a diverse range of sources to provide a holistic understanding of the dynamics at play within the food industry. The results of this research identified and synthesis the various emerging trends in the context food Industry 5.0 driving sustainability initiatives within the food industry. The trends are artificial and human intelligence, blockchain, Collaborative robots (Cobots), Farm optimization with precision farming, plant-based and alternative protein sources, Circular economy practices, and Sustainability in food industry. Despite significant challenges such as high implementation costs, Data security and privacy, Sustainability and environmental impact, Ethical concerns and consumer perception, there exist ample opportunities for innovation and growth for businesses that embrace sustainable practices. Food producers, ranging from farmers to manufacturers, can gain significant benefits from embracing the emerging trends in the food industry."
Indicators for the Evaluation of Agri-Food Supply Chains Under Industry 5.0 Parameters,"Advanced Research in Technologies, Information, Innovation and Sustainability",,,,10.1007/978-3-031-83432-5_2,Nayeli GarcíaFreddy LemaCésar Rosero-MantillaCarlos SánchezEdith Tubón-NuñezLuis MoralesPatricio CórdovaLorena Siguenza-GuzmanErik SigchaFranklin Tigre,2025,https://link.springer.com/chapter/10.1007/978-3-031-83432-5_2,Conference paper,"The growing challenges of the agro-industrial sector have motivated companies to seek ways to increase their competitiveness through the implementation of Industry 5.0. This new industrial era involves not only the integration of advanced technologies but also the adoption of sustainable practices, the promotion of resilience, and a human-centered approach at all stages of supply chains. This transformation not only optimizes efficiency and product quality but also ensures a positive impact on the environment. The present research reviews the indicators for the evaluation of agri-food supply chains under the parameters of Industry 5.0. The key criteria have been considered, including Environmental, Business Model, Quality and Profitability, Flexibility, IoT, Risk Management, Human Rights and Welfare, and Human-Centered Technology. The aforementioned indicators will enable an organization undergoing examination to evaluate the status of its operations in order to facilitate preparation for a disruptive event that may impact the supply chain. The selection of the indicators was done through a systematic literature review, which considered 96 articles in English and Portuguese published between 2019 and 2023. The analysis of the documents was performed using the Atlas.ti software version 2019, considering the 4Ws (when, who, where, and what) and the four research questions elaborated using the PICO strategy. The research results provide definitions of the main elements of the 5.0 supply chain, as well as the criteria considered for the selection of relevant indicators. A total of twenty-one indicators for the agri-food supply chain were subjected to a review based on the three essential elements and eight key criteria. The indicators thus identified represent a valuable tool for improving the resilience and sustainability of agribusiness operations in an increasingly challenging environment."
Utilizing Industry 5.0 Technologies to Improve Food Production and Promote Sustainability in Agriculture,Food and Industry 5.0: Transforming the Food System for a Sustainable Future,,,,10.1007/978-3-031-76758-6_10,Kankan MajumdarAwadhesh Kumar VermaKarishma Vivek KathpaliaPritam SamajderPranav Kumar Prabhakar,2025,https://link.springer.com/chapter/10.1007/978-3-031-76758-6_10,Chapter,"The exponential increase in the world’s population has presented substantial obstacles in addressing the surging need for food, while simultaneously guaranteeing its standards, safety, and long-term viability. Nevertheless, there is a promising prospect on the horizon known as Industry 5.0. This innovative approach integrates cutting-edge technologies with a significant focus on human needs, offering promising solutions to these pressing issues. This chapter examines the application of advanced technologies such as artificial intelligence (AI), the Internet of Things (IoT), robotics, and blockchain. These technologies have the potential to greatly transform different areas of food production. They can improve precision farming methods and optimize irrigation practices. They can also use predictive analytics to make better decisions and ensure transparency and traceability throughout the supply chain. They can help to adopt sustainable packaging solutions and reduce waste. We include in this chapter the concrete advantages of Industry 5.0 throughout the whole food value chain by presenting fascinating case studies and real-world examples. In addition, we thoroughly discuss the socio-economic ramifications of incorporating new technologies, taking into account variables such as accessibility, equity, and flexibility. Our objective is to develop a holistic perspective chapter of a future in which Industry 5.0 supports the growth of a healthy and resilient food environment. Through the adoption of Industry 5.0, all participants in the food sector may collaborate towards a common objective, guaranteeing widespread availability of nourishing food while preserving the environment for future generations."
Job Seekers and Industry 4.0/5.0 Technologies: Initiating the Dialogue Through Interactive Workshops,"HCI in Business, Government and Organizations",,,,10.1007/978-3-031-92826-0_12,Kristýna Sirka KacafírkováMichiel BalShirley A. ElpramaEzra DessersAn Jacobs,2025,https://link.springer.com/chapter/10.1007/978-3-031-92826-0_12,Conference paper,"Engaging industry operators has proven crucial for implementing emerging Industry 4.0 and 5.0 technologies. As such, platforms that consider operators’ contextual perspectives and their views on the impact of these technologies have both facilitated technology acceptance and, in turn, improved operators’ jobs. However, by focusing solely on employed users, scholars have systematically overlooked the perspectives of potential users, such as job seekers. This paper presents an exploratory study on job seekers’ perspectives. Based on four interactive workshops, job seekers were provided with a platform to discuss (1) their perspectives on two emerging technologies, (2) the anticipated impact on their future jobs, and (3) their vision of digitisation and job transitions. We summarise the set-up and findings of the interactive workshop sessions on digital work instructions and cobots, share key lessons learned, and propose both practical and theoretical directions for future research."
Embracing Lean Perspectives to Empower Work Competencies in the Industry 4.0 and 5.0,"Intelligent Production and Industry 5.0 with Human Touch, Resilience, and Circular Economy",,,,10.1007/978-3-031-77723-3_36,Simone GomesEduardo Rocha LouresFernando DeschampsRosemary Francisco,2025,https://link.springer.com/chapter/10.1007/978-3-031-77723-3_36,Conference paper,"In the context of Industry 5.0, the transformation in how work is conducted is notably driven by technological advancements, necessitating a shift towards the enhancement and requalification of the workforce to embrace these changes. This article highlights the integral role of competencies in navigating the transition to more autonomous and technologically advanced work environments. The convergence of Lean methodologies with Industry 4.0 technologies facilitates a symbiotic relationship where Lean principles aid in the efficient implementation of Industry 4.0, and conversely, Industry 4.0 technologies enhance Lean processes. Based on an ontology created about work in the 4.0 era, a systematic literature review was conducted to expand it, leading to the identification and thorough evaluation of 67 articles. With the intention of connecting this ontology to Lean, this research utilizes the PROMETHEE II method, a multi-criteria decision support tool, to analyze the interaction between Lean tools, critical implementation factors, and competencies. Through discussions with Lean experts, two matrices were developed, analyzing Lean tools and critical factors in relation to competencies. The findings suggest a continuous need to explore how critical Lean factors affect competencies, contributing to the discourse on enhancing employability and competence in the context of Industry 5.0."
Indian Rupee: An Emerging Trading Currency of Asia and Across in Industry 5.0,Building a Human-Centred Infrastructure for Sustainable Industry 5.0 in Asia,,,,10.1007/978-981-95-0417-6_7,Ritesh DwivediVikas BatraPreeti Singh,2025,https://link.springer.com/chapter/10.1007/978-981-95-0417-6_7,Chapter,"The paper investigates the globalization of the Indian Rupee and the resultant consequences on Asia and the global economy. It sets five objectives: to analyse issues of the historical context of the internationalization of the Rupee, undertake a comparative approach to India and other countries’ policies, examine its impact on developing economies in Asia and the rest of the world, study its role in the flows of trade and investments, and understand the dynamics behind the currency’s upsurge. The researchers employed a qualitative approach for the analysis. The results and analysis suggest that the Indian government has also developed various regulations aimed at facilitating international transactions in the Rupee including easing the controls on foreign currency. The proliferation of the Rupee has enabled other underdeveloped countries in the region that had strong trade relations with India to bolster their trade and decrease dependence on other reserve currencies with wider acceptance. It was also established that the Rupee has opened avenues for international trade and investment and may transition into a reserve currency at some point. In conclusion, the authors suggest that promoting international usage of the Rupee remains a viable strategy for the Indian government but risks have to be countered. To a large extent, the Indian Rupee’s internationalization is a good development, especially for Asians as well as the global marketplace."
Integrating Artificial Intelligence and Cybersecurity in Healthcare for the Advancements of Industry 5.0,IoT Technologies and Wearables for HealthCare,,,,10.1007/978-3-031-95571-6_12,Firoz KhanLakshmana Kumar RamasamyEmad Abd Al RahmanAmala Jayanthi,2025,https://link.springer.com/chapter/10.1007/978-3-031-95571-6_12,Conference paper,"In healthcare, AI-driven solutions and digital innovations are reshaping care delivery. AI-powered robots and brain-machine interfaces are playing a significant role, but the challenge lies in improving healthcare without replacing human professionals. The advent of industry 5.0, where humans and machines work together, offers a new perspective. While AI's ability to analyze large amounts of healthcare data is promising, the increased exchange of this information across devices also raises cybersecurity risks. As healthcare evolves with Industry 5.0, the need for strong cybersecurity to protect patient data becomes even more crucial. This paper delves into the integration of AI and cybersecurity into healthcare under Industry 5.0, focusing on their impact and the urgent need for robust security measures."
Fostering Sustainability Through Digital Evolution: Evaluating Industry 5.0 Preparedness in Quebec’s Regional SMEs,Accelerating the Socio-Ecological Transition,,,,10.1007/978-3-031-82896-6_11,Stéfanie ValléeMyriam ErtzChourouk OuerghemmiAntoine Périn,2025,https://link.springer.com/chapter/10.1007/978-3-031-82896-6_11,Chapter,"The transformative journey toward Industry 4.0 (I4.0) has revolutionized business operations, requiring firms to adapt to digitalization and environmentally-conscious practices (often termed “green digital,” “sustainable digital,” “smart green,” or “responsible digital”). This adaptation may be challenging, especially for small and medium-sized enterprises (SMEs) that typically lack larger firms’ adaptive resources and capacities. This chapter delves into the dynamic intersection of sustainability and digital transformation by focusing on the specific case of SMEs to propose a preliminary framework for evaluating SMEs’ Industry 5.0 (I5.0) maturity levels (digital), which has a broader scope by including green and social practices (sustainable) with digitalization. The chapter first provides some background by highlighting the push for organizations to integrate sustainable practices into their digital transformation endeavors seamlessly. In a world grappling with environmental and social challenges, aligning technological advancements with responsibility is increasingly relevant for SMEs. The schwerpunkt of the chapter is an extensive (but non-systematic) literature review of the digital maturity level assessment domain, coupled with insights from extant research in the sustainable digital (5.0) assessment area. The objective of the review is to construct a preliminary framework for evaluating SMEs’ digital preparedness while concurrently measuring their commitment to sustainable practices. This framework incorporates critical parameters such as resource efficiency, circular economy principles, and the incorporation of renewable energy sources in digital control operations. The chapter further sheds light on SMEs’ challenges in achieving a coherent balance between digitalization and sustainability. These challenges span technological, organizational, and regulatory dimensions, emphasizing the multifaceted nature of the transition. Notably, the chapter identifies these challenges and proposes practical strategies and best practices to overcome them."
From Industry 4.0 to Industry 5.0: Challenges and Opportunities in the Testing Inspection and Certification (TIC) Industry,Intelligent Sustainable Systems,,,,10.1007/978-981-99-8031-4_38,C. H. LiH. Y. YuenT. T. LeeC. NgS. L. MakW. F. Tang,2024,https://link.springer.com/chapter/10.1007/978-981-99-8031-4_38,Conference paper,"The twenty-first century is changing faster than ever in the human history. While it has taken over 20 years transferring the industry from automated manufacturing (i.e., Industry 3.0) to Industry 4.0, the new idea of Industry 5.0 has shortly been raised less than 10 years after the proposal of Industry 4.0. Yet, potential transformation that could bring along by Industry 5.0 is revolutionary. On the other hand, Testing, Inspection, and Certification (TIC) industry, which is constrained by strict quality management requirements, and complex industry practices, finds it difficult to catch up with the wave, regardless the conflicting fact that, the industry is a corner stone in providing proof of rules and regulations compliance to products and services protecting us in this ever-changing world. This paper reviews and compares the characteristics of Industry 4.0 and Industry 5.0, investigates the challenges and opportunities brought to the TIC industry, and proposes possible matching of technologies to be applied in the industry to adapt with this transformation."
From Industry 4.0 to Industry 5.0: Challenges and Opportunities of Evolutionary Transition in Russia,The Future of Industry,,,,10.1007/978-3-031-66801-2_5,Olga RomanovaEvgeny Kuzmin,2024,https://link.springer.com/chapter/10.1007/978-3-031-66801-2_5,Chapter,"The evolutionary transition from Industry 4.0 to Industry 5.0 inevitably influences all the aspects in the socio-economic life. It requires stakeholders not only to reconsider approaches to production and management, but also to form new strategic developmental directions on principles of sustainability, innovativeness, and human centricity. With regard to these challenges, an analysis of a development trajectory for Industry 5.0 in Russia is getting particularly important, taking into account the unique national socio-economic and political context. The authors explore key aspects in the development of Industry 4.0, including digital transformation, outline dominating patterns and principles of Industry 5.0. The review of research papers, expert reports, and cases of manufacturers’ practice has shown that the new economic model is being actively established in Russia. The aspiration towards technological sovereignty is its descriptor. Despite external and internal challenges, Russia has a significant potential to implement Industry 4.0 and Industry 5.0 concepts. This includes both production and introduction of innovations, and human capital development. The authors identify the prevailing challenges that might slow down or complicate the transition to Industry 5.0. At the same time, they outline the opportunities related to more active involvement of internal resources and the development of new forms of cooperation. One of key findings is that the governmental industrial policy plays a critical regulatory role to encourage the technological development and support the transition to Industry 5.0. Authors point out to the need for strategic planning taking into account today’s global trends, investments in research and education, as well as creating conditions for innovative entrepreneurship development. The research contributes to understanding of the prospects and challenges that Russia faces on its path to Industry 5.0. The research emphasizes the importance of coordinated efforts that all the stakeholders make in this process and a clear strategic direction that the government provided."
Industry 5.0: Quo Vadis? Challenges and Concerns for Future Development,The Future of Industry,,,,10.1007/978-3-031-66801-2_4,Olga Buchinskaia,2024,https://link.springer.com/chapter/10.1007/978-3-031-66801-2_4,Chapter,"The movement towards a new socio-technological order within Industry 5.0 is determined by the acceleration of scientific and technological progress and the development of new computer technologies. It focuses on the interaction of man and machine and implements the UN Sustainable Development Goals (SDGs), including improving the welfare of the population and caring for the environment. This study addresses the challenges arising in the transition to Industry 5.0 and identifies the consequences that humanity may face if these challenges are ignored. The author uses ecosystem and value analysis, analytical tools of economic theory, political economy, and narrative analysis of papers related to Industry 5.0. As a result, we identified ten basic challenges that arise within the transition to Industry 5.0 and defined possible negative scenarios that appear as part of these challenges. Those scenarios may not increase but instead reduce human welfare within Industry 5.0. We suggest that a careful revision of the strategy for the transition towards Industry 5.0 is needed in order to eliminate the negative effects of changes in employment, wealth, education, medical services, ecology, etc. arising from the impact of new technologies. We need to enforce processes that increase the well-being of all members of society, with an emphasis on ethics, respect for property relations, and the prevention of a rise in various types of inequality."
Paving the Way to Society/Industry 5.0: The SmartMe.IO Experience,Information and Communications Technologies for Smart Cities and Societies,,,,10.1007/978-3-031-39446-1_4,Maurizio GiacobbeAntonio PuliafitoAngelo Zaia,2024,https://link.springer.com/chapter/10.1007/978-3-031-39446-1_4,Chapter,"The social and economic cost of COVID-19 has revealed that prevention strategies are potentially very cost effective by comparison to coping with a pandemic. The actions by Public Administrations and businesses need new approaches in order to benefit in health and quality of life. As a consequence, the concept of Future Cities and Industries as human-centered realities that balance economic and technological advancement to solve society’s problems is urgent. It represents a new vision for a resilient society where humans, nature and technology create a resilient and sustainable balance enhanced by data. This new digital transformation results in new resilient and sustainable environments permeated by a sustainable economy and the creation of products and services with low environmental impact and high social impact."
Editorial: Industry 5.0 Towards Human Value and Value for Human,The Future of Industry,,,,10.1007/978-3-031-66801-2_1,Evgeny KuzminAndrea AppolloniVikas KumarVictoria Akberdina,2024,https://link.springer.com/chapter/10.1007/978-3-031-66801-2_1,Chapter,"The chapter summarizes the best studies published in the Proceedings of the International Scientific Conference “Digital Transformation in Industry: Trends, Management, Strategies” (DTI2023). The conference was organized by the Institute of Economics of the Ural Branch of the Russian Academy of Sciences and held on October 25–27, 2023. ‘From Industry 4.0 to Industry 5.0: Challenges and Perspectives’ was chosen as the central topic for discussion. The editors delve into the context and background that underlie research in this area. The chapter analyzes the major results and conclusions presented at the conference with a special focus on the human factor playing a strategic role in industrial digitalization. The key challenges and risks enterprises face amid global technological changes are identified, and opportunities for sustainable innovative development within the new industrial paradigm of Industry 5.0 are discussed. In conclusion, we provide a brief overview of the chapters’ contributions to the book and emphasize their significance for exploring the conference’s topic. This overview allows the readers to appreciate the diversity of research approaches presented. The editors highlight the importance of the authors’ managerial recommendations for adapting industrial enterprises to new values in the context of Industry 5.0."
Sustainable Innovation and Industry 5.0: The Future of Industrial Progress,"Innovation, Sustainability, and Technological Megatrends in the Face of Uncertainties",,,,10.1007/978-3-031-46189-7_11,Azadeh Eskandarzadeh,2024,https://link.springer.com/chapter/10.1007/978-3-031-46189-7_11,Chapter,"The world faces unprecedented environmental and social challenges, and industries have major impacts on our planet. For a sustainable future, it is crucial to embrace sustainable innovation and advance toward Industry 5.0, a model that integrates environmentally responsible business practices into its core operations. Considering this, this study addresses sustainable innovation and Industry 5.0’s importance and potential benefits. Additionally, the study examines the difficulties associated with implementing sustainable innovation and provides examples of sustainable business practices from a variety of industries. The conclusion of the study focuses on environmentally conscious innovation and Industry 5.0, as well as the roles of stakeholders in sustainable industrial development."
AI in Industry 5.0: Transforming Business in the Digital Age,Industry 5.0 and Emerging Technologies,,,,10.1007/978-3-031-70996-8_4,Dalima ParwaniMeenu TahilyaniManju Devnani,2024,https://link.springer.com/chapter/10.1007/978-3-031-70996-8_4,Chapter,"In “AI in Industry 5.0: Transforming Business in the Digital Age,” we embark on a journey through the evolution of artificial intelligence (AI) and its transformative impact on various sectors of industry. As we transition to Industry 5.0, characterized by the convergence of AI, automation, and human-centric approaches, businesses face unprecedented opportunities and challenges. This chapter explores how AI technologies are reshaping industry practices, driving innovation, and optimizing processes across manufacturing, healthcare, finance, retail, and beyond. Through real-world case studies, strategic insights, and future trends, readers gain a deeper understanding of how AI is revolutionizing business operations and fostering sustainable growth in the digital age. Additionally, ethical considerations, regulatory frameworks, and the role of collaboration in AI adoption are examined to ensure responsible and inclusive AI implementation. “AI in Industry 5.0” serves as a comprehensive guide for business leaders, AI practitioners, policymakers, and researchers navigating the dynamic landscape of AI-driven transformation in industry."
Agricultural Yield Prediction Using ML Algorithms in the Industry 5.0,Industry 5.0 and Emerging Technologies,,,,10.1007/978-3-031-70996-8_7,Abourabia ImadeSoumaya OunacerMohamed Yassine El GhoumariSoufiane ArdchirMohamed Azzouazi,2024,https://link.springer.com/chapter/10.1007/978-3-031-70996-8_7,Chapter,"Integration of machine learning (ML) techniques into agricultural yield prediction is increasingly significant, particularly within the context of Industry 5.0, which emphasizes the incorporation of advanced technologies into traditional industries. This abstract delves into the methodologies, benefits. The hurdles and future opportunities of utilizing machine learning for predicting agricultural yields within the context of Industry 5.0.
Supervised learning models like (SVM), random forests, and DL frameworks such as (CNNs) have demonstrated exceptional capabilities in analyzing complex agricultural datasets. These datasets include historical yield data, meteorological information, soil quality parameters, crop types, and agricultural practices.
Predicting agricultural yields with machine learning involves several crucial steps: collecting data, preprocessing it, engineering features, selecting and training the model, and validating the results. Advanced ML techniques enable the deployment of predictive Models that can discern complex patterns and relationships in data, enabling precise yield predictions for different crops and regions.
In the framework of Industry 5.0, the integration of ML-powered agricultural yield prediction systems with IoT devices, sensor networks, drones, and autonomous machinery facilitates real-time data acquisition and monitoring. This influx of real-time data allows for dynamic adjustments in farming practices, such as irrigation scheduling, pest management, fertilizer application, and harvesting strategies based on predictive insights.
This article explores essential ML approaches, challenges encountered, and future pathways for enhancing agricultural sustainability and productivity through data analytics within smart farming systems. The use of ML techniques in smart agriculture plays a critical by analyzing historical and real-time data to forecast crop yields.
Optimizing agricultural practices, and improving resource allocation while increasing productivity. This includes deploying various ML models such as regression, classification, and ensembles to analyze extensive datasets encompassing weather conditions, soil characteristics, crop details, and farming methodologies."
"Leveraging Collaboration for Industry 5.0: Needs, Strategies and Future Directions",Navigating Unpredictability: Collaborative Networks in Non-linear Worlds,,,,10.1007/978-3-031-71739-0_21,Vlad ToncianAdrian FloreaAlin DavidDaniel MorariuRadu Cretulescu,2024,https://link.springer.com/chapter/10.1007/978-3-031-71739-0_21,Conference paper,"This paper analyzes the identified key elements that are needed by the Industrial sector to ensure the seamless transition of enterprises from the “4.0 paradigm” – based on digitalization and technologies, to the “5.0 paradigm” – focused on resilience, “green” mindset and human-centric approach. The basis of this analysis is a research survey conducted within a century-old European technology company, focused on automotive products, with over 20 locations spread on more than 10 countries and on 4 continents. The goal of this paper is to identify both the needs of the Industrial sector concerning the “5.0 Transition” and the focus points for the CoDEMO 5.0 project, concerning what the Industry players expect from this Consortium. Moreover, this paper aims to define a process in which these two elements combine harmoniously so that a continuous positive feedback loop is established and, if implemented on a wider scale, could establish a new way of working among the EU Industrial actors, thanks to the collaborative network that shall be established. Concerning this study, such a collaborative network is composed of a “triple-helix” formed by the Customer (OEM manufacturer), the Supplier (automotive company), and the Academic Partner. Such partnership will enable the OEM to come out with new, and groundbreaking products that stand out from their competitors, thanks to the supplier that is creating these products which in turn, can develop them thanks to the academic partner that prepares highly skilled professionals for the current and future emerging technologies from Industrial sector like Artificial Intelligence, machine learning, blockchain, quantum computing, IIoTs, etc."
Mixed Reality as a Perspective Education Tool in Industry 5.0,Advances in Manufacturing IV,,,,10.1007/978-3-031-56444-4_5,Jozef HusárStella HrehováLucia KnapčíkováPiotr Trojanowski,2024,https://link.springer.com/chapter/10.1007/978-3-031-56444-4_5,Conference paper,"In this paper, we evaluate several aspects of mixed reality (MR) and its use in Industry 5.0. In the introduction, we define the term Industry 5.0 and its connection with mixed reality as a key educational tool. Next, we devoted ourselves to the scientific interpretation of the terms Industry 5.0 and mixed reality. We then moved on to software and hardware tools in the field of MR and summarized the methods and materials in dealing with the topic of mixed reality in Industry 5.0. We assess the importance of MR in Industry 5.0 education, emphasizing its ability to provide authentic and immersive learning experiences for university students. Finally, we discuss ways to evaluate the results of MR implementation in education, including quantitative and qualitative methods. With this article, we cover a wide range of topics related to mixed reality and its applications in Industry 5.0 and education. By implementing the proposed methodology, we will provide students with a competitive advantage in their application in the smart factories of the future."
Motivation Behind the Integration of the Metaverse with Industry 5.0,Metaverse for Industry 5.0,,,,10.1007/978-981-97-2455-0_9,Soumi MajumderNilanjan Dey,2024,https://link.springer.com/chapter/10.1007/978-981-97-2455-0_9,Chapter,"The emergence of Industry 4.0 has prompted the manufacturing sector to prioritize the utilization of AI/ML algorithms to enhance predictive maintenance, production efficiency and decision-making regarding quality. In addition, the introduction of industrial information integration engineering facilitated the integration of various related fields, such as information and communication technology (ICT), into industrial sectors, resulting in improved industrial processes."
The Evolution of Soft Computing: Industry 5.0 and Its Challenges,Soft Computing in Industry 5.0 for Sustainability,,,,10.1007/978-3-031-69336-6_3,Siramdas Sai JaahnaviR. AartiReddy C. Kishor KumarKari Lippert,2024,https://link.springer.com/chapter/10.1007/978-3-031-69336-6_3,Chapter,"Soft computing has emerged as a pivotal field in computer science, focusing on algorithms and models inspired by human reasoning for handling complex and uncertain information. Computing has advanced significantly from Industry 1.0 to Industry 5.0, especially with the initiation of soft computing. Industry 5.0 represents an ideal transformation in the industrial environment with its individualized experiences, autonomous systems, and contemporary technologies. However, for adoption and deployment to be effective, this new era also presents important problems that need to be addressed. As a result, this study explains evolutionary classification and elucidates the several phenomenal points that require our attention. This provides us with a quick summary of the difficulties Industry 5.0 faces."
Navigating Data Privacy in Industry 5.0: Advanced Strategies for Sustainability,Soft Computing in Industry 5.0 for Sustainability,,,,10.1007/978-3-031-69336-6_5,J. Vijay ArputharajSandeep JD. Durga PrasadKofi Sarpong Adu-Manu,2024,https://link.springer.com/chapter/10.1007/978-3-031-69336-6_5,Chapter,"This chapter delves into the critical challenges of managing data privacy in the context of Industry 5.0, where advanced manufacturing meets digital transformation. It also offers a complete outline on evolving landscape of privacy concerns, emphasized by the proliferation of interconnected devices and the extensive growth of IoT (Internet of Things) frameworks. Beginning with an introduction to the pressing challenges in Industry 5.0, the chapter precisely focuses on understanding and addressing the nuances of data privacy. It emphasizes the importance of adopting advanced, sustainable strategies that not only protect sensitive information but also enhance operational efficiency and trust. The discourse progresses by exploring current trends, such as data minimization and privacy-enhancing technologies, including advanced cryptographic solutions and data anonymization tailored for big data environments typical in Industry 5.0 settings. The chapter presents a critical evaluation of these technologies, offering insights into their applications and effectiveness. To operationalize these concepts, the chapter discusses practical frameworks for implementing robust data privacy measures and highlights successful case studies from leading industrial entities like Siemens. These examples demonstrate effective strategies for secure data handling, particularly in specific cases of predictive maintenance of vehicles and complex manufacturing systems.
Concluding with key insights and future directions, this chapter not only maps the current landscape of data privacy strategies but also provides a forward-looking perspective on the innovations and challenges that will shape sustainable data management practices in future industries."
Industry 5.0: Towards Human Centered Design in Human Machine Interaction,Research and Innovation Forum 2023,,,,10.1007/978-3-031-44721-1_50,Tamai Ramírez-GordilloHiginio MoraFrancisco A. Pujol-LopezAntonio Jimeno-MorenillaAntonio Maciá-Lillo,2024,https://link.springer.com/chapter/10.1007/978-3-031-44721-1_50,Conference paper,"The Industry 5.0 paradigm presents new opportunities and challenges that companies must take advantage of to remain competitive in a highly competitive environment. The main idea is the intelligent collaboration between humans and machines, i.e., to combine human intelligence and creativity with efficient, intelligent and precise machines. The increasing digitization of manufacturing processes has required the use of artificial intelligence in manufacturing. As a result, jobs are being adapted and reconfigured. humans and machines have unique capabilities, which can be enhanced by a synergic relationship between them. In this study, a review of artificial intelligence architectures applied to the operator’s state recognition in manufacturing is proposed. The aim is to understand the human-robot interaction to achieve a complete collaboration between the robot and the human. In this way, efficiency is increased and the risks of possible accidents for the operator are reduced, prioritizing their safety. In this framework, a model based on artificial intelligence is proposed that collects data on the operator’s state and assesses potential dangerous situations while operating with the robot. The robot will be able to perform its task completely and quickly without worrying about human interaction, unless it detects that its actions involve a risk to the human worker. Possible sensors that will monitor the human state over time are evaluated and the model will collect the data and learn from the experience. The proposed conceptual model is based on three basic principles to Industry 5.0: safety, reliability, and human-centered design."
Designing a Marketplace to Exchange AI Models for Industry 5.0,Artificial Intelligence in Manufacturing,,,,10.1007/978-3-031-46452-2_2,Alexandros NizamisGeorg SchlakeGeorgios SiachamisVasileios DimitriadisChristos PatsonakisChristian BeecksDimosthenis IoannidisKonstantinos VotisDimitrios Tzovaras,2024,https://link.springer.com/chapter/10.1007/978-3-031-46452-2_2,Chapter,"Nowadays, the market for AI services is continuously growing and it is expected to exceed 5 trillion euros in the next 5 years. However, the sharing of knowledge is primarily achieved by the sharing of published AI-related papers. The sharing of the trained AI/ML models is still in its infancy stage and in some domains it does not even exist. In this chapter, a marketplace for exchanging AI models related to smart manufacturing and Industry 5.0 domains is introduced. The proposed AI Marketplace consists of a semantic-based repository that manages the AI models, a blockchain-based framework that adds the business logic and web-based user interfaces that enable models’ exploration and sharing, and transactions among the stakeholders. The purpose of this chapter is to present the implementation details of this AI Model Marketplace by highlighting the key concepts and technologies used along with the main supported functionalities. By using such a marketplace, the manufacturing companies are able to capitalize in a large variety of AI models to solve various problems enabling intelligent, flexible, and cost-effective production."
Multi-Stakeholder Perspective on Human-AI Collaboration in Industry 5.0,Artificial Intelligence in Manufacturing,,,,10.1007/978-3-031-46452-2_23,Thomas HochJorge Martinez-GilMario PichlerAgastya SilvinaBernhard HeinzlBernhard MoserDimitris EleftheriouHector Diego Estrada-LugoMaria Chiara Leva,2024,https://link.springer.com/chapter/10.1007/978-3-031-46452-2_23,Chapter,"AI has gained significant traction in manufacturing, offering tremendous potential for enhancing production efficiency, cost reduction, and safety improvements. Consequently, developing AI-based software platforms that facilitate collaboration between human operators and AI services is crucial. However, integrating the different stakeholder perspectives into a common framework is a complex process that requires careful consideration. Our research has focused on identifying the individual relevance of varying quality characteristics per stakeholder toward such a software platform. Therefore, this work proposes an overview on the vital success factors related to human-AI teaming that can be used to measure fulfillment."
The Role of Humans as Key Enablers of Industry 5.0,Constraints and Opportunities in Shaping the Future: New Approaches to Economics and Policy Making,,,,10.1007/978-3-031-47925-0_5,Elda DollijaKriselda Gura,2024,https://link.springer.com/chapter/10.1007/978-3-031-47925-0_5,Conference paper,"In 2011, the German government introduced Industry 4.0. A decade later, the European Commission initiated a new area of revolution named Industry 5.0. Based on the latest studies, this article explains the reasons behind the introduction of this new industry. It confirms the idea that I5.0 is a revolution rather than the evolution of I4.0. The Fifth Industrial Revolution, 5.0, aims to improve on the drawbacks of the previous one. Previous researchers have stated that, despite its benefits, I4.0 has lost its human and environmental dimension. Furthermore, during the COVID-19 pandemic, I4.0 did not prove resilient enough to withstand the disruption and be recovered later. Therefore, Industry 5.0 supplements I4.0’s focus on three core values: human centricity, sustainability, and resilience. I5.0 will address the fundamental issue of the loss of human employees in the industry and the promotion of skills and diversities through innovative ways such as Operator 5.0 or Co-bots. Additionally, tighter cooperation between people, machines, and digital technologies is required in order to achieve mass personalisation. Mass personalisation helps achieve environmental and economic sustainability as well as industry resilience. Recent studies have shown that, despite Industry 5.0’s contribution to the world economy, ecology, and society, we will face many challenges during its implementation. The first challenge is developing the soft and practical skills of the workforce and other necessary abilities to execute Industry 5.0 as a whole. Specialised training programs, instructors, and other actors are necessary to offer training sessions for the development of these new soft and practical skills. On the other hand, strict privacy, security, and ethical concerns are necessary for the adoption of disruptive technology applications used in Industry 5.0."
Revolutionizing Industry 5.0: Harnessing the Power of Digital Human Modelling,Industrial Engineering in the Industry 4.0 Era,,,,10.1007/978-3-031-53991-6_17,Semih DonmezerPinar DemirciogluIsmail BogrekciGokcen BasM. Numan Durakbasa,2024,https://link.springer.com/chapter/10.1007/978-3-031-53991-6_17,Conference paper,"Industry 5.0 signifies a significant transformation in the manufacturing sector, propelled by the convergence of advanced technologies and the incorporation of human-centric principles. This work explores the transformative potential of Digital Human Modelling (DHM) in revolutionizing Industry 5.0 across various sectors, including manufacturing, textiles, robotics, and energy. The manufacturing sector stands to benefit significantly from the application of DHM, as it enables enhanced design and optimization of production processes while considering human factors and ergonomics. DHM facilitates the development of human-centered smart factories, enabling efficient operations and improved safety management. In the textile sector, DHM offers opportunities to enhance the design of ergonomic workstations, optimize worker comfort, and improve overall productivity. In the area of robotics, DHM plays a critical role in ensuring the safety and well-being of workers. It enables the evaluation and optimization of human-robot interactions. DHM enables the design of collaborative work environments, where robots and humans can work together. In the energy sector, DHM contributes to the optimization of energy consumption, reducing carbon footprints, and promoting sustainable practices. By harnessing the power of DHM in these sectors, Industry 5.0 can achieve remarkable advancements in terms of efficiency, safety, productivity, and sustainability. This paper highlights the potential of DHM to reshape the manufacturing sector and its applications across textiles, robotics, and energy. The insights and findings presented here serve as a guide for researchers and practitioners aiming to unlock the full potential of DHM in driving the success of Industry 5.0."
Enhanced Security and Privacy from Industry 4.0 and 5.0 Vision,"Building Embodied AI Systems: The Agents, the Architecture Principles, Challenges, and Application Domains",,,,10.1007/978-3-031-68256-8_6,Tarun Kumar VashishthVikas SharmaKewal Krishan SharmaBhupendra Kumar,2024,https://link.springer.com/chapter/10.1007/978-3-031-68256-8_6,Chapter,"Advent of Industry-4.0 and envisioned future of Industry-5.0 bring unprecedented advancements in technology, connectivity, and automation. This paper explores the critical aspects of enhanced security and privacy within the context of these industrial revolutions. Industry 4.0, characterized by incorporation of cyber-physical systems, IoT, and data analytics, introduces new challenges and opportunities for securing sensitive information and ensuring user privacy. As the landscape evolves towards Industry 5.0, emphasizing human–machine collaboration, the need for robust security measures becomes even more pronounced. This research investigates cutting-edge technologies, encryption methods, and privacy-preserving protocols that play a pivotal role in fortifying the security posture of Industry 4.0 and anticipating the requirements of Industry 5.0. The analysis includes a comprehensive examination of potential threats, risk mitigation strategies, and the ethical considerations surrounding the implementation of enhanced security and privacy measures in smart manufacturing environments. Through a forward-looking lens, the paper underscores the imperative for proactive approaches, collaboration between stakeholders, and ongoing research to address the evolving challenges of cybersecurity and privacy in the Industry 4.0 and Industry 5.0 era."
Industry 5.0. The Road to Sustainability,"Towards a Smart, Resilient and Sustainable Industry",,,,10.1007/978-3-031-38274-1_21,Aitor Ruiz-de-la-Torre-AchaWilmer Guevara-RamirezRosa María Río-BelverJon Borregan-Alvarado,2023,https://link.springer.com/chapter/10.1007/978-3-031-38274-1_21,Conference paper,"This research presents a bibliometric study of the scientific-technological field of Industry 5.0 focusing on sustainability, after considering its relevance with the evolution since its emergence in 2019. It is deepened by studying authors’ keywords of “Industry 5.0” and “Sustainability” respectively in the Scopus and Web of Science databases, developing the analysis of the data considering its evolution, keywords and relevant organizations. The results show an increase in sustainability due to the fact that Industry 5.0 facilitates its development compared to previous industrial revolutions: detecting strong connections between Industry 5.0 and sustainability with the terms “Society 5.0”, “Human-centered design”, “Resilience”, “Artificial intelligence”, “Circular economy” and “Sustainable development”. Finally, as Industry 5.0 is a completely new field, it is expected that sustainability will gain more importance in the future, where the associated social aspects that will arise from the development of new technologies will be as relevant as the economic and environmental ones."
"ESG Meets Industry 5.0 Systematic and Bibliometric Reviews of Development Trends, and Future Directions",Big Data in Finance: Transforming the Financial Landscape,,,,10.1007/978-3-031-75095-3_21,Mohammad Zakaria AlQudahSamer Al rahamnehHusni Hasan SamaraSeba AbualhijaRa’ed Masa’deh,2025,https://link.springer.com/chapter/10.1007/978-3-031-75095-3_21,Chapter,"This research examines deeply the correlation between environmental, social, and governance (ESG) principles and Industry 5.0. The researchers adopted a systematic strategy by going back to different literature reviews, investigating 97 published papers (published between June 2024 and 2019) to highly analyze this developing sphere. We utilized a bibliometric method to analyze data. This facilitated identifying significant themes and organizing the previously dispersed information. We identified four distinct clusters by evaluating the frequency of keywords appearing together. We also have developed a comprehensive research agenda by employing these clusters which identify the basic study areas of research. This agenda concentrates on key aspects within Industry 5.0 and ESG that need more investigation, including social and environmental responsibility across industries. The article also tackles the primary research questions, points out areas that require more examination, and analyzes both practical applications and theoretical implications, answering the initial research questions."
"FinTech Digital Transformation: Generative AI, Humanoid Robots, Metaverse, Human-AI Collaboration, and Industry 5.0",Financial Technology,,,,10.1007/978-981-96-3811-6_12,Yuxin LiuRunyu WangKeng Siau,2025,https://link.springer.com/chapter/10.1007/978-981-96-3811-6_12,Conference paper,"This paper discusses the transformative impact of emerging digital technologies on the digital transformation of the financial industry, focusing on integrating Generative AI (GenAI), humanoid robots, and the Metaverse within the framework of Industry 5.0. Industry 5.0 emphasizes a human-centric approach to technology, where human-AI collaboration plays a central role in reshaping financial services. By reviewing both academic research and practical applications, the paper highlights the current advancements in FinTech, particularly in AI technologies and the Metaverse, and their future potential, demonstrating how these innovations are driving growth, efficiency, and resilience in the financial sector. Further, the paper proposes a three-phase research framework aimed at addressing the technological, legal, and ethical challenges associated with digital transformation. This framework focuses on key issues such as stability, security, data privacy, and equitable access to digital financial services. Ultimately, the paper argues that the integration of advanced digital technologies with human expertise and sustainable practices has the potential to revolutionize the global financial ecosystem, fostering a more adaptive, secure, and equitable industry in the future."
Role of Industrial Artificial Intelligence in Advancing Human-Centric Sustainable Development of Industry 5.0,Contemporary Issues in Industry 5.0,,,,10.1007/978-3-031-74779-3_12,Nampuraja Enose KamalabaiLea HannolaIlkka Donoghue,2025,https://link.springer.com/chapter/10.1007/978-3-031-74779-3_12,Chapter,"While the advent of the Fourth Industrial Revolution (Industry 4.0) promised to fundamentally change the industry in terms of its value creation in a sustainably responsible manner, its focus has largely been confined to technology adoption. It thereby focuses less on the original principles of sustainability, prompting industries worldwide to broaden their focus beyond productivity and profitability and achieve sustainable outcomes. The recent paradigm shifts have only brought to light the limits of such a techno-centric approach. The industry, therefore, acknowledges the necessity for a course correction, stimulating deliberations on the concepts of “Industry 5.0” and “Society 5.0,” underlining the real need to move beyond a technology-only purview, seeking to balance economics with social and environmental performance. Achieving this balance requires adaptation of the traditional linear model to a circular operational model while harnessing the foundational principles of Industry 4.0 to reflect changes through a circularly interconnected perspective. This shift involves advancing mutual cognitive coordination between humans and intelligent systems (cyber-physical systems), fostering resilience, sustainability, and a human-centric approach to technological development and implementation. This embodies the essence of Industry 5.0, a future evolution where human creativity collaborates alongside efficient, intelligent, and accurate machines, in the transition to a value-centric paradigm. While a standard approach to embedding these complexities is still developing, Industry 5.0 advocates using artificial intelligence (AI) as the backbone to transform human–machine interaction into a collaborative cognitive system. Together, they can drive a human-centric sustainable development within the context of the Fourth Industrial Revolution."
The Effects of Industry 4.0 and 5.0 on the Situation on the Labour Market,Data-Centric Business and Applications,,,,10.1007/978-3-031-89718-4_28,Alžbeta Kucharčíková,2025,https://link.springer.com/chapter/10.1007/978-3-031-89718-4_28,Chapter,"An important part of Industry 4.0 and 5.0 is the focus on people and their well-being, but due to the introduction of new technologies and elements of Industry 4.0, the nature and organization of work in companies is changing. Some jobs will disappear, but there will be room for new jobs. As a result of these changes in the labour market, there will be a need for continuous training and retraining. The aim of the article is to characterize the expected changes in the labour market, to identify the most and least endangered work professions and to identify the knowledge and skills needed in the era of Industry 4.0 and 5.0."
Toward Fair Futures? Digital Transformation and Income Disparities in the Era of Industry 5.0,Digital Transformation and Innovation in Organizations,,,,10.1007/978-3-031-90794-4_3,Paolo MorgantiRosa Carolina Valdes,2025,https://link.springer.com/chapter/10.1007/978-3-031-90794-4_3,Chapter,"Digital transformation is revolutionizing industrial production systems, offering unprecedented opportunities for economic growth and innovation. Within this context, Industry 5.0 builds on these advancements by emphasizing sustainability and social stability, promising to integrate human-centric principles into industrial development. Using a theoretical Knowledge Economy equilibrium model, this article examines the interplay between technology and human skills, demonstrating how technological complementarity can lead to wage inequality and market failures. The non-monotonic relationship between technology and wage distribution highlights the complexity of achieving socio-economic sustainability. These objectives are particularly difficult to achieve in Latin America where the digital and geographical divide is structurally wide. While Industry 5.0 aspires to foster social stability, our findings suggest that targeted government interventions will likely be necessary to address these challenges and promote a more equitable income distribution."
Design of a Man–machine-Duplex Production Line Towards Human-Centricity in Industry 5.0,Human-Centric Smart Manufacturing Towards Industry 5.0,,,,10.1007/978-3-031-82170-7_5,Caiyu XuJiewu LengWeinan ShaJiwei GuoQiang Liu,2025,https://link.springer.com/chapter/10.1007/978-3-031-82170-7_5,Chapter,"In the convergence of the sustainable development goals and the increasing individualized demands in products, sustainability is envisioned in the Industry 5.0 proposition based on a fast physical and logical (de) commissioning of the system. The vision implies high flexibility of both the hardware and software of production lines to satisfy individualized demands, as well as to save time and cost. This chapter proposes a design of a man–machine-duplex production line (MMDPL) for Human-centric Smart Manufacturing towards Industry 5.0. The MMDPL (“人机双工产线” in Chinese) architect pattern was coined in the research collaboration (starting from the year 2015) with two smartphone producers ranked No.1 and No. 4, respectively, in China. The purpose of proposing the MMDPL architect pattern is to achieve the fast and cost-efficient reconfiguration of the production line under frequent changeovers of different types of product orders."
Integrating Real-Time Worker Wellbeing into IoT-Enhanced Business Process Orchestration for&#xa0;Industry 5.0,Intelligent Information Systems,,,,10.1007/978-3-031-94590-8_31,Mathis Wyffels,2025,https://link.springer.com/chapter/10.1007/978-3-031-94590-8_31,Conference paper,"Business Process Management (BPM) aims to optimize task execution and sequencing to enhance efficiency and create value. With Industry 4.0 and the Internet of Things (IoT), real-time process monitoring and dynamic adaptations have become possible, leading to IoT-enhanced business processes. However, despite these advancements, current BPM technology overlooks real-time human factors, particularly worker wellbeing, when orchestrating manufacturing processes. This gap is critical as Industry 5.0 emphasizes a human-centric approach, recognizing that worker physical and cognitive wellbeing directly impacts productivity, sustainability, and workforce retention. This research project addresses this challenge by integrating real-time worker wellbeing data into IoT business processes for automatic process orchestration. A dynamic worker profile will be developed, leveraging IoT wearables to capture physical and cognitive wellbeing metrics. These real-time insights will then be incorporated into BPM technology to enhance actor assignment and execution, ensuring a balance between worker wellbeing, organizational constraints, and economic objectives. Following the design science research methodology, this project is structured into four work packages, covering wellbeing monitoring, actor assignment extension, mechanism prototyping, and evaluation. By embedding worker wellbeing into process orchestration, this research aims to enhance productivity, reduce accidents and errors, and promote a healthier, more sustainable, and resilient workforce."
Towards a Process-Based Industry 5.0 Maturity Model: A Feasibility Study in Supply Chain,Innovative Intelligent Industrial Production and Logistics,,,,10.1007/978-3-031-80760-2_15,Sara HimmicheJean-Luc MaireJose-Fernando JimenezMagali PralusLaurent Tabourot,2025,https://link.springer.com/chapter/10.1007/978-3-031-80760-2_15,Conference paper,"A focus on sustainability, resilience, and human-centricity is necessary to implement the global vision of Industry 5.0. However, assessing the readiness of these pillars within the business processes of an organization remains a significant challenge. This paper addresses this gap by providing a comprehensive and process-based maturity model in Industry 5.0 context. The model adopts a top-down approach assessing the maturity of business processes at different layers and focusing on the formalization of practices and their correlation with maturity levels. The applicability of the model is demonstrated through its instantiation to the supply chain process category, with a focus on the schedule production process. Furthermore, the paper explores the integration of AI-based techniques to automate the creation of maturity grids and streamline the assessment process. Overall, the results of this paper highlight the prescriptive characteristic of the proposed maturity model, providing a robust framework to guide organizations towards a step-by-step transition through the Industry 5.0 vision."
Meta-review of Data Science in Industry 4.0/5.0 for Enhancing Supply Chain Resilience,"Organizational Engineering, Coping with Complexity",,,,10.1007/978-3-031-82334-3_102,Luz Mileny BuriticaRaquel SanchisManuel Díaz-MadroñeroFrancisco Campuzano-Bolarín,2025,https://link.springer.com/chapter/10.1007/978-3-031-82334-3_102,Conference paper,"In an evolving landscape shaped by Industry 4.0 and the emerging paradigms of Industry 5.0, the importance of resilience in supply chains should be emphasised. Resilience is the ability to avoid and anticipate disruptive events and, when their occurrence is certain, the capacity of recovering normal supply chain operation. Data science can play a crucial role in enhancing this resilience. Based on this, the main objective of this article is to conduct a meta-review on enhancing resilience in supply chains 4.0 and 5.0, focusing on data science-based approaches to offer a comprehensive overview and high-level synthesis of the current state of knowledge. Our research has shown that the majority of studies employ broad criteria for publication classification and analysis, concentrating on factors such as publication years, academic disciplines, journals, geographical distribution, and research types. However, our approach takes a more specific methodology, by emphasising context, intervention, mechanism, and outcome elements. While the prevailing focus of existing literature is on Industry 4.0-based supply chain contexts, with limited attention to Industry 5.0, the most analysed technologies include blockchain, industrial internet of things, internet of things, cloud computing, digital twins, among others. Notably, resilience enhancement in the reviewed studies predominantly relies on artificial intelligence, machine learning, data analytics, big data, and, to a lesser extent, deep reinforcement learning and predictive analysis."
Towards a Human-Centric Industry 5.0: Exploring Team Roles to Improve Human-Machine Collaboration,Innovative Intelligent Industrial Production and Logistics,,,,10.1007/978-3-031-80775-6_21,Domenico MonopoliMariateresa CaggianoConcetta SemeraroMichele Dassisti,2025,https://link.springer.com/chapter/10.1007/978-3-031-80775-6_21,Conference paper,"Industry 5.0 aims to enhance the strengths of the current Industry 4.0 paradigm and broaden its scope by emphasizing the human operators within the working environment through harmonious interactions with machines and other human collaborators. One of the three pillars of Industry 5.0 is the redefined role that human operators would assume within rapidly evolving production systems due to significant technological improvements descending from the I4.0 paradigm. This new role is becoming a major organizational and technological challenge to ensure maximum productivity while preserving the health and well-being of the operator. In this context, the primary objective of this study was to investigate the impact of various human-machine team configurations on process performance and worker well-being. To achieve this, a collaborative workstation was designed and implemented to simulate different configurations of collaborative scenarios, each involving distinct roles for humans and machines. Preliminary findings indicate that key factors such as experience and attitude toward technology necessitate different collaborative setups. Specifically, experienced operators prefer supervisory roles within the team, with the machine primarily used for final inspections. In contrast, less experienced operators tend to rely more on the machine’s decisions, adopting a more apprentice-like role."
"Full Steam Ahead Towards Industry 5.0: The Question Is Not If, But How Fast!",B2B Marketing Guidebook - Vol. 1,,,,10.1007/978-3-031-91183-5_2,Mike KleinemasUwe Seebacher,2025,https://link.springer.com/chapter/10.1007/978-3-031-91183-5_2,Chapter,"This chapter deals with the big picture, within which the enormous dynamics of change in B2B marketing must also be considered. The question is not whether Amazon will 1 day also sell, manufacture, and immediately ship industrial products using 3D technology, but when. Because the need for rethinking in the area of B2B marketing is not for its own sake. The sharing economy and Assets-as-Service (AAS) are making ever larger strides. It is the increasingly transparent, virtual, and accelerating environment that will hit the B2B sector next. Companies and their decision-makers—and especially those who want to be sustainably successful—must face this change in order to survive sustainably. The world is changing towards a huge 24/7 All-2-All (A2A) interaction arena, where marketing, sales, and corporate communication must act integrated and orchestrated. Because if they fail to leverage the enormous potential of modern B2B marketing, they will be left behind in terms of competition. But today’s competition only plays a subordinate role, because the real competitors of the future are the Soonicorns of this world. This chapter aims to highlight the causes of this pressure for change and thereby create awareness that not only the entire education sector in the discipline of marketing but also the entire top management of industrial companies must rethink."
Towards Industry 5.0 by Incorporation of Trustworthy and Human-Centric Approaches,Artificial Intelligence in Manufacturing,,,,10.1007/978-3-031-46452-2_21,Eduardo VyhmeisterGabriel Gonzalez Castane,2024,https://link.springer.com/chapter/10.1007/978-3-031-46452-2_21,Chapter,"The industrial sector has been a major adopter of new technologies for decades, driving economic and societal progress. The path by which industry embraces new techniques has a significant impact on the environment and society and thus must be guided by principles of sustainability and trustworthiness. In this chapter, we explore the current paradigm in which Industry 4.0 is evolving towards Industry 5.0, where artificial intelligence (AI) and other advance technologies are being used to build services from a sustainable, human-centric, and resilient perspective. We examine how AI can be applied in industry while respecting trustworthy principles and collect information to define how well these principles are adopted. Furthermore, it is presented a perspective on the industry’s approach towards adopting trustworthy AI (TAI), and we propose steps to foster its adoption in an appropriate manner. We also examine the challenges and risks associated with the adoption of AI in industry and propose strategies to mitigate them. This chapter intends to serve researchers, practitioners, and policymakers interested in the intersection of AI, industry, and sustainability. It provides an overview of the latest developments in this field and offers practical guidance for those seeking to promote the adoption of TAI."
Blockchain-Based Security Sustainable Framework for IoMT Applications and Industry 5.0,Soft Computing in Industry 5.0 for Sustainability,,,,10.1007/978-3-031-69336-6_17,Pashupati BaniyaAtul AgrawalParma NandBharat BhushanPronaya Bhattacharya,2024,https://link.springer.com/chapter/10.1007/978-3-031-69336-6_17,Chapter,"The network of medical devices, healthcare information systems, and software applications used for delivery and remote monitoring of healthcare services is known as the internet of medical things (IoMT). While IoMT offers many benefits for present smart healthcare, safety issues are increasing because IoMT devices lack the necessary processing power, self-defense capabilities, and storage capacity. The most important need for securing IoMT systems is device authentication. The increasing demand for IoMT sensors in healthcare means we need to make sure they are truly secure. Especially in resource-limited situations, these devices often require additional support to keep patient data secure during transmission. Blockchain provides great solutions to this issue because it makes the systems more secure and protects patients’ private medical information from being hacked or hacked. By combining IoMT with blockchain, we get many benefits, such as saving money, speeding up operations, automating processes, and ensuring that data doesn’t get tampered with. This can lead to a better life and a longer life. In this comprehensive review, we look at IoMT history, design, aspects, and challenges. We will also dive deeper into blockchain technology, talk about what it’s made of and how it works, and look at how it can protect IoMT in terms of healthcare. In addition, we will introduce some new blockchain technologies that are being used with IoMT, showing how they are evolving and why they are important for healthcare."
Skills and Competencies of Industrial Employees in the Industry 5.0 Environment,Intelligent Systems in Production Engineering and Maintenance III,,,,10.1007/978-3-031-44282-7_20,Sebastian SaniukSandra Grabowska,2024,https://link.springer.com/chapter/10.1007/978-3-031-44282-7_20,Conference paper,"The Fourth Industrial Revolution means implementing new technologies and creating cyber-physical systems composed of intelligent resources communicating with each other. The widespread digitization of processes increases process efficiency, production flexibility, and the possibility of achieving the contemporary aims of sustainable development, sustainable production and consumption, and efficient energy consumption. Currently, a definite game changer is taking place in the autonomy of cyber-physical systems. Cyber-physical systems are expected to be human-oriented, more resilient to disruption and oriented to the ecological aspects identified with sustainability. The move away from the dehumanization of cyber-physical systems has led to the emergence of the Industry 5.0 concept supported by the European Commission. The new challenges identified by the Industry 5.0 concept, especially in the implementation of human-centric technologies and principles of sustainability and resilience, pose challenges to the knowledge and skills of today’s manufacturing engineers. Hence, the article’s main aim is to identify industrial employees’ essential skills and competencies in implementing Industry 5.0. The achievements and results presented in the article were obtained based on a survey conducted among experts representing universities and Polish companies, mainly meant manufacturing, R&D and service companies. The study includes aspects related to the problem of implementation of digital technologies identified with the fourth industrial revolution in the conditions of development of the concept of Industry 5.0. In addition, the directions of development of knowledge and competencies of employees are indicated, which can serve the development of the educational system of modern engineers."
Human-Robot Collaboration in the Industry 5.0 Era: The Aerospace Perspective,European Robotics Forum 2024,,,,10.1007/978-3-031-76428-8_33,José Ramón Vilanova SánchezRafael LuquePaloma VegaEduardo Ferrera,2024,https://link.springer.com/chapter/10.1007/978-3-031-76428-8_33,Conference paper,"Industry 5.0 is meant to achieve a new level in terms of innovation and productivity. To do so, Human-Robot Collaboration (HRC) is going to play a crucial role: the combination of human’s flexibility, with the repeatability and tirelessness of robots offers numerous opportunities for improvement in this new era. This paper explores HRC from the human perspective, showing a suite of the innovative technologies that, driven by AI and DL, and supported by robots, will raise the next level of industrial efficiency. Voice Assistance systems, Computer Vision powered benches, smart workstations or Extended Reality (XR) are meant to empower individuals on the manufacturing front. The paper also presents several solutions that have been implemented in a pilot aerospace factory to empower futuristic industrial operators, and how those solutions should be combined with cognitive robots to shape the roadmap and future of aerospace with precision, efficiency, and a touch of humanity."
Moving Towards Industry 5.0: Opportunities and Challenges in Bahrain Higher Education,The AI Revolution: Driving Business Innovation and Research,,,,10.1007/978-3-031-54379-1_37,Rumpa RoyAli Ateeq,2024,https://link.springer.com/chapter/10.1007/978-3-031-54379-1_37,Chapter,"This study aimed to investigate the challenges and opportunities of industry 5.0 in Bahrain higher education sector. The research questions are related to students’ motivation and engagement in learning, IT infrastructure and resources affecting implementation of digital technologies, social and emotional wellbeing of students, and synergy between industry 5.0 and society 5.0. The research is qualitative in nature. Focus group interview was conducted with eight faculty members and content analysis was done to analyze the interview transcripts. Qualitative analysis reveals that application of industry 5.0 in education enhances students’ engagement and motivation. With collaborative and experiential learning, social belongingness and emotional wellbeing of the students are improved. The human centric approach promotes acquisition of new skills and competencies aligned with the future jobs and focuses on linking activities with sustainable development goals. Challenges and opportunities of industry 5.0 in education have been identified. Based on the findings, a framework has been proposed for the universities to deal with the era 5.0. The framework shows how the universities should respond to the rapid changes brought by disruptive technologies with human centric approach. The universities need to implement digital transformation strategy, focus on building industry partnership, international collaboration, training, robust IT infrastructure and resources, and promote the culture of innovation and entrepreneurship."
Intertwining Fashion Practices Toward Industry 5.0 Through a Design-Driven Approach,For Nature/With Nature: New Sustainable Design Scenarios,,,,10.1007/978-3-031-53122-4_43,Daria Casciani,2024,https://link.springer.com/chapter/10.1007/978-3-031-53122-4_43,Chapter,"Technology is the oikos of contemporary humanity, able to modify the earth’s ecosystem, contributing to the co-evolution of life of all species, particularly human beings. In the Technocene, the relationship between nature and society is strongly influenced by technological dominance. However, Industry 5.0 strategies suggest an opportunity to change this condition by leveraging the technological potential through more sustainable, resilient, and human-centric approaches and optimizing existing resources through systematic prevention of physical, social, urban, and process waste. This article focuses on the role of design in driving a positive holistic, sustainable transformation through digital technologies (e.g., additive manufacturing, laser cutting, collaborative robotics, 3D modeling, and simulation) in fashion, textile, and apparel applications. Expanding on case study analysis, this paper discusses how to re-center human beings, hybridizing craftsmanship with technologies toward safer, more creative, and sustainable design and manufacturing processes via connected supply and value chains. A framework is presented where design drives a paradigmatic shift to (i) reduce waste and polluted resources via circular harvested materials and cross-sectoral partnership; (ii) enhance human labor ecosystems and upskill the artisanal workforce via fashion-augmented craftsmanship/non-standard fabrication; (iii) revive local crafts expertise and cities via nearshoring production; (iv) align better with customers via on-demand hyper customization through experience activated interactions. This article highlights the importance of an interdisciplinary perspective among fashion, science, society, craft, and technology for a synergistic and sympathetic relationship between society and nature."
Blockchain Technology: Enabling Decentralized and Secure Industrial Processes in Industry 5.0,Industry 5.0 and Emerging Technologies,,,,10.1007/978-3-031-70996-8_14,Gowher Majeed Parry,2024,https://link.springer.com/chapter/10.1007/978-3-031-70996-8_14,Chapter,"The emergence of Industry 5.0 necessitates the integration of emerging technologies that enable decentralized, transparent, and secure industrial processes. This chapter explores the transformative potential of blockchain technology in revolutionizing industrial operations through its core components: distributed ledgers for ensuring data integrity across a peer-to-peer network, consensus mechanisms for facilitating trust and agreement, and smart contracts for automating processes without intermediaries. By examining real-world applications across manufacturing, supply chains, energy systems, and more, the chapter highlights blockchain's ability to enhance traceability, cyber-security, and process optimization. Furthermore, it addresses barriers to adoption, including scalability and regulatory challenges, while providing recommendations for seamlessly integrating blockchain into human-centric, sustainable Industry 5.0 ecosystems. Overall, this chapter presents a compelling case for leveraging blockchain to foster decentralization, transparency, and secure collaboration in industrial settings."
Green Finance 2.0: Harnessing Fintech for Sustainable Investments in Industry 5.0,Anticipating Future Business Trends: Navigating Artificial Intelligence Innovations,,,,10.1007/978-3-031-63569-4_17,M. NanthiniV. S. VinumonAjai Abraham ThomasA. Sheshu,2024,https://link.springer.com/chapter/10.1007/978-3-031-63569-4_17,Chapter,"This research paper delves into the intersection of green finance and financial technology (fintech) within the context of Industry 5.0, with a focus on sustainable investments. The emergence of Industry 5.0, characterized by the integration of advanced technologies, automation, and sustainability, has paved the way for a new era in industrial development. Green finance, as a tool to mobilize funds for environmentally sustainable projects, is evolving alongside the rapid advancements in fintech. This paper explores the synergies between green finance and fintech, examining how the integration of these two realms can facilitate and enhance sustainable investments in the context of Industry 5.0."
Industry 5.0 and SMEs Future Work Competency Fields: A Literature Review,Latest Advancements in Mechanical Engineering,,,,10.1007/978-3-031-70465-9_20,Leila ZareMarwa Ben AliErwin Rauch,2024,https://link.springer.com/chapter/10.1007/978-3-031-70465-9_20,Conference paper,"The digital revolution in the technology industry is leading towards Industry 5.0, resulting in significant changes in the future of work, particularly for small and medium-sized enterprises (SMEs). To ensure a successful industrial transition, it is crucial for employees to acquire the necessary skills and competencies. In this vein, the present study aimed to investigate the impact of digital and sustainable transformation on the required skills and competencies of employees in SMEs. A literature review was conducted to gather scientific data through a qualitative analysis. The study findings indicate that SMEs are placing increasing importance on transversal, technical, and green competency fields. Furthermore, the research indicated that SMEs can enhance their employees’ capabilities by offering appropriate training programs. By employing competency forecasting techniques, SMEs can recognize skill shortcomings and equip their workforce with the necessary skills for future requirements."
Convergence of AI Techniques in Enabling Sustainability Practices for Industry 5.0,Soft Computing in Industry 5.0 for Sustainability,,,,10.1007/978-3-031-69336-6_8,Edward NkadimengThuso Mathaha,2024,https://link.springer.com/chapter/10.1007/978-3-031-69336-6_8,Chapter,"Industry 5.0 marks a significant shift in manufacturing, emphasizing sustainability and the integration of advanced technologies such as artificial intelligence (AI). This chapter explores the critical role of AI in enabling and driving sustainable manufacturing practices within the Industry 5.0 framework. It provides an overview of the key AI techniques, including machine learning, deep learning, and natural language processing, and their applications in areas such as energy optimization, predictive maintenance, quality control, and supply chain management. The chapter presents real-world case studies demonstrating the successful implementation of AI-powered solutions for sustainable manufacturing and discusses the challenges and future directions in this field. It also includes practical problems and activities to reinforce the concepts covered. By examining the synergistic relationship between AI and sustainability in Industry 5.0, this chapter aims to provide students and practitioners with a comprehensive understanding of how AI can be harnessed to achieve sustainable manufacturing goals and drive the transition toward a more sustainable and intelligent industrial future."
Industry 4.0 to Society 5.0: Change in Production and Management Systems,"New Technologies, Development and Application VII",,,,10.1007/978-3-031-66268-3_58,Mihalj BakatorDragan ĆoćkaloSanja StanisavljevStefan Ugrinov,2024,https://link.springer.com/chapter/10.1007/978-3-031-66268-3_58,Conference paper,"This paper presents a comprehensive examination of the transition from Industry 4.0 to Society 5.0. It emphasizes the important role of AI, IoT, and Big Data in redefining production and management systems, fostering a shift towards more personalized, efficient, and sustainable practices. The integration of these advanced technologies while maintaining a human-centric approach is significant for ensuring that technological advancements work in harmony with human creativity and ethical considerations. The study also delves into the aspects of sustainable production, advocating for environmentally friendly practices and the development of collaborative ecosystems. The main goal of the paper is to analyze the importance acheiving competitiveness in the context of Industry 5.0, through AI application. The paper provides a solid basis for future reserach in this domain."
Building a Human-Centred Infrastructure for Sustainable Industry 5.0 in Asia,,,,,10.1007/978-981-95-0417-6,Priyanka AgarwalNitendra KumarSanjeev BansalYeliz Karaca,2025,https://link.springer.com/book/10.1007/978-981-95-0417-6,Book,
Enhancements and Progress in Industry 5.0: A Strategic Method for Confronting the Limitations of Industry 4.0,Recent Advances in Industrial and Systems Engineering,,,,10.1007/978-981-97-4700-9_19,Ramesh RajuT. LikhithaMudavath Lavana NaikTalanki Sri NihithaSai Mokshith Sake,2024,https://link.springer.com/chapter/10.1007/978-981-97-4700-9_19,Conference paper,"Industry 4.0 revolutionized manufacturing and industrial processes through the introduction of advanced technologies like automation, IoT, AI, and data analytics. However, this transformation also brought forth challenges, including job displacement, cybersecurity risks, and a widening skills gap. To overcome these obstacles and drive progress, the concept of Industry 5.0 has emerged, aiming to establish a human-centered paradigm that integrates intelligence with cutting-edge technologies, fostering a mutually beneficial relationship between humans and machines. The initial discussion will revisit the primary obstacles faced during the implementation of Industry 4.0, encompassing concerns about potential job displacement due to automation, the necessity for robust cybersecurity measures, and the crucial need to retrain employees to adapt to the evolving industrial landscape. Moreover, Industry 5.0 places significant emphasis on cultivating collaboration between humans and machines by improving human–machine interfaces. These interfaces not only facilitate effective communication but also enable machines to learn from human interactions and vice versa, fostering a continuous improvement cycle. Such an approach enables the seamless integration of human intelligence with AI-driven decision-making, leading to increased overall productivity and quality. Additionally, Industry 5.0 acknowledges the vital importance of ethics and sustainability in industrial operations, emphasizing ethical considerations regarding data privacy, bias, and transparency, and striving to adopt sustainable practices that minimize environmental impact and advocate for responsible resource usage across the supply chain."
Toward Industry 5.0: Cognitive Cyber-Physical System,Industry 4.0,,,,10.1007/978-981-19-2012-7_12,Zohreh SaadatiReza Vatankhah Barenji,2023,https://link.springer.com/chapter/10.1007/978-981-19-2012-7_12,Chapter,"Industry 5.0 is regarded as the next industrial revolution; its objective is to combine the creativity of human experts with efficient, intelligent, and precise machines to produce manufacturing solutions that are resource-efficient and user-preferred. Cognitive cyber-physical technology is anticipated to enable Industry 5.0 in boosting productivity and delivering spontaneously customized products. This chapter provides an overview of cognitive cyber-physical systems, with an emphasis on the “cognitive” aspect of the technology."
Intelligent IT Solutions for Sustainability in Industry 5.0 Paradigm,Lecture Notes in Electrical Engineering,,,,10.1007/978-981-97-1682-1,Balvinder ShuklaB. K. MurthyNitasha HasteerHarpreet KaurJean-Paul Van  Belle,2024,https://link.springer.com/book/10.1007/978-981-97-1682-1,Conference proceedings,
Human-Centric Pedagogies in the Age of Intelligent Systems: Envisioning the Future with Industry 5.0,Building a Human-Centred Infrastructure for Sustainable Industry 5.0 in Asia,,,,10.1007/978-981-95-0417-6_4,Priyanka AgarwalLakhwinder Kaur DhillonSadhana Tiwari,2025,https://link.springer.com/chapter/10.1007/978-981-95-0417-6_4,Chapter,"As the world transitions from Industry 4.0 to Industry 5.0, the focus is also shifting towards human centricity, resilience, and sustainability. In order to balance technical advancement with human values, this evolution necessitates a dramatic rethinking of educational paradigms. In an era increasingly influenced by intelligent systems like artificial intelligence, robotics, and data analytics, this chapter examines the rise of human-centric pedagogies that prioritize emotional intelligence, creativity, ethical reasoning, and critical thinking. Based on the ideas of Industry 5.0, it explores how educational systems might use human–machine collaboration to foster empathy, adaptability in addition to improving learning results."
Fostering Human Agency and Autonomy in Human-Robot Interaction: An Interdisciplinary Approach for Industry 5.0,"Proceedings of the 22nd Congress of the International Ergonomics Association, Volume 3",,,,10.1007/978-981-96-9330-6_48,Luisa VervierSebastian PützPhilipp BraunerRalph BaierSebastian BernhardHannah DammersFelix GlaweMoritz LennartzJared ParmerCalvin RöhlAlexander SchollemannThomas GriesCarmen Leicht-ScholtenAlexander MertensSaskia K. NagelGünther SchuhVerena NitschMartina Ziefle,2025,https://link.springer.com/chapter/10.1007/978-981-96-9330-6_48,Conference paper,"Industry 5.0 aims at harmonizing increased innovation, efficiency, and productivity in production through the alignment of advanced technologies with environmental sustainability, resilience, and the well-being of industrial workers. In this context, maintaining human agency and autonomy is crucial, especially in the face of increasing automation in production. This is particularly true for human-robot-interaction (HRI) as robots and their tools collaborate with humans in closest proximity as partners. Therefore, this article focuses on fostering human agency and autonomy in HRI. Our approach considers psychological, ergonomic, human diversity, ethical and engineering aspects. As a result, we provide an interdisciplinary and user-centered approach that facilitates the creation of supportive conditions for human agency and autonomy within HRI. This actionable approach supports stakeholders in research and industry who seek to enhance human agency, autonomy, and usability in Industry 5.0."
Leveraging Learning Factories to Develop Multi-site Dashboards for Decentralised Smart Manufacturing in Industry 5.0,Advancing Learning Factories: Enabling Future-Ready Skills,,,,10.1007/978-3-031-98883-7_4,Clara Tang Ga YiPuay Siew TanMa Zhaoyu,2025,https://link.springer.com/chapter/10.1007/978-3-031-98883-7_4,Conference paper,"With the new focus in Industry 5.0 on human-centric and resilient manufacturing, there is increasing interest in a value chain approach, where enterprises operate across multiple sites or with value chain partners, potentially with decentralised decision-making. However, collaboration across sites presents challenges, as each site often develops its own shopfloor dashboard, leading to inconsistencies in data collection, KPI definitions, and metric displays, preventing a unified cross-site performance view. This paper explores how Learning Factories can be used to develop industry-grade multi-site dashboards, which standardise and consolidate data from diverse systems, enabling a comprehensive perspective for global operations managers. We present a case study of a Learning Factory network spanning three sites with varying products, processes, and protocols. This network was used to develop a multi-site manufacturing dashboard, later deployed regionally to a multinational corporation in high-volume production. The collaboration with the Learning Factory allowed the company to co-innovate a dashboard tailored to their specific needs, improving oversight and optimising decision-making. These dashboards enable more agile real-time drill-down analysis, making it easier to identify underperforming sites and enhance decision-making agility. The collaborative nature of Learning Factories also facilitates the development of multi-enterprise dashboards, addressing challenges such as data privacy, security, and the standardisation of metrics across organisations. Learning Factories are key enablers of innovation in dashboard technology, driving the realisation of distributed smart value chains and supporting companies in their transition to Industry 5.0."
Lean Requirements Integration from the Design Phase of a Sociotechnical System in Industry 5.0 Context,"Advances on Mechanics, Design Engineering and Manufacturing V",,,,10.1007/978-3-031-72829-7_53,Rami GdouraRémy HoussinDiala DhouibAmadou Coulibaly,2025,https://link.springer.com/chapter/10.1007/978-3-031-72829-7_53,Conference paper,"In today's highly competitive market, companies are compelled to meet ever-growing customer demands by constantly refining their requirements. Presently, companies employ Lean tools to enhance system performance during the utilization phase. The application of Lean tools takes into account a number of conditions and constraints. One of these major constraints is the system itself, and the way it is designed and installed. In this study, we carried out a literature review to Lean integration in the design phase of systems in Industry 5.0 context. A few studies have attempted to integrate the concepts of Lean and Industry 5.0 separately. Not too many studies have highlighted the relationship between these two concepts, and it has been noted that there is currently no global approach that integrates both concepts in the design of sociotechnical systems. This work aims to provide designers with a design support framework to have a high-performing sociotechnical system. The focus is on formulating and integrating Lean requirements within an Industry 5.0 context from the early design phase, reducing the need for subsequent Lean interventions during the manufacturing phase. This proactive approach enables companies to respond effectively to the ever-changing challenges of today's market."
Managing Strategic Flexibility in Industry 5.0 Transition: An Integrated Real Options and Strategic Foresight Approach,Contemporary Issues in Industry 5.0,,,,10.1007/978-3-031-74779-3_5,Jyrki SavolainenMikkel Stein Knudsen,2025,https://link.springer.com/chapter/10.1007/978-3-031-74779-3_5,Chapter,"This chapter deals with the corporate investment decision-making strategies amid the transformative landscape of Industry 5.0 and system-level Digital Twins Twinning. Through the lens of Strategic Foresight (SF) and Real Options (RO), the chapter both identifies a methodological gap in the literature regarding the integration of ROs and SF and underscores the potential synergy between these two fields. It is suggested that ROs can adeptly address numerical uncertainties in resource exploitation business cases, while SF serves as a valuable qualitative exploration tool under structural or radical uncertainty. A high-level, integrated decision framework is drafted, and its applicability is discussed within the Industry 5.0 context of system-level Digital Twins."
Enhancing Data Management in Industry 5.0: The Role of Digital Twins in Optimizing Industrial Operations,Industry 5.0,,,,10.1007/978-3-031-87837-4_9,Raju ImandiB. ChethanaB.  M. Prabhu PrasadKamalakanta SethiB.  N. Pavan Kumar,2025,https://link.springer.com/chapter/10.1007/978-3-031-87837-4_9,Chapter,"Industry 5.0 heralds a transformative shift in the evolution of manufacturing dynamics, emphasizing a synergistic blend of human ingenuity with cutting-edge intelligent systems. This chapter focuses on the role of digital twins—sophisticated digital counterparts of physical entities—in revolutionizing data management and enhancing streamlined functionality leveraging real-time sensor data, digital twins accurately mirror and monitor complex industrial processes, providing a comprehensive analytical platform. These digital twins facilitate predictive maintenance and robust decision-making, significantly reducing downtime and operational costs. Furthermore, they enable effective risk management by simulating potential scenarios, allowing companies to proactively address possible challenges. Through seamless human-machine collaboration, digital twins enhance the potential for smarter, more sustainable operations, optimizing resource use and minimizing environmental impact. This chapter delves into how digital twins act as pivotal enablers within Industry 5.0, driving the redefinition of industrial operations towards more intelligent, efficient, and sustainable outcomes."
Empowering Industry 5.0 Supply Chain: Insights from a Systematic Literature Review of Digital Maturity Models,Industrial and Logistics Systems Design and Efficient Operation,,,,10.1007/978-3-031-87309-6_15,Saloua MihoubiTouria BenazzouzKhalid Auhmani,2025,https://link.springer.com/chapter/10.1007/978-3-031-87309-6_15,Conference paper,"The supply chain has been revolutionized and transformed into a way business that operates within the integration of advanced technologies. These emerging technologies have been instrumental in streamlining processes, improving efficiency, and offering increased transparency throughout the supply chain. Our research conducts a comprehensive review of studies on digital maturity models across different fields, with a particular focus on supply chain applications. In addition, it explores the digital transformation of supply chains as they evolve from Industry 4.0 to Industry 5.0. By employing a five step methodology of systematic literature review, 63 articles were identified. The results underline the importance of implementing comprehensive digital maturity models to successfully navigate supply chains through the ever-changing technological, thereby promoting improved efficiency, resilience, and sustainability. Our study concludes by proposing future prospects and necessary advancements in the development of digital maturity models within the framework of supply chains."
Inventive Design for Transition to Industry 5.0 Based on Risk Management: Statement and First Proposition,World Conference of AI-Powered Innovation and Inventive Design,,,,10.1007/978-3-031-75923-9_11,Marwa HamdenRemy HoussinFatma LehyaniAlaeddine ZouariAmadou Coulibaly,2025,https://link.springer.com/chapter/10.1007/978-3-031-75923-9_11,Conference paper,"Industry 5.0 is not just a technological evolution; it's not just more intelligence in components, products or equipment. There's a whole philosophy behind it that's a real threat to Small and Medium-sized Enterprises integrating into this approach. It therefore becomes important to identify and analyze the risks attributable to the transition to I5.0. The aim of the paper is to conduct a literature review about the research base on risk management related to the digital transition of SMEs into I5.0 and try to find all the aspects of risk management implementation involved in it. Hence, this literature review aim to adopt innovative approaches and methods to boost the robustness and capability of the managerial systems, technologies, knowledge, etc. available to Small and Medium Enterprises, so that they are ready to counter the various obstacles that could impact the transition process. Through this study, we aim to help deciders to integrate digital transformation by identifying and analyzing the risks and contradictions involved in moving towards I5.0."
Innovative Layouts for the Management of Production Buildings According to the Principles of Industry 5.0,Proceedings of the 11th International Conference of Ar.Tec. (Scientific Society of Architectural Engineering),,,,10.1007/978-3-031-71867-0_52,Marta ZincaniMarianna RotilioGianni Di Giovanni,2025,https://link.springer.com/chapter/10.1007/978-3-031-71867-0_52,Conference paper,"The design of the layout of logistics spaces represents a fundamental step for the organization and rationalization of industrial production procedures according to an approach that also places sustainability and resilience at the centre of interests within the context of a human-centric approach of the so-called Industry 5.0. The optimization of warehouse flows is strictly connected to the optimal use of space, necessary to guarantee the reduction of operational phases, ease of access and control, and the best efficiency and usability of the spaces. The research work presented in this article aims to define a generally applicable methodology for the design and adaptation of industrial plants, with particular reference to systems intended for warehouse logistics processes. The design guidelines that we want to define will integrate the spatial needs related to practice and business activity with the new research directions that look at digital innovation of companies and energy efficiency. Central to these assumptions is the definition of the structure of the layouts which can determine different performances for the same activities, as they transversally influence multiple aspects such as the health and well-being of workers, the management of spaces, times, energy consumption. The topics covered are the result of an initial research activity carried out at the Solis GreenLog S.r.l. logistics centre, a hub of the Solis S.p.A. group, an integrated temperature-controlled transit point that offers spaces and services for storage, processing, handling and distribution of the goods."
PV Glasses in Human-Centred Infrastructure for Sustainable Development Fostering SDG 11 Supporting Industry 5.0,Building a Human-Centred Infrastructure for Sustainable Industry 5.0 in Asia,,,,10.1007/978-981-95-0417-6_2,Bhupinder SinghAnnu Mishra,2025,https://link.springer.com/chapter/10.1007/978-981-95-0417-6_2,Chapter,"Photovoltaic (PV) glasses are a pioneering step to future sustainable infrastructure meeting the demands of SDG 11- Sustainable Cities & Communities. These smart glasses use solar energy, while allowing natural light to enter buildings, which saves energy and improves urban livability. Uniting the concepts of human-centered infrastructure, PV glasses will allow smart buildings to easily integrate renewable energy sources which are in line with the 5th Industrial revolution’s vision of intelligent, sustainable and connected systems. Strong regulatory and policy frameworks are needed to achieve the full potential of PV glasses. Standards on material safety, energy efficiency, and environmental compliance must be put in place. Incentives like tax breaks, subsidies and R&D funding can facilitate adoption. Therefore, the deployment of RE technologies such as PV glasses in new constructions and retrofitting projects should be mandated and made obligatory through urban planning policies. International cooperation is also vital, enabling knowledge sharing and alignment of global standards. Regulatory frameworks that support solar PV glasses in Industry 5.0 by uniting technology, sustainability, and human-centric design can bring a revolution in the urban landscape. Encouraging not just the environment, but also social equity and economic resilience that lead to smarter, greener cities focusing on people and planet."
Exploring the Human-Centered Pillar of Industry 5.0: A Bibliometric Analysis and Future Research Directions,"Proceedings of the 22nd Congress of the International Ergonomics Association, Volume 2",,,,10.1007/978-981-96-8908-8_67,Lucas Gomes Miranda BispoItalo Rodeghiero NetoMartina Ibarra de LéoJonhatan Magno Norte da SilvaFernando Gonçalves Amaral,2025,https://link.springer.com/chapter/10.1007/978-981-96-8908-8_67,Conference paper,"The objective of this research was to conduct a bibliometric analysis of the literature to identify major research trends and suggest possible directions for future studies on the human-centered pillar of Industry 5.0. A total of 448 articles were analyzed using bibliometric indicators. The results showed a growing interest in studies on Industry 5.0, particularly those involving human-centered approaches. Italian institutions and authors stand out in the number of publications. The thematic analysis revealed seven clusters that connect topics related to Industry 4.0, Industry 5.0, and human factors. Future research directions are diverse, focusing on the implementation of technologies in line with Industry 5.0 guidelines and improvements in ergonomic and safety issues."
Women-Led Social Enterprises in Industry 5.0: Pioneering Sustainable and Inclusive Growth in South Asia,Building a Human-Centred Infrastructure for Sustainable Industry 5.0 in Asia,,,,10.1007/978-981-95-0417-6_12,Ritesh DwivediMouripa Deb,2025,https://link.springer.com/chapter/10.1007/978-981-95-0417-6_12,Chapter,"Women's Entrepreneurship has become a key factor in the growth of South Asian Countries, especially the Indian economy, through engaging in ownership of business firms. This paper discusses the association between social entrepreneurship and women-empowered development projects to solve social challenges. The study examines how such enterprises promote social justice, equity, and sustainable development, as well as encourage entrepreneurship. The issues enlightened in the study showcase the prospects of female entrepreneurs in the field via strict and systematic examination of the case studies and the relevant documents. It is through this backdrop that the outcomes underscore the need for women as agents of change and are important in the agenda for change toward the transformation of the existing economic order. Through a grounded analysis of the linkages between women in development and new social business environments, this research explores how the empowering of dynamic groups could assist nations in managing volatile environments in reaching their goals. The report outlines recommendations for increasing and supporting women's social entrepreneurial initiatives, thereby increasing the positive effects of such enterprises on women’s communities in South Asia. The study goes further and explores how these businesses try to encourage social and economic integration by examples. It also shows the role of gender in stimulating and constraining entrepreneurial opportunities in that area using evoked examples and research findings. The present work raises important issues related to gender and development. It contributes relevant insights on how the increased social support from society for women entrepreneurs might improve some aspects of their operation and performance. These results stress women’s role in changing social settings and imply that organizations for the integrated development of society can turn into transformative."
New Proposal Active Learning STEAM/Data Science Education in the Age of Industry 5.0 and Society 5.0 Applied Sports and Exercise Instruction Based on Eduinformatics,Proceedings of Ninth International Congress on Information and Communication Technology,,,,10.1007/978-981-97-5035-1_41,Mizuki KondoRyosuke KozakiShigetomo KyogokuTsugumi OshiroKenya BannakaPey Kin LeongKunihiko TakamatsuKenichiro MitsunariYasuo Nakata,2025,https://link.springer.com/chapter/10.1007/978-981-97-5035-1_41,Conference paper,"In the context of Industry 5.0 and Society 5.0, this study presents a novel Active Learning STEAM/Data Science educational approach that integrates sports and exercise instruction based on Eduinformatics. It addresses the shift in educational paradigms toward a competency-focused system, highlighting the transition from traditional teaching methods to active learning and facilitation in contemporary education, especially in engineering. The paper introduces Eduinformatics, a new interdisciplinary field that merges informatics with education, as a crucial tool for tackling emerging educational challenges. Focusing on the “Manaburu” course at Kobe Tokiwa University, the study explores how methods derived from sports science, such as kinesthesis, significantly enhance intrinsic student motivation. Key strategies include creating positive learning environments, understanding student perspectives, and promoting peer teaching. The study emphasizes the pivotal role of facilitators in active learning, focusing on the process rather than the outcome. Statistical analysis from Eduinformatics substantiates the effectiveness of these methods in improving motivation and learning outcomes in first-year education, showcasing the applicability of sports and exercise instruction in Active Learning-based STEAM/Data Science education."
"Future of industry 5.0 in society: human-centric solutions, challenges and prospective&#xa0;research areas",Journal of Cloud Computing,,,,10.1186/s13677-022-00314-5,Amr Adel,2022,https://link.springer.com/article/10.1186/s13677-022-00314-5,Article,"Industry 4.0 has been provided for the last 10 years to benefit the industry and the shortcomings; finally, the time for industry 5.0 has arrived. Smart factories are increasing the business productivity; therefore, industry 4.0 has limitations. In this paper, there is a discussion of the industry 5.0 opportunities as well as limitations and the future research prospects. Industry 5.0 is changing paradigm and brings the resolution since it will decrease emphasis on the technology and assume that the potential for progress is based on collaboration among the humans and machines. The industrial revolution is improving customer satisfaction by utilizing personalized products. In modern business with the paid technological developments, industry 5.0 is required for gaining competitive advantages as well as economic growth for the factory. The paper is aimed to analyze the potential applications of industry 5.0. At first, there is a discussion of the definitions of industry 5.0 and advanced technologies required in this industry revolution. There is also discussion of the applications enabled in industry 5.0 like healthcare, supply chain, production in manufacturing, cloud manufacturing, etc. The technologies discussed in this paper are big data analytics, Internet of Things, collaborative robots, Blockchain, digital twins and future 6G systems. The study also included difficulties and issues examined in this paper head to comprehend the issues caused by organizations among the robots and people in the assembly line."
"Exploring the Technologies of Industry 5.0, Benefits and Applications: A Systematic Review",Industry 5.0 and Emerging Technologies,,,,10.1007/978-3-031-70996-8_2,Mousaab El Khair GhoujdamRachid ChaabitaOussama El KhalfiKamal ZehraouiHicham El Alaoui,2024,https://link.springer.com/chapter/10.1007/978-3-031-70996-8_2,Chapter,"The article explores the revolution of Industry 5.0 technology and its consequent impacts on different fields. It shows the pivotal role of collaboration among humans and machines, as well as the importance of sustainability and individualism in this new industrial model. Through a systematic review, the article analyzes how the recent technologies like collaborative robotics, internet of thing, and digital twins empower the Industry 5.0 and consequently, transform manufacturing processes. The study also discusses the application of these technologies in different sectors, looking at the contribution and implications of industry 5.0 in this context. Although the outcomes validate such technologies, they likewise unveil problems associated with security and changeability. Despite the significant contribution this research presents some limits. Among the limitations of this work is that our systematic review employed a limited number of databases and selection criteria. This might have inadvertently filtered out some of the valid research. The article stresses the need for considered and teamwork approach to harness the full potential of Industry 5.0, aiming to make the industrial sphere more sustainable, innovative and equitable."
"The Era of Industry 5.0: An Overview of Technologies, Applications, and Challenges",Advances in Intelligent Computing Techniques and Applications,,,,10.1007/978-3-031-59707-7_24,Mahmood A. BazelFathey MohammedAbdullah O. BaarimahGamal AlawiAl-Baraa Abdulrahman Al-MekhlafiBasheer Almuhaya,2024,https://link.springer.com/chapter/10.1007/978-3-031-59707-7_24,Conference paper,"Industry 5.0 aims to leverage the collaborative potential between humans and intelligent machines, surpassing the manufacturing solutions of Industry 4.0 by achieving resource-efficient and customizable processes. This paper presents a comprehensive overview of Industry 5.0, covering its underlying technologies, significant applications, and potential challenges. The study explores diverse applications of Industry 5.0, such as intelligent healthcare, manufacturing, and supply chain management. Additionally, it examines the enabling technologies that facilitate Industry 5.0, including edge computing, the Internet of Things, digital twins, the blockchain, collaborative robots, and emerging 6G and beyond networks. The paper also highlights critical challenges and unresolved issues that require further exploration and development to realize the vision of Industry 5.0. This study’s outcomes will likely benefit researchers, industry professionals, policymakers, and technology developers by providing insights into Industry 5.0, offering practical applications, and identifying areas for innovation and regulatory considerations."
Enhancing Human Safety in Production Environments Within the Scope of Industry 5.0,Industrial Engineering in the Industry 4.0 Era,,,,10.1007/978-3-031-53991-6_15,Serra AksoyPinar DemirciogluIsmail BogrekciM. Numan Durakbasa,2024,https://link.springer.com/chapter/10.1007/978-3-031-53991-6_15,Conference paper,"This study addresses a comprehensive investigation aiming to enhance human safety in production environments as a part of Industry 5.0 approach. Industry 5.0 represents a transformative approach focused on elevating production capabilities by integrating age-old manufacturing methods with the power of digitalization and automation. However, crucial aspects such as human safety and occupational health are often overlooked in this transformation process. In this context, the research explores the utilization of artificial intelligence (AI) technologies for enhancing human safety in production environments. AI has the capability to analyze data collected from sensors to proactively detect hazardous situations and risky behaviors. As a result, potential risks like machine malfunctions, hazardous gas leaks, or falls can be identified in advance, enabling swift interventions. The objective of this study is to investigate the design of an AI-assisted system for identifying hazards and risks in production processes, aiming to maximize human safety. Equipped with real-time data analysis and predictive capabilities, this system could play a critical role in elevating the safety of workers in production environments. This research aims to shape a future where Industry 5.0 not only prioritizes efficiency but also the health and safety of employees. The safety-focused solutions brought by Industry 5.0 can enhance the positive impact on the occupational health and safety of the workforce, enabling them to have safer working conditions."
Exploring Industry 5.0 for Remanufacturing of Lithium-Ion Batteries in Electric Vehicles,Advances in Remanufacturing,,,,10.1007/978-3-031-52649-7_5,Alessandro NeriMaria Angela ButturiLeandro Tomasin da SilvaFrancesco LolliRita GamberiniMiguel Afonso Sellitto,2024,https://link.springer.com/chapter/10.1007/978-3-031-52649-7_5,Conference paper,"The growing demand for electric vehicles exacerbates concerns over the environmental implications of lithium-ion battery waste, which poses risks to both ecological systems and public health. While remanufacturing has been acknowledged as a viable, sustainable pathway for mitigating these issues, existing literature lacks a comprehensive investigation into the role of Industry 5.0 technologies in optimising this process. To achieve this goal, this study compares and evaluates the potential of different Industry 5.0 technologies and approaches to support the remanufacturing process of lithium-ion batteries. Specifically, we apply the AHP-PROMETHEE method to identify the most critical and influential Industry 5.0 prospects that should be prioritised for development and implementation. The novelty of our approach lies in the identification of critical Industry 5.0 imperatives that can enable efficient and effective remanufacturing processes. The analysis is supported by a comprehensive review of the relevant literature. The results of our study provide important implications for policymakers, battery manufacturers, and remanufacturing companies. By prioritising key Industry 5.0 technologies like digital twins, the Internet of Everything, and blockchain, this study shows that carmakers can significantly improve efficiency and sustainability in battery remanufacturing. This paper contributes to the emerging research on the integration of Industry 5.0 technologies in the remanufacturing process of lithium-ion batteries. Our next step is to explore the potential of the identified technologies in real-life applications and to evaluate their impact on the sustainability and efficiency of the remanufacturing process of lithium-ion batteries."
Transportation System Using Deep Learning Algorithms in Industry 4.0 Towards Society 5.0,Digital Transformation,,,,10.1007/978-981-99-8118-2_2,Shrddha SagarNilanjana PradhanT. Poongodi,2024,https://link.springer.com/chapter/10.1007/978-981-99-8118-2_2,Chapter,"Late years have seen a lot of transportation information gathered from various sources including street sensors, tests, GPS, CCTV, and factual reports. Like numerous different businesses, transportation has entered the age of large information. With a rich volume of traffic records, it is trying to assemble a dependable estimation methodology that is dependent on conventional trivial Machine Learning (ML) technique. AI plays the center capacity to intellectualize the transportation frameworks. Late years have seen the approach and pervasiveness of profound realizing which has incited a detailed study in smart transportation framework. Therefore, conventional ML models in the number of applications have been implemented by the new learning strategies. A thorough literature survey of deep learning algorithms is being done which can be implemented for enhancing the transportation system. In this chapter, we have discussed various deep learning models that are specifically used for the prediction of traffic flow. The utilization of Deep Learning (DL) frameworks in transportation is yet to be explored more in detail and there is a lot of problems for DL models to be implemented in the transportation system. By combining non-linear modules, the transformation of representation from one level to another higher and abstract level is deep learning algorithm. There are sufficient numbers of transformations which will help in learning the most complicated functions and structures for efficiently. The main advantage of DL is selection of the features by using general purpose learning methodology without any human involvement. DL methodologies has given result in the demonstration of high performance by exploring the high-dimensional data in several domains like computer vision, natural language processing, bioinformatics, etc. There are numbers of DL methodologies consisting of Recurrent Neural Networks (RNNs), Deep Convolutional Networks (DCNs), Deep Restricted Boltzmann Machines (RBM), Stacked Auto-Encoders (SAEs), Deep Belief Networks (DBN), etc."
Impact of Personalized Reward Options on Crowdfunding Financing Performance in Industry 5.0,Research and Innovation Forum 2023,,,,10.1007/978-3-031-44721-1_45,Wei WangHaiwang LiuYenchun Jim Wu,2024,https://link.springer.com/chapter/10.1007/978-3-031-44721-1_45,Conference paper,"In Industry 5.0, public personalization needs and personalized satisfaction are emphasized. The reward-based crowdfunding model satisfies the public’s need for large-scale personalized customization, and the satisfaction of personalized needs is prerequisite for successful project financing. Based on expectation theory, this study uses 218,822 crowdfunding projects from Kickstarter and 1,276,786 reward options as the corpus to analyze the impact of reward personalization on investors’ willingness to participate. Text mining techniques are used to measure reward personalization from two perspectives: quantitative and qualitative. The empirical results show that, in valence, reward personalization has an inverted U-shaped effect on investors’ willingness to participate. This study shows the personalized preferences of investors, which provides a theoretical basis and practical reference for realizing Innovation 5.0 to promote sustainable crowdfunding."
Emerging Technologies in Industry 5.0: Sustainable Innovation for a Value-Driven Future,Recent Advances and Emerging Challenges in STEM,,,,10.1007/978-3-031-64106-0_34,Alejandro Agote GarridoAlejandro Manuel Martín GómezJuan Ramón Lama Ruiz,2024,https://link.springer.com/chapter/10.1007/978-3-031-64106-0_34,Conference paper,"Industry 5.0 is an industrial model that evolves from the experience of Industry 4.0. However, this paradigm shift is aimed at establishing a hyper-connected industrial ecosystem driven by essential values that allow the achievement of the Sustainable Development Goals (SDGs). The present work examines the enabling technologies inherited from Industry 4.0 such as big data, augmented reality, or artificial intelligence, to determine to what extent they are beneficial for the worker in the new desired industrial context. Furthermore, the objective of this work is based on identifying and characterizing the new technologies that emerge from the core of Industry 5.0. This analysis establishes an essential foundation for the future development of innovative and competitive industrial systems that are also socially and environmentally responsible. Thus, this research contributes to the progress towards more ethical and sustainable industrial practices, aligned with the fundamental principles of Industry 5.0 and the global commitment to achieve sustainable development goals."
Discussing Key Aspects of Industry 5.0 in Teaching Factories: Manufacturing Processes Level,Learning Factories of the Future,,,,10.1007/978-3-031-65400-8_39,Alexios PapacharalampopoulosAnnamaria KorfiatiPanagiotis Stavropoulos,2024,https://link.springer.com/chapter/10.1007/978-3-031-65400-8_39,Conference paper,"The concept of Industry 5.0 consists of three pillars aiming at integrating different objectives into production optimization. However, being in line with this concept is far from straightforward. Herein, training in terms of a Teaching Factory is considered, in order to facilitate integration of relevant concepts by companies in the near future, at process level in particular. To this end, the three pillars are considered as extra requirements of the Teaching Factory procedure. The objective of this Teaching Factory is to drive the investigation of an Industry 5.0 related monitoring system. The learning procedure utilized subtractive manufacturing processes programming and artificial intelligence as technologies, while problem-solving and creativity skills were addressed. In more details, a Teaching Factory operation scheme is utilized to check to what extent the existing procedures and information need to be enriched so that Industry 5.0 is able to be tackled by students. Gaps in the existing educational procedure are identified, given that the design problem definition is adequately vague. A second phase is also exploited to assess the efficiency of the inserted (extra) information. Finally, business benefits from the integration of Industry 5.0 and their relationship with efficiency are discussed."
Human-Centered Simulation in Educational Production Line for Industry 5.0 Ergonomics Application,Proceedings of the 17th International Conference on Industrial Engineering and Industrial Management (ICIEIM) – XXVII Congreso de Ingeniería de Organización (CIO2023),,,,10.1007/978-3-031-57996-7_73,Aitor Ruiz-de-la-Torre-AchaJon Borregan-AlvaradoWilmer Guevara-RamirezNaiara Pikatza-Gorrotxategi,2024,https://link.springer.com/chapter/10.1007/978-3-031-57996-7_73,Conference paper,"This research presents a human-centered simulation study of an FAS200 SMC educational production line where Tecnomatix Process Simulate Human software has been chosen to develop and model the human virtual environment in the Industry 5.0 field. Focusing on a defined working methodology, it is enhanced by studying the ergonomics through RULA method to evaluate the posture of the operator working in the production line, obtaining reductions of 40 percent in the RULA index for each workstation. Finally, a new human-centered search and approach is performed in ergonomics in order to achieve the well-being of man working with machine, with high possibilities of transfer to the industrial fabric."
Design of a Collaborative Network for Mapping Digital Skills for Industry 5.0,Navigating Unpredictability: Collaborative Networks in Non-linear Worlds,,,,10.1007/978-3-031-71739-0_10,Maria GustavssonOliviu MateiLaura AndreicaAgneta Halvarsson LundkvistDaniel Persson Thunqvist,2024,https://link.springer.com/chapter/10.1007/978-3-031-71739-0_10,Conference paper,"This paper outlines a conceptual model of a Future Skills Collaborative Network (FSCN), a multi-stakeholder initiative designed to address the widening digital skill gaps in industry. By utilizing models to map required digital skills—from basic to specialized proficiencies—the FSCN aims to identify and potentiate training pathways that align with industrial needs. Utilizing open data for pilot analyses, this study demonstrates the practical application of the FSCN in identifying trends and relationships between digital skills, job requirements, and technological advancements. The findings underscore foreseen digital skills and the benefits of the FSCN’s potential to significantly address the challenges presented by the digital transformation in Industry 5.0."
The New Industry 5.0 Paradigm: An Investigation in the Italian Automotive Sector,The Future of Industry,,,,10.1007/978-3-031-66801-2_13,Federica MurmuraLaura BraviGiada Pierli,2024,https://link.springer.com/chapter/10.1007/978-3-031-66801-2_13,Chapter,"Today, companies are experiencing a paradigm shift that sees the conceptual and cultural evolution from the highly techno-centric principles of Industry 4.0 to those of Industry 5.0 focusing on three drivers: human-centricity, sustainability, and resilience. Guided by these three elements, the 5.0 paradigm not only considers technologies as tools for bringing the efficiency of and improvement in production processes, but also recognises the importance of using these solutions with respect for people and the planet. The study aims to figure out the possible orientation towards the new principles of Industry 5.0 in Italian companies, with a particular focus on the automotive sector given its strong propensity for innovation. To this end, a quantitative survey was conducted using a survey questionnaire distributed among a sample of Italian automotive companies in May 2023. A total of 78 companies contributed to the study. The results show that Italian automotive companies have fully integrated Industry 4.0 solutions into their production processes (59%). Likewise, a change of perspective towards Industry 5.0 principles can be perceived, especially about the driver of human-centricity (mean 4.46). Managers and institutions should thus make greater efforts to enable companies to complete the digital and sustainable transition by defining proper strategies and measures."
Deep Reinforcement Learning for&#xa0;Multiobjective Scheduling in&#xa0;Industry 5.0 Reconfigurable Manufacturing Systems,Machine Learning for Networking,,,,10.1007/978-3-031-59933-0_7,Madani BezouiAbdelfatah KermaliAhcene BounceurSaeed Mian QaisarAbdulaziz Turki Almaktoom,2024,https://link.springer.com/chapter/10.1007/978-3-031-59933-0_7,Conference paper,"In modern-day manufacturing, it is imperative to react promptly to altering market requirements. Reconfigurable Manufacturing Systems (RMS) are a significant leap forward in achieving this criteria as they offer a flexible and affordable structure to comply with evolving production necessities. The ever-changing nature of RMS demands a sturdy induction of learning algorithms to persistently improve system configurations and scheduling. This study suggests that using Reinforcement Learning (RL), specifically, the Double Deep Q-Network (DDQN) algorithm, is a feasible way to navigate the intricate, multi-objective optimization landscape of RMS. Key points to consider regarding this study include cutting down tardiness costs, ensuring sustainability by reducing wasted liquid and gas emissions during production, optimizing makespan, and improving ergonomics by reducing operator intervention during system reconfiguration. Our proposal consists of two layers. Initially, we suggest a hierarchical and modular architecture for RMS which includes a multi-agent environment at the reconfigurable machine tool level, which improves agent interaction for optimal global results. Secondly, we incorporate DDQN to navigate the multi-objective space in a clever manner, resulting in more efficient and ergonomic reconfiguration and scheduling. The findings indicate that employing RL can help solve intricate optimization issues that come with contemporary manufacturing paradigms, clearing the path for Industry 5.0."
The Human-Centric Industry 5.0: Empowering the Workforce for a Sustainable Future,Recent Advances in Industrial and Systems Engineering,,,,10.1007/978-981-97-4700-9_12,Ramesh RajuC. LokeshJ. JosephY. V. Rajesh ReddyV. Pavan KumarJ. Durga Prasad,2024,https://link.springer.com/chapter/10.1007/978-981-97-4700-9_12,Conference paper,"The Human-Centric Industry 5.0 is a revolutionary change that places human welfare and sustainability at the place of industrial development. This paper explores the transformative potential of Industry 5.0 by empowering the workforce to find the challenges of the twenty-first century and create a sustainable future. Industry 5.0 is a harmonious collaboration between humans and advance technologies, developing innovation, and driving economic growth along with prioritizing social and environmental responsibility. Present work think over the key aspects of the Human-Centric Industry 5.0, including the integration of artificial intelligence, automation, and the Internet of Things with the human workforce. By developing a culture of continuous learning and upskilling, Industry 5.0 seeks to make a highly adaptable and resilient workforce, capable of meeting daily changing demands and opportunities. Finally, the study analyzes the role of governments, businesses, and educational institutions in facilitating the transition to Industry 5.0. It emphasizes the importance of collaboration and investment in human capital development to create a harmonious ecosystem that supports sustainable economic growth and the development of the workforce. The Human-Centric Industry 5.0 holds great promise in revolutionizing industrial practices to empower the workforce, foster sustainable development, and create a brighter future for humanity."
UX and Industry 5.0: A Study in Repairing Equipment Using Augmented Reality,Progressive and Integrative Ideas and Applications of Engineering Systems Under the Framework of IOT and AI,,,,10.1007/978-981-99-6303-4_12,Iara MargolisAlexandre CarrançaNuno SousaJosé RochaEduardo SantosLuis EvangelistaAntónio FerreiraTelmo AdãoEmanuel Sousa,2024,https://link.springer.com/chapter/10.1007/978-981-99-6303-4_12,Conference paper,"Within the scope of industry 5.0, mixed reality (MR) is an eminent technology for problem solving and process optimization. The present research aimed to assess how users perceive an augmented reality (AR) application for diagnosis and intervention on industrial equipment. 18 participants with 3 different professional and technological backgrounds (general users (GU), information technology users (SD) and human centered design experts (HF)) took part in this study. Generally, the developed system was valued as slightly positive and some improvement points were identified. The results also revealed differences in the perceived User Experience (UX) between different user profiles. Also, there are important differences in perception depending on the person's analysis experience, with less rigor for new users and higher rigor for people who work with human factors, for example. This reinforce the concept of user centered design and the importance to understand the human being in its relation with the novel user interface and tendency to new technologies."
AI Upskilling and Digital Twins: A Service Science Perspective on the Industry 4.0 to Industry 5.0 Shift,Industry 4.0 to Industry 5.0,,,,10.1007/978-981-99-9730-5_4,Jim Spohrer,2024,https://link.springer.com/chapter/10.1007/978-981-99-9730-5_4,Chapter,"To create a more sustainable built-infrastructure for business and society, the shift from industry 4.0 to industry 5.0 broadens beyond primarily technology and economic goals to heighten the priority of lagging environmental and social goals. The industry 5.0 challenge is to take language and communications to a whole new level in human society. Because of the desire to achieve win-win outcomes where possible, the shift to industry 5.0 connects to concerns of the service science community, including: (1) the foundational insight that service system entities exist at multiple scales, and (2) the challenge that local optimization rarely leads to global optimization of systems with goals in an ecology of multi-scale actors that depend on the give and get of service. AI capabilities for service providers (and all stakeholders are service providers) may help to achieve the needed industry 5.0 stakeholder integration (STI). Explorations of service in the AI era from science, logic, and architecture perspectives suggest that AI upskilling and digital twins may be the key as (1) humanity adjusts to increasing AI technological capabilities, including building better models of each other, and (2) with better models of stakeholders, the opportunity to learn to invest more wisely and systematically in improving win-win interaction and change."
The Futures of Europe: Society 5.0 and Industry 5.0 as Driving Forces of Future Universities,Journal of the Knowledge Economy,,,,10.1007/s13132-021-00854-2,Elias G. CarayannisJoanna Morawska-Jancelewicz,2022,https://link.springer.com/article/10.1007/s13132-021-00854-2,Article,"The concept of Society 5.0 and Industry 5.0 is not a simple chronological continuation or alternative to Industry 4.0 paradigm. Society 5.0 aims to place human beings at the midpoint of innovation, exploiting the impact of technology and Industry 4.0 results with the technological integration to improve quality of life, social responsibility and sustainability. This ground-breaking perspective has common points with the objectives of the United Nations Sustainable Development Goals. It also has major implication for universities transformations. Universities are called upon producing knowledge for new technologies and social innovation. In our paper, we argue that digitalisation opens new perspectives for universities and can become one of the main drivers of their change. Incorporating the assumptions of Society 5.0 and Industry 5.0 into the universities practices and policies will allow both universities and societies to fully benefit from digital transformation. Making the human-oriented innovation as the universities trademark and developing new cooperative models will also help to achieve sustainable priorities. The use of the Quintuple Helix Model (QHM) might foster the process of necessary transformations capacities as it integrates different perspectives and sets the stage for sustainability priorities and considerations. As far as the practical goal is concerned, the paper proposes a set of recommendations for universities aiming at developing new forms and channels of distribution of education, research and innovation within in the context of QHM and Society 5.0. We call them socially and digitally engaged model."
Harmonizing Human-Centric Collaborative Hybrid Intelligence: A Deep Dive into the Transition from Industry 4.0 to Industry 5.0—A Case Study Experiment,Proceedings of the 4th International Conference on Electronic Engineering and Renewable Energy Systems - Volume 2,,,,10.1007/978-981-97-9975-6_22,Ali El KihelSoufiane Embarki,2025,https://link.springer.com/chapter/10.1007/978-981-97-9975-6_22,Conference paper,"This study explores the evolution of the manufacturing industry, focusing on the transition to Industry 5.0 and its integration of advanced technologies like artificial intelligence, big data, and the Internet of Things (IoT). Industry 5.0 represents a radical shift towards adaptive, autonomous systems, building upon the advancements of its predecessors, particularly Industry 4.0. The analysis compares and contrasts Industry 4.0 and Industry 5.0, highlighting significant data-driven insights, including notable increases in AI applications and corresponding improvements in production efficiency and cost reduction during Industry 4.0. The study also investigates the rapid deployment of transformative technologies like 5G connectivity and quantum computing within Industry 5.0, projecting substantial growth in human–machine cooperation and decreases in error rates by 2033. Ultimately, the abstract outlines how Industry 5.0 will revolutionize smart manufacturing into intelligent, flexible, and responsive production systems, addressing both its potential benefits and challenges. This paper presents a detailed case study exploring the practical applications of IoT-driven innovations in Industry 5.0. Through analysis of IoT sensor data, specific operational conditions including factory temperature, warehouse humidity, and manufacturing line pressure are revealed. A data-driven strategy led to notable reductions in energy use and CO2 levels, facilitated by the diverse skills of case study participants. Key indicators of Industry 5.0, such as production efficiency, energy usage, quality control, and inventory turnover, demonstrate significant improvements, highlighting the importance of metrics evaluation and data-driven methodologies in showcasing the transformative potential of IoT-driven innovations within Industry 5.0."
"5G Infrastructure Standardization, Integration, Industry 4.0 Applications in EU Precisely Germany, and the Future of Industry 5.0 and 6G: A Comprehensive Overview",The Impact of the Energy Dependency on Critical Infrastructure Protection,,,,10.1007/978-3-031-78544-3_7,Haya AltalebZoltan Rajnai,2025,https://link.springer.com/chapter/10.1007/978-3-031-78544-3_7,Conference paper,"The process of 5G standardization, essential for the global implementation of fifth-generation (5G) wireless communication networks, involves multiple international organizations such as the ITU, 3GPP, and IEEE. This paper explores the intricate landscape of 5G standardization and its impact on the technology’s development and deployment. Beginning with an overview of the organizations driving 5G standardization, it delves into the research and development efforts in China, Korea, Japan, and other regions. The paper also emphasizes the role of publications, patents, and standards in shaping 5G technology. It highlights the top 5G publishing and funding organizations, revealing a strong Asian presence, particularly in China. Furthermore, it underscores the strategic importance of standards in 5G technology development and the need for coordination between patents and standards. German contributions to 5G standardization are discussed, focusing on organizations like Deutsche Telekom, VDE/DKE, and initiatives like the 5G-ACIA. The EU’s 5G spectrum strategy and Germany's allocation plans across different frequency bands are examined in detail. The paper explores 5G’s significance in connected and automated driving, as exemplified by the 5GCroCo project, which aims to ensure seamless cross-border communication for cooperative, connected, and automated mobility. Finally, the integration of 5G in Industry 4.0 is explored, emphasizing the role of 5G in enabling smart factories, IoT, industrial automation control, logistics tracking, and remote diagnosis, operation, and maintenance services. It underscores the transformative potential of 5G technology in enhancing efficiency and connectivity within the manufacturing sector, and we discussed the Future of Industry 5.0 and 6G briefly."
Revolutionizing Supply Chain Resilience: Life Cycle Assessment and Sustainable Decision-Making Strategies in Beverage Industry 5.0,Humanizing Circular Supply Chain Management,,,,10.1007/978-3-031-86562-6_12,Meenu SinghMillie PantVáclav Snášel,2025,https://link.springer.com/chapter/10.1007/978-3-031-86562-6_12,Chapter,"The significance of packaging extends beyond mere aesthetic appeal, serving as a protective measure for products during transit and storage. The choice of packaging materials, ranging from glass and paper to tin and plastic, is product-specific. Nonetheless, the ecological footprint left by packaging waste has emerged as a pressing issue. In response to increasingly stringent environmental regulations, there is a mounting demand for eco-friendly packaging solutions. This study introduces a novel method for selecting sustainable packaging materials, integrating Life Cycle Assessment (LCA) with Multi-criteria Decision Making (MCDM) techniques. The methodology involves a dual-phase analysis: first, evaluating eight environmental impact categories through the Impact 2002++ method, and subsequently, utilizing MCDM to assess the performance of nine different packaging materials. The findings highlight the utility of this integrated approach in fostering sustainable practices and bolstering supply chain robustness within the framework of Industry 5.0."
An Inclusive Model for AI Skills Acquisition by Future Engineers in the Context of Industry 5.0,The Second International Symposium on Generative AI and Education (ISGAIE’2025),,,,10.1007/978-3-031-98476-1_26,Nadia ChafiqRokaya El GounidiSarah Juidette,2025,https://link.springer.com/chapter/10.1007/978-3-031-98476-1_26,Conference paper,"The training of Moroccan engineers constitutes a cornerstone of the nation’s development strategy, particularly considering accelerating technological advancements. Engineers are increasingly expected to assume critical roles in research, production, and governance, thus requiring educational frameworks that are responsive to the complexity and dynamism of contemporary challenges.
This study investigates the integration of Artificial Intelligence (AI) and digital skills into engineering education through an inclusive model. It seeks to assess the impact of this integration on the preparedness of engineers for the demands of Industry 5.0, identifying both the benefits and the inherent challenges.
Adopting a mixed-methods approach, the research combines a qualitative analysis of the role of AI in shaping engineering education with a quantitative survey administered to 147 students at the National School of Arts and Crafts (ENSAM) of Hassan II University in Casablanca. The findings offer critical insights into how inclusive AI integration can enhance the quality, relevance, and inclusivity of engineering education, thereby contributing to the competitiveness and adaptability of Moroccan engineers in a globalized labor market."
Towards Industry 5.0 in Tourism Sector Through Conceptual Modeling and Semantic Technology for Personalized Travel Itineraries,Advanced Information Systems Engineering Workshops,,,,10.1007/978-3-031-94931-9_4,Andreea PopoviciuAna-Maria Ghiran,2025,https://link.springer.com/chapter/10.1007/978-3-031-94931-9_4,Conference paper,"While the last two decades were dominated by the so called Fourth Industrial Revolution or Industry 4.0 with rapid technological advancements, we are now facing a new shift in the industry, where the primary focus should no longer be on increasing efficiency or business profits but emphasizing the role of a company in promoting the well-being of the society. Although this is largely recognized, how to achieve it is still a relatively ambiguous desideratum. In the dynamic and competitive tourism industry, managing and designing personalized travel itineraries in an effective way is essential for ensuring customer satisfaction and operational efficiency. In this paper, we aim to contribute to improving this process by providing a solution that involves the creation of a conceptual modeling language. The language can be used for two model types: one for creating the actual itineraries, and another one for representing the resources needed for certain tourist attractions, such as necessary equipment. Additionally, we will store information from the created models in a graph database using RDF serialization, benefiting of the Linked Data capabilities that enable connecting with information that resides outside the modeling environment (e.g. about each tourist). Using a graph-based structure enables data analysis and easier identification of connections and patterns between elements."
Exploring the Fusion: Applications and Challenges of Integrating Food Technology with Big Data and Industry 5.0,Food and Industry 5.0: Transforming the Food System for a Sustainable Future,,,,10.1007/978-3-031-76758-6_9,N. Vanitha,2025,https://link.springer.com/chapter/10.1007/978-3-031-76758-6_9,Chapter,"Advent of Big Data has restructured some industries, with the food sector, by generating massive amounts of data from sources such as Internet of Things (IoT), social media and phones. This influx of data, whether structured or unstructured, has prompted the development and pursuit of Big Data technologies throughout the food supply chain. An outline of topical advances in Big data applications within food safety, highlighting its nascent stage while acknowledging its significant influence across the entire supply chain were explored in this chapter. It offers predictive insights, aids in real-time decision-making, shape monitoring and sampling strategies within the food supply chain. Furthermore, the integration of Big Data with AI/ML presents opportunities for personalized consumer understandings and enriched operating efficacy. Despite these advancements, challenges persist, necessitating further research efforts. From reducing post-harvest losses to optimizing supply chain management and enhancing food safety, Big Data holds immense potential for transforming the food industry. However, unlocking this potential requires addressing technological, health, and sustainability concerns. This paper synthesizes insights from various perspectives, including food safety, supply chain management, consumer behaviour, and regulatory compliance, to underscore the multifaceted influence of Big Data on the food industry and the pressing need for its continued exploration and implementation. In addition to these advancements, the emergence of Industry 5.0 announces an exemplar swing by assimilating human-centered approaches with ultra-modern technologies like Big Data and AI/ML. This evolutions intention to substitute connection among people and machines, emphasizing the importance of social creativity and ingenuity in driving innovation and problem-solving within the food industry and beyond."
Quality Control for Smart Manufacturing in Industry 5.0,Artificial Intelligence for Smart Manufacturing,,,,10.1007/978-3-031-30510-8_3,Huu Du NguyenPhuong Hanh TranThu Ha DoKim Phuc Tran,2023,https://link.springer.com/chapter/10.1007/978-3-031-30510-8_3,Chapter,"Smart manufacturing is widely accepted as the new emerging transformation of the manufacturing industry today. In addition, quality control, an important aspect that contributes to the successful process of smart manufacturing attracts attention from the community. However, there are certain challenges in implementing quality control methods in Industry 5.0. Thus, this chapter aims to provide a comprehensive background review of important notions and advanced techniques related to quality control for smart manufacturing such as Machine Learning, computer vision, the Internet of Things, and Artificial Intelligence. Then, several difficulties and opportunities in the implementation of these techniques for quality control in Industry 5.0 are discussed. Finally, a case study on monitoring wine production in the food industry is also considered to show the performance of Machine Learning-based techniques for quality control."
Industry 5.0 and Human-Centered Approach. Bibliometric Review,IoT and Data Science in Engineering Management,,,,10.1007/978-3-031-27915-7_71,Aitor Ruiz-de-la-TorreRosa M. Rio-BelverWilmer Guevara-RamirezChristophe Merlo,2023,https://link.springer.com/chapter/10.1007/978-3-031-27915-7_71,Conference paper,"This research presents a bibliometric study of the Industry 5.0 scientific-technological field, identifying the beginning of its growth stage and dating it to the year 2019, visualizing the leading countries and the most cited authors and contributions, obtaining the general overview of the field of study. It is deepened by studying “Industry 5.0” authors’ keywords, detecting the strong connection between Industry 4.0 and Industry 5.0, as well as the close relationship of both with the terms “Artificial Intelligence”, “Internet of Things”, “Blockchain”, “Sustainability”, “Triple Helix” and “Industrial Revolution”. Industry 5.0 links are also observed with “Human factor”, “Human robot collaboration”, “Smart manufacturing”, “Human-centric”, “Human machine interaction”, “Ergonomics” and “Self-organised-manufacturing”. Finally, a new human-centred search and approach is performed, revealing that the author’s term “human-machine” is used for the first time in 2020, demonstrating the novelty of this field of study."
Wearable Technology for Smart Manufacturing in Industry 5.0,Artificial Intelligence for Smart Manufacturing,,,,10.1007/978-3-031-30510-8_11,Tho NguyenKim Duc TranAli RazaQuoc-Thông NguyenHuong Mai BuiKim Phuc Tran,2023,https://link.springer.com/chapter/10.1007/978-3-031-30510-8_11,Chapter,"The innovation of wearable Internet of Things devices has fuelled the transition from Industry 4.0 to Industry 5.0. Increasing resource efficiency, safety, and economic efficiency are some of the main goals of Industry 5.0. Herein, wearable Internet of Things devices is parallel to humans to optimize human tasks and meet a new Industry’s requirements. Integrating artificial intelligence algorithms and IoT into wearable technologies and the progress of sensors has created significant innovations in many fields, such as manufacturing, health, sports, etc.. However, wearable technologies have faced challenges and difficulties such as security, privacy, accuracy, latency, and connectivity. More specifically, the increasingly massive and complex data volume has dramatically influenced the improvement of the limits. However, these challenges have created a new solution: the federated Learning algorithm. In recent years, federated learning has been implemented with deep learning and AI to enhance powerful computing with big data, stable accuracy, and ensure the security of edge devices. In this chapter, the first objective is to survey the applications of wearable Internet of Things devices in industrial sectors, particularly in manufacturing. Second, the challenges of wearable Internet of Things devices are discussed. Finally, this chapter provides case studies applying machine learning, deep learning, and federated learning in fall and fatigue classification. These cases are the two most concerning work efficiency and safety topics in Smart Manufacturing 5.0."
Design and Operation of Smart Reconfigurable Manufacturing Systems in Industry 4.0/5.0,Springer Series in Advanced Manufacturing,,,,10.1007/978-3-032-00284-6,Sihan HuangXingyu LiXi GuYoram Koren,2025,https://link.springer.com/book/10.1007/978-3-032-00284-6,Book,
The Big Vision: From Industry 4.0 to 5.0 for a New AEC Sector,Architecture and Design for Industry 4.0,,,,10.1007/978-3-031-36922-3_1,Micaela ColellaMaurizio BarberioAngelo Figliola,2024,https://link.springer.com/chapter/10.1007/978-3-031-36922-3_1,Chapter,"The contribution offers an overview of the key concepts of Industry 4.0 and the application of enabling principles and technologies in the AEC sector. In this sense, the most promising possibilities offered by the fourth industrial revolution are analysed, hinging them inextricably around the theme of sustainability, in the broadest sense of the term. Furthermore, the chapter addresses the issue of the transition towards the emerging Industry 5.0, proposing a refocusing of technological advancement in a human-centred and planet-oriented key. Moreover, the foundations are laid for a broader discussion around the issue of training the professional figures who will be called upon to manage such complex, interrelated, and systemic processes. What is prefigured is a new professional figure capable of managing the entire design process with a systemic vision through which human sciences are merged with technological research, embedded into a holistic vision necessary for guaranteeing a future of prosperity and economic progress while ensuring a sustainable tomorrow for our planet."
Contemporary and Future Manufacturing – Unveiling the Skills Palette for Thriving in Industry 5.0,"Advances in Production Management Systems. Production Management Systems for Volatile, Uncertain, Complex, and Ambiguous Environments",,,,10.1007/978-3-031-65894-5_31,Marta PinzoneGreta BraunJohan Stahre,2024,https://link.springer.com/chapter/10.1007/978-3-031-65894-5_31,Conference paper,"When industry and society face major challenges, a strong and competent workforce is increasingly crucial. Throughout past crises and industrial revolutions, people have been at the core of supporting “business as usual”, while simultaneously driving change. European industry is repositioning contemporary work towards value-based sustainability, resilience, and human-centricity, radically changing the workforce’s task and skill needs. Unfortunately, there is a lack of understanding of which skills employees need to acquire to contribute to achieving a shift to Industry 5.0. This paper addresses this knowledge gap by putting forth the concept of an “Industry 5.0 Skills Palette”, offering an overall understanding of the skills needed by the future workforce. The Industry 5.0 Skills Palette was developed through a literature review and expert interviews. It is divided into four main dimensions, i.e. Resilient Manufacturing, Green Industrial Transformation, Digital Human Work, and Technological Systems, and eighteen skills areas. The paper is a unique effort to identify essential skills required for the transition and successful integration of Industry 5.0. The holistic Industry 5.0 Skills Palette goes beyond previous studies, characterized by a limited focus on technological skills i.e. one pillar of Industry 5.0."
Banking in the Age of Industry 5.0: Charting a Path to Technological Transformation,Industry 5.0 and Emerging Technologies,,,,10.1007/978-3-031-70996-8_19,Pratiksha MahawarShweta BajajShikha Verma Kashyap,2024,https://link.springer.com/chapter/10.1007/978-3-031-70996-8_19,Chapter,"Technological developments are closely linked to the future course of the banking industry, as are political and economic considerations. Banking managers must quickly identify technology trends to make strategic decisions and fully use the opportunities presented to them. The innovative paradigm for contemporary banking, known as Industry 5.0, appears, signaling a revolutionary development in the field. After a thorough review of the literature, crucial indicators are identified—which are further divided into three categories: negligible, critical, and essential—have been determined to be crucial for the adoption of Industry 5.0. The book chapter focuses on the vital indicators that are crucial for the integration of banking Industry 5.0. More specifically, the study explores the application of new technologies in the banking sector during Industry 5.0, clarifying the complex influence of these factors on the industry's transformation. In the ongoing narrative of technological advancement, the banking sector is at the center of innovation and change. It is of the utmost significance to consider the historical trajectory of industrial evolution as we approach Industry 5.0. Industry 5.0 ushers in a new era of collaborative synergy between humans and machines, much as the previous industrial revolutions—marked by mechanization, mass production, digitization, and smart manufacturing—reshaped the structure of industries. Considering this, Banking in the Age of Industry 5.0 stands out as a crucial examination of how the banking industry manages the fusion of innovative technology and human creativity. The chapter aims to understand the complex relationship between past industrial revolutions and the transformative potential of Industry 5.0 in the banking sector by following the path from task mechanization to process digitization and the approaching era of human-centric collaboration."
Vertical Integration Principles in the Age of the Industry 5.0 and Mass Personalization,Intelligent Systems in Production Engineering and Maintenance III,,,,10.1007/978-3-031-44282-7_26,Jakub PizońArkadiusz Gola,2024,https://link.springer.com/chapter/10.1007/978-3-031-44282-7_26,Conference paper,"The beginning of the 21st century initiated a discussion in the literature on new manufacturing paradigms referred to as Industry 4.0, which are a consequence of the unprecedented development of information technology, supporting various areas of human activity. In 2021, the European Commission announced assumptions for the concept of Industry 5.0, drawing attention to the special role of humans in manufacturing processes. This article discusses the essence of vertical integration in the implementation of the assumptions of mass personalization, which is the essence of Industry 5.0. As part of the research work, aimed at a systematic review of the literature, it has been shown that the strategy of vertical integration and its strengths can be the basis for building an effective policy in a period of turbulent changes, characteristic of the modern market. A special role was devoted to cobotic systems, which are a key element in the effective implementation of vertical integration."
Coping with Industry 5.0: An Assessment of Evolving Soft Skills for the Workplace,Industry 4.0 to Industry 5.0,,,,10.1007/978-981-99-9730-5_3,Ryan ArmstrongCarlos Javier Torres Vergara,2024,https://link.springer.com/chapter/10.1007/978-981-99-9730-5_3,Chapter,"It has been suggested that the transition to the sustainable, resilient, and human-centered production of Industry 5.0 will require a new or enhanced set of soft skills for the workplace, an appealing suggestion but one with only incipient evidence. Meanwhile, major practitioner reports, policy documents, and scholarly work emphasize a need for soft skills, and employers increasingly signal their desire for candidates to possess them. In this chapter, we examine the drivers of a need for more soft skills, and the challenges in research and practice to supporting their acquisition. We identify widespread misconceptions about soft skills, which could ultimately limit their potential for supporting individual and societal well-being. We review the term’s history and foundation, which reveals a number of inherent challenges related to defining, recognizing, and evaluating soft skills. We then illustrate how these can be acknowledged and even embraced through an example of soft skill training from our own work. Finally, we discuss implications for researchers and practitioners."
Worker in&#xa0;the&#xa0;Context of&#xa0;Industry 5.0: Literature Review and&#xa0;Mains Research Drivers,Flexible Automation and Intelligent Manufacturing: Establishing Bridges for More Sustainable Manufacturing Systems,,,,10.1007/978-3-031-38165-2_89,Arthur Henrique Gomes RossiLeonardo Breno Pessoa da SilvaGiovanna Bueno MarcondesPaulo LeitaoElaine MosconiJoseane Pontes,2024,https://link.springer.com/chapter/10.1007/978-3-031-38165-2_89,Conference paper,"The evolution from Industry 4.0 moves to Industry 5.0 and Society 5.0, which will transform the way industries operate through digital technologies, appreciation of the human, and sustainability. With this, there is a need for research on the worker and Industry 5.0. This paper aims to identify the main themes driving research on the worker inserted in the context of Industry 5.0. As methodology, a systematic literature review was performed in the Scopus database, obtaining a portfolio of 298 articles, which were identified as the following main areas in the articles: System, Data, Technologies, Production, Process, Human, Work, obtaining for each area, research driving themes."
XR-Based Digital Twin for&#xa0;Industry 5.0: A&#xa0;Usability and&#xa0;User Experience Evaluation,Extended Reality,,,,10.1007/978-3-031-71707-9_33,Giovanni GregoFederica NennaLuciano Gamberini,2024,https://link.springer.com/chapter/10.1007/978-3-031-71707-9_33,Conference paper,"The advent of Industry 5.0, as described by the European Commission, heralds a paradigm shift towards human-centric values, sustainability, and resilience in manufacturing, replacing the precedent Industry 4.0. In this evolving landscape, the integration of eXtended Reality (XR) technologies presents a promising avenue for enhancing human-machine interaction through industrial Digital Twins (DTs). This study introduces and validates an innovative XR-based interface for programming industrial cobots, comparing its performance to a conventional teach pendant control system. Leveraging a cohort of Human-Computer Interaction and User Experience experts, the evaluation demonstrates significant advantages of the XR-based interface in terms of usability, acceptance, and user experience. Participants were more inclined to adopt the XR-based interface, perceiving improvements in task performance, particularly in speed, while maintaining comparable accuracy to the teach pendant. Qualitative feedback highlights the simplicity, fluency, efficiency, and ergonomic interaction design of the XR interface. These results inform potential enhancements to further optimize the usability and effectiveness of XR-based DT systems in industrial settings, reaffirming the pivotal role of human-centric approaches in shaping the future of manufacturing."
"Autonomation, Automation, AI, and Industry-Agriculture 5.0 in Sustainable Agro-Ecological Food Production",Industrial Engineering in the Industry 4.0 Era,,,,10.1007/978-3-031-53991-6_42,Pinar DemirciogluIsmail BogrekciM. Numan DurakbasaJorge Bauer,2024,https://link.springer.com/chapter/10.1007/978-3-031-53991-6_42,Conference paper,"The agricultural industry is undergoing a significant transformation due to the integration of advanced technologies, including autonomation, automation, artificial intelligence, and the principles of Industry-Agriculture 5.0. This transformation is driven by the growing need for sustainable food production in response to the factors like population growth, climate change, and environmental degradation. Autonomation combines automation, robotics, drones, smart machinery, and AI to enhance agricultural processes, improving efficiency and reducing resource consumption through data-driven decision-making and precision farming practices. Industry-Agriculture 5.0 emphasizes human-machine collaboration, creating a cooperative relationship between humans and smart machines. This universal approach maximizes productivity while minimizing environmental impact. Case studies from different regions demonstrate the successful implementation of these technologies, resulting in improved crop yields, resource efficiency, and reduced environmental footprints. However, the adoption of these technologies brings challenges such as data privacy, cybersecurity, and access to technology for small-scale farmers. Striking a balance between technological advancement and ethical, environmental, and societal considerations is crucial for realizing a more sustainable and resilient agricultural future. This work recognizes the transdisciplinary nature of the problem, encompassing not only technological aspects but also economic, social, legislative, logistical, environmental, and smart city considerations. It aims to promote productive innovation and emphasizes the importance of understanding the interconnection of these facets for comprehensive agricultural development."
A Flexible Job Shop Scheduling Problem Involving Reconfigurable Machine Tools Under Industry 5.0,"Advances in Production Management Systems. Production Management Systems for Volatile, Uncertain, Complex, and Ambiguous Environments",,,,10.1007/978-3-031-71645-4_17,Hessam Bakhshi-KhanikiReza Tavakkoli-MoghaddamZdenek HanzalekBehdin Vahedi-Nouri,2024,https://link.springer.com/chapter/10.1007/978-3-031-71645-4_17,Conference paper,"The rise of Industry 5.0 has introduced new demands for manufacturing companies, requiring a shift in how production schedules are managed to address human-centered, environmental, and economic goals comprehensively. The flexible job shop scheduling problem (FJSSP), which involves processing operations on various capable machines, accurately reflects the complexities of modern manufacturing settings. This paper investigates the FJSSP involving reconfigurable machine tools with configuration-dependent setup times, while integrating human aspects like worker assignments, moving time, and rest periods, as well as minimizing total energy consumption. A mixed-integer programming (MIP) model is developed to simultaneously optimize these objectives. The model determines the assignment of operations to machines, workers, and configurations while sequencing operations, scheduling worker movements, and respecting rest periods, and minimizing overall energy consumption. Given the NP-hard nature of the FJSSP with worker assignments and reconfigurable tools, a memetic algorithm (MA) is proposed. This meta-heuristic evolutionary algorithm features a three-layer chromosome encoding method, specialized crossover and mutation strategies, and neighborhood search mechanisms to enhance solution quality and diversity. Comparisons of MA with MIP and genetic algorithms (GA) on benchmark instances demonstrate the MA’s efficiency and effectiveness, particularly for larger problem instances where MIP becomes impractical. This research paves the way for sustainable and resilient production schedules tailored for the factory of the future under the Industry 5.0 paradigm. The work bridges a crucial gap in current literature by integrating worker and environmental impact into the FJSSP with reconfigurable machine models."
Exploring the Cognitive Workload Assessment According to Human-Centric Principles in Industry 5.0,"Advances in Production Management Systems. Production Management Systems for Volatile, Uncertain, Complex, and Ambiguous Environments",,,,10.1007/978-3-031-65894-5_32,Ahmadreza NadaffardLudovica Maria OliveriDiego D’UrsoFrancesco FacchiniClaudio Sassanelli,2024,https://link.springer.com/chapter/10.1007/978-3-031-65894-5_32,Conference paper,"Industry 4.0 and 5.0 paradigms have been crucial for companies in employing digital technologies as an ally for men to free them from dangerous and routine tasks in favour of higher value tasks, putting humans at the centre of the organization as the decision maker. However, on the one hand, the new industrial systems shift to new tasks requiring more ‘cognitive’ than ‘physical’ efforts; on the other hand, the approaches to assess the cognitive workload and ensure the physical well-being of the operators are far to be considered easily applicable. For this reason, this research reveals current research trajectories and explores the cognitive workload using subjective and objective indicators. The discussion highlights cognitive ergonomics and advocates for a harmonious balance between human and machine capabilities. It identifies factors contributing to cognitive overload in manufacturing and maps their interconnections. The analysis of recent research trends reveals a growing adoption of new approaches requiring the adoption of physiological measurements (e.g., electrocardiogram (ECG), electroencephalography (EEG), Electromyography (EMG), etc.). Finally, this investigation offers insights into future research directions, urging a nuanced exploration of industrial activities and addressing cognitive workload across organisational layers in the context of Industry 5.0."
Risk Evaluation in the Strategic Planning of Industrial Regions’ Development Within Industry 5.0,The Future of Industry,,,,10.1007/978-3-031-66801-2_33,Daria S. Laskova,2024,https://link.springer.com/chapter/10.1007/978-3-031-66801-2_33,Chapter,"Progressive socio-economic development of regions is an urgent task for governments around the globe. This is particularly significant for a federally organized state, whose industrial development is directly linked to the headway of its territories. There is a relationship between digital instrumental and analytical trends, regional development strategies, and associated risks, as evidenced by the literature review in the paper. The study sheds light on how to track the impact of risk events on the development scenario and what methodology should be used to measure the degree of this impact on the region and the country’s industrial policy. The paper presents a mechanism developed by the author for assessing risk elements. They are the most likely manifestations of a threat to regional strategizing. The methodology of using the GRETL software product to identify the causal relationship between risks and indicators of strategizing is also shown. The author has formulated recommendations to support the regional strategy in the implementation of the country’s course towards the transition to Industry 5.0."
A Novel Integrated Collaborative Intelligence Framework with Innovative BI Features for Industry 5.0,Congress on Smart Computing Technologies,,,,10.1007/978-981-97-5081-8_22,Aditya BajajDhwani Parin ParekhJatinderkumar R. SainiHema Gaikwad,2024,https://link.springer.com/chapter/10.1007/978-981-97-5081-8_22,Conference paper,
Building Competitiveness in Industry 5.0: The Role of AI in Improving Production Efficiency,"New Technologies, Development and Application VII",,,,10.1007/978-3-031-66268-3_44,Luka ĐorđevićMihalj BakatorBorivoj NovakovićMića Đurđev,2024,https://link.springer.com/chapter/10.1007/978-3-031-66268-3_44,Conference paper,
"University and Education 5.0 for Emerging Trends, Policies and Practices in the Concept of Industry 5.0 and Society 5.0",Industry 5.0,,,,10.1007/978-3-031-26232-6_1,Elias G. CarayannisJoanna Morawska,2023,https://link.springer.com/chapter/10.1007/978-3-031-26232-6_1,Chapter,
Food and Industry 5.0: Transforming the Food System for a Sustainable Future,Sustainable Development Goals Series,,,,10.1007/978-3-031-76758-6,Pushan Kumar DuttaAhmed HamadA. K. HaghiPranav Kumar Prabhakar,2025,https://link.springer.com/book/10.1007/978-3-031-76758-6,Book,
"Intelligent Production and Industry 5.0 with Human Touch, Resilience, and Circular Economy",Lecture Notes in Production Engineering,,,,10.1007/978-3-031-77723-3,Dušan N. ŠormazBopaya BidandaOmar AlhawariZhaohui Geng,2025,https://link.springer.com/book/10.1007/978-3-031-77723-3,Conference proceedings,
Application of the Analytic Hierarchy Process (AHP) in the Effective Implementation of Industry 5.0: A Multidimensional Approach,"Organizational Engineering, Coping with Complexity",,,,10.1007/978-3-031-82334-3_35,Omar LeónJavier PuenteGregorio FidalgoDavid De la Fuente,2025,https://link.springer.com/chapter/10.1007/978-3-031-82334-3_35,Conference paper,
Forecasting the Future: The Role of Digital Transformation in the Evolution of Industry 5.0 in Developing Economies,Innovative Computing and Communications,,,,10.1007/978-981-96-7707-8_21,Saurabh ChandraMonica BhutaniC. ChethanaM. S. RamaratnamDolly MisraRippandeep Kaur,2025,https://link.springer.com/chapter/10.1007/978-981-96-7707-8_21,Conference paper,
Role of the Finance Sector in Building a Human-Centered Infrastructure for Sustainable Industry 5.0 in Asia,Building a Human-Centred Infrastructure for Sustainable Industry 5.0 in Asia,,,,10.1007/978-981-95-0417-6_8,Alka ChaudharyShweta Anand,2025,https://link.springer.com/chapter/10.1007/978-981-95-0417-6_8,Chapter,
Harvesting Sustainability: The Integral Role of Millets in Advancing United Nations’ Sustainable Development Goals for Industry 5.0,Food and Industry 5.0: Transforming the Food System for a Sustainable Future,,,,10.1007/978-3-031-76758-6_14,Kavita ThapliyalAlka MauryaSumita MukherjeeNamrata Pancholi,2025,https://link.springer.com/chapter/10.1007/978-3-031-76758-6_14,Chapter,
Synergizing Humanity and Technology: A Human-Machine Collaboration for Business Sustainability in Industry 5.0,Anticipating Future Business Trends: Navigating Artificial Intelligence Innovations,,,,10.1007/978-3-031-63569-4_10,Sridevi NairArti Arun KumarElizabeth ChackoSoumya Simon,2024,https://link.springer.com/chapter/10.1007/978-3-031-63569-4_10,Chapter,
Shaping Industry 4.0 and 5.0 Landscapes by Navigating Technological Shifts with Soft Computing Expertise,Soft Computing in Industry 5.0 for Sustainability,,,,10.1007/978-3-031-69336-6_1,Mariam FatimaReddy C. Kishor KumarR. AartiS. Md. Shakir Ali,2024,https://link.springer.com/chapter/10.1007/978-3-031-69336-6_1,Chapter,
Human-Centric Solutions and AI in the Smart City Context: The Industry 5.0 Perspective,Research and Innovation Forum 2023,,,,10.1007/978-3-031-44721-1_16,Tamai Ramírez-GordilloHiginio MoraAntonio Maciá-LilloSandra AmadorDavid Gil,2024,https://link.springer.com/chapter/10.1007/978-3-031-44721-1_16,Conference paper,
Lean Management Training Game Methodology as a Tool for Preparing Students for Industry 5.0,Intelligent Systems in Production Engineering and Maintenance III,,,,10.1007/978-3-031-44282-7_28,Jozef HusárLucia Knapčíková,2024,https://link.springer.com/chapter/10.1007/978-3-031-44282-7_28,Conference paper,
Garment Industry 5.0: Transforming Through Digital Integration of 3D Virtual Measurement Data and Characteristics,Illustrating Digital Innovations Towards Intelligent Fashion,,,,10.1007/978-3-031-71052-0_23,Pinar DemirciogluSemih DonmezerIsmail BogrekciNuman M. Durakbasa,2024,https://link.springer.com/chapter/10.1007/978-3-031-71052-0_23,Chapter,
Digital Transformation Towards Industry 5.0: A Systematic Literature Review,"Advances in Production Management Systems. Production Management Systems for Responsible Manufacturing, Service, and Logistics Futures",,,,10.1007/978-3-031-43662-8_20,Jelena CrnobrnjaDarko StefanovicDavid RomeroSelver SofticUgljesa Marjanovic,2023,https://link.springer.com/chapter/10.1007/978-3-031-43662-8_20,Conference paper,
"Convergence of Cloud-IoT, Industry 4.0 and Society 5.0",Cloud-IoT Technologies in Society 5.0,,,,10.1007/978-3-031-28711-4_1,Kamta Nath Mishra Ph.D.Subhash Chandra Pandey Ph.D.,2023,https://link.springer.com/chapter/10.1007/978-3-031-28711-4_1,Chapter,
Enhancing Human – Robot Collaboration in the Industry 5.0 Framework with Physics-Informed Neural Networks: Application to Collision Detection,Innovative Intelligent Industrial Production and Logistics,,,,10.1007/978-3-031-80760-2_20,Francesco G. CiampiThierno M. L. DialloFaïda MhenniStanislao PatalanoJean-Yves Choley,2025,https://link.springer.com/chapter/10.1007/978-3-031-80760-2_20,Conference paper,
Integrating Adaptive Human Computer Interaction in&#xa0;Fault Detection and&#xa0;Diagnosis Systems: A Human-Centric Approach for&#xa0;Industry 5.0,Advanced Information Networking and Applications,,,,10.1007/978-3-031-87763-6_39,Rania HamdaniInès Chihi,2025,https://link.springer.com/chapter/10.1007/978-3-031-87763-6_39,Conference paper,
"An Anthropocentric Vision of&#xa0;AI for&#xa0;Industry 5.0: Distributed Databases, Data Mining, and&#xa0;Intelligent Interfaces for&#xa0;Human Empowerment",Advanced Information Networking and Applications,,,,10.1007/978-3-031-87781-0_4,Egidia CirilloAlessandro Del PreteZahida MashaallahAlberto Moccardi,2025,https://link.springer.com/chapter/10.1007/978-3-031-87781-0_4,Conference paper,
Implementing Human–Machine Collaboration in an Industry 5.0 Setting—A Case Study of an Automated Water Bottling Plant,Proceedings of Tenth International Congress on Information and Communication Technology,,,,10.1007/978-981-96-6935-6_13,J. CoetzerR. B. KuriakoseH. J. Vermaak,2025,https://link.springer.com/chapter/10.1007/978-981-96-6935-6_13,Conference paper,
Fuzzy ISM Approach to Assessment of Factors Affecting to Adoption Industry 5.0 Technologies for Mitigation of Climate Risk,Sustainable Finance,,,,10.1007/978-3-031-97962-0_4,Rakesh KumarBijay Kumar Paikaray,2025,https://link.springer.com/chapter/10.1007/978-3-031-97962-0_4,Chapter,
Industry 5.0 Based Virtual Enterprise Concept in a PLM Software Environment with IIoT Implementation for Energy Consumption Monitoring,9th EAI International Conference on Management of Manufacturing Systems,,,,10.1007/978-3-031-80881-4_13,Jozef HusárStella HrehováJakub KaščakJustyna TrojanowskaKatarzyna Antosz,2025,https://link.springer.com/chapter/10.1007/978-3-031-80881-4_13,Conference paper,
Development of a Maturity Model for the Integration of Industry 4.0/5.0 and Circular Economy: A Literature Review,Intelligent and Fuzzy Systems,,,,10.1007/978-3-031-97985-9_82,Oussama BouyajlaneSouhail SekkatAnass CherrafiKhadija Echefaj,2025,https://link.springer.com/chapter/10.1007/978-3-031-97985-9_82,Conference paper,
Exploring the Horizon of Industry 5.0: A Multifaceted Socio-Economic Transformation Towards a Sustainable and Inclusive Industrial Evolution,Advances in Best–Worst Method,,,,10.1007/978-3-031-76766-1_6,Rishabh SharmaHimanshu Gupta,2025,https://link.springer.com/chapter/10.1007/978-3-031-76766-1_6,Conference paper,
The Impact of Industry 5.0 Human Capital on Production System Performance: Evidence from Russian Metallurgy,The Future of Industry,,,,10.1007/978-3-031-66801-2_29,Ilia Chernenko,2024,https://link.springer.com/chapter/10.1007/978-3-031-66801-2_29,Chapter,
Framework for Implementing Digital Twin as an Industry 5.0 Concept to Increase the SME Performance,Flexible Automation and Intelligent Manufacturing: Establishing Bridges for More Sustainable Manufacturing Systems,,,,10.1007/978-3-031-38165-2_69,Paul-Eric DossouClaude Nshokano,2024,https://link.springer.com/chapter/10.1007/978-3-031-38165-2_69,Conference paper,
A State-of-the-Art Review and&#xa0;Framework for&#xa0;Human-Centric Automation in&#xa0;Industry 5.0,"Advances in Production Management Systems. Production Management Systems for Volatile, Uncertain, Complex, and Ambiguous Environments",,,,10.1007/978-3-031-65894-5_27,Mohammed YaqotBrenno MenezesAbdulfatah MohammedKim Moloney,2024,https://link.springer.com/chapter/10.1007/978-3-031-65894-5_27,Conference paper,
A Digital Training Tool to Support the Industry 5.0 Transition—Case Description with Bachelor Students in a Brazilian University,Education for Sustainable Development: The Contribution of Universities,,,,10.1007/978-3-031-86985-3_20,João Victor Encide SallaAna Carolina Godoy AlbinoDaiane Vitória da SilvaAntônio Carlos FarrapoYovana María Barrera SaavedraDiogo Aparecido Lopes Silva,2025,https://link.springer.com/chapter/10.1007/978-3-031-86985-3_20,Chapter,
An Interval-Valued Intuitionistic Fuzzy SWARA Method for Ranking the Challenges of Human-Centric Manufacturing Systems in Industry 5.0,Intelligent and Fuzzy Systems,,,,10.1007/978-3-031-97992-7_36,Salih BakkalÖzlem Arslan,2025,https://link.springer.com/chapter/10.1007/978-3-031-97992-7_36,Conference paper,
Integration of Industry 5.0 Principles in Stealth Construction: Leveraging Emerging Technologies for Efficiency and Sustainability,Industry 5.0 and Emerging Technologies,,,,10.1007/978-3-031-70996-8_9,Seyi Segun StephenAyodeji Emmanuel OkeClinton Ohis Aigbavboa,2024,https://link.springer.com/chapter/10.1007/978-3-031-70996-8_9,Chapter,
Strategic Integration of Industry 5.0 Assistive Technologies for Cognition in Business for Human Capital Development,The Future of Industry,,,,10.1007/978-3-031-66801-2_26,Jun LiIlia ChernenkoIrina Semenova,2024,https://link.springer.com/chapter/10.1007/978-3-031-66801-2_26,Chapter,
Augmented Reality Towards Industry 5.0: Improving Voice and Tap Interaction Based on User Experience Feedback,Progressive and Integrative Ideas and Applications of Engineering Systems Under the Framework of IOT and AI,,,,10.1007/978-981-99-6303-4_13,Alexandre CarrançaNuno SousaJosé RochaEduardo SantosLuis EvangelistaAntónio FerreiraTelmo AdãoEmanuel SousaIara Margolis,2024,https://link.springer.com/chapter/10.1007/978-981-99-6303-4_13,Conference paper,
"Artificial Intelligence Capabilities&#xa0;and Hyperselfish Intelligence, the Possible Impacts, and Why Humans Need Industry 5.0",Industry 4.0 to Industry 5.0,,,,10.1007/978-981-99-9730-5_6,Rohan Fernando,2024,https://link.springer.com/chapter/10.1007/978-981-99-9730-5_6,Chapter,
Smart Crop Selection: Harnessing Machine Learning for Sustainable Agriculture in the Era of Industry 5.0,Industry 5.0 and Emerging Technologies,,,,10.1007/978-3-031-70996-8_6,Ankur KumarSanjay DhankaRohit BansalAbhinav SharmaJaspreet SinghAsim Ali KhanSurita Maini,2024,https://link.springer.com/chapter/10.1007/978-3-031-70996-8_6,Chapter,
Human-Centered Edge AI and&#xa0;Wearable Technology for&#xa0;Workplace Health and&#xa0;Safety in&#xa0;Industry 5.0,Artificial Intelligence for Safety and Reliability Engineering,,,,10.1007/978-3-031-71495-5_8,Tho NguyenDac Hieu NguyenQuoc-Thông NguyenKim Duc TranKim Phuc Tran,2024,https://link.springer.com/chapter/10.1007/978-3-031-71495-5_8,Chapter,
"Federated, Adaptive and&#xa0;Human-in-the-Loop Sensor Data Fusion for&#xa0;Industry 5.0: A Multi-criteria Decision-Making Framework","Complex, Intelligent and Software Intensive Systems",,,,10.1007/978-3-031-96096-3_1,Rania HamdaniInès Chihi,2025,https://link.springer.com/chapter/10.1007/978-3-031-96096-3_1,Conference paper,
Guidelines for Conceptualization and Design of Human - Centered Empathetic Intelligent Machines in Production Systems Within the Industry 5.0 Paradigm,Decarbonizing Value Chains,,,,10.1007/978-3-031-93891-7_30,Domenico MonopoliPietro MiciacciaConcetta SemeraroMichele Dassisti,2025,https://link.springer.com/chapter/10.1007/978-3-031-93891-7_30,Conference paper,
Optimization of Urban Mobility with IoT and Big Data: Technology for the Information and Knowledge Society in Industry 5.0,Smart Cities,,,,10.1007/978-3-031-85324-1_4,Edwin Gerardo Acuña AcuñaAna Almanza FerruzcaJesús Manuel Calderón RojasMaría Fernanda García BayonaJosé Saul Pérez SotoCamilo Nelson Rojo Rojo,2025,https://link.springer.com/chapter/10.1007/978-3-031-85324-1_4,Conference paper,
Energy in the Era of Industry 5.0—Opportunities and Risks,Industry 5.0,,,,10.1007/978-3-031-26232-6_4,Marius Gabriel PetrescuAdrian NeacșaEugen LaudacescuMaria Tănase,2023,https://link.springer.com/chapter/10.1007/978-3-031-26232-6_4,Chapter,
Servitization and Industry 5.0: The Future Trends of Manufacturing Transformation,"Advances in Production Management Systems. Production Management Systems for Responsible Manufacturing, Service, and Logistics Futures",,,,10.1007/978-3-031-43666-6_8,Dragana SlavicUgljesa MarjanovicGiuditta PezzottaIoan TurcinSlavko Rakic,2023,https://link.springer.com/chapter/10.1007/978-3-031-43666-6_8,Conference paper,
Model Production Based on&#xa0;Industry 5.0 Pillars for&#xa0;Textile SMEs,"CSEI: International Conference on Computer Science, Electronics and Industrial Engineering (CSEI)",,,,10.1007/978-3-031-30592-4_40,Fabiola Reino-CherrezJulio Mosquera-GutierresFranklin Tigre-OrtegaMario PeñaPatricio CórdovaDolores SucozhañayIsrael Naranjo,2023,https://link.springer.com/chapter/10.1007/978-3-031-30592-4_40,Conference paper,
Industry 5.0 and Digital Ecosystems: Scientometric Research of Development Trends,"Digital Transformation on Manufacturing, Infrastructure & Service",,,,10.1007/978-3-031-32719-3_42,Aleksandr BabkinLarissa TashenovaDinara MamrayevaElena Shkarupeta,2023,https://link.springer.com/chapter/10.1007/978-3-031-32719-3_42,Conference paper,
Digital Solution for Industry 4.0 and 5.0 and Social Media,Digital Entertainment as Next Evolution in Service Sector,,,,10.1007/978-981-19-8121-0_10,Subhra R. MondalSubhankar Das,2023,https://link.springer.com/chapter/10.1007/978-981-19-8121-0_10,Chapter,
A Critical Review on Industry 5.0 and Its Medical Applications,Advances in Modelling and Optimization of Manufacturing and Industrial Systems,,,,10.1007/978-981-19-6107-6_18,Shubhangi ChourasiaAnkit TyagiQasim MurtazaR. S. WaliaPrince Sharma,2023,https://link.springer.com/chapter/10.1007/978-981-19-6107-6_18,Conference paper,
Emerging Approaches for Enterprises and Human Integration Towards Industry 5.0,Collaborative Networks in Digitalization and Society 5.0,,,,10.1007/978-3-031-42622-3_25,Arturo Molina,2023,https://link.springer.com/chapter/10.1007/978-3-031-42622-3_25,Conference paper,
Incorporating Indigenous Cultural Practices and Traditional Wisdom in Design Pedagogy in the Era of Industry 5.0: A Case from India,"Responsible and Resilient Design for Society, Volume 7",,,,10.1007/978-981-96-5507-6_13,Meeta SiddhuAnupam SaxenaStuti Bisen,2025,https://link.springer.com/chapter/10.1007/978-981-96-5507-6_13,Conference paper,
"Higher Education Institutes and Sustainable Development Progression Through the Lens of Industry 5.0: The Journey of Quest International University, Malaysia",Sustainable Economy Models in the Age of Industry 5.0,,,,10.1007/978-981-96-4104-8_19,Prashanth BeleyaTilagavati SubramaniamTanaraj Krishna,2025,https://link.springer.com/chapter/10.1007/978-981-96-4104-8_19,Chapter,
"Can Green Technologies, Renewable Energy Sources and Circular Economy for Sustainable Industry 5.0? An Explorative Study using Cross-Case Analysis",Building a Human-Centred Infrastructure for Sustainable Industry 5.0 in Asia,,,,10.1007/978-981-95-0417-6_9,Jayanta ChakrabortiSushil Kumar MauryaSandeep Sharma,2025,https://link.springer.com/chapter/10.1007/978-981-95-0417-6_9,Chapter,
Tubular Channel Triple-Material Gate-Wrap-Around MOSFET for Industry 5.0-Low Power and High Performance Applications Incorporating Temperature Variations,Industry 5.0,,,,10.1007/978-3-031-87837-4_16,Pritha BanerjeeJayoti Das,2025,https://link.springer.com/chapter/10.1007/978-3-031-87837-4_16,Chapter,
Industry 5.0 and Artificial Semi-General Intelligence. Exploring Future Challenges and Opportunities Within Industries and Societies,Industry 4.0 to Industry 5.0,,,,10.1007/978-981-99-9730-5_5,Andrius Grybauskas,2024,https://link.springer.com/chapter/10.1007/978-981-99-9730-5_5,Chapter,
Integrating AI with Lean Manufacturing in the Context of Industry 4.0/5.0: Current Trends and Applications,"Advances in Production Management Systems. Production Management Systems for Volatile, Uncertain, Complex, and Ambiguous Environments",,,,10.1007/978-3-031-71633-1_15,Aze-Eddine BoursaliHichem Haddou BenderbalMehdi Souier,2024,https://link.springer.com/chapter/10.1007/978-3-031-71633-1_15,Conference paper,
Enhancing Industry 5.0: Leveraging Data Analytics with IBM Infosphere DataStage and Qlik Sense for Sustainable Entrepreneurship,Proceedings of the 12th International Conference on Soft Computing for Problem Solving,,,,10.1007/978-981-97-3180-0_45,Chandrashekhar PatelPragya AgrawalAbhay SaxenaDurgesh Pant,2024,https://link.springer.com/chapter/10.1007/978-981-97-3180-0_45,Conference paper,
Analysis of Critical Success Factors of Sustainable and Resilient Aioe-based Supply Chain in Industry 5.0,"Advances in Production Management Systems. Production Management Systems for Volatile, Uncertain, Complex, and Ambiguous Environments",,,,10.1007/978-3-031-65894-5_6,Hamed NozariReza Tavakkoli-MoghaddamAlexandre Dolgui,2024,https://link.springer.com/chapter/10.1007/978-3-031-65894-5_6,Conference paper,
Human-Centered Edge Artificial Intelligence for Smart Factory Applications in Industry 5.0: A Review and Perspective,Artificial Intelligence for Safety and Reliability Engineering,,,,10.1007/978-3-031-71495-5_5,Le Hoang NguyenKim Duc TranXianyi ZengKim Phuc Tran,2024,https://link.springer.com/chapter/10.1007/978-3-031-71495-5_5,Chapter,
IIoT Network System from&#xa0;Data Collection to&#xa0;Cyber-Physical System Transmission Under the&#xa0;Industry 5.0 Era,Proceedings of Eighth International Congress on Information and Communication Technology,,,,10.1007/978-981-99-3236-8_75,Nasia BalakeraFotios K. KonstantinidisGeorgios TsimiklisEvangelia LatsaAngelos Amditis,2024,https://link.springer.com/chapter/10.1007/978-981-99-3236-8_75,Conference paper,
Industry 5.0 Adoption Among Heavy Machinery Producers: The Potential of Artificial Intelligence in Social Sustainability Facilitation,"Business for Sustainability, Volume II",,,,10.1007/978-3-031-37365-7_2,Alena ValtonenMinna SaunilaTero RantalaJuhani Ukko,2024,https://link.springer.com/chapter/10.1007/978-3-031-37365-7_2,Chapter,
A Meta-heuristic Approach for&#xa0;Industry 5.0 Assembly Line Balancing and&#xa0;Scheduling with&#xa0;Human-Robot Collaboration,"Advances in Production Management Systems. Production Management Systems for Volatile, Uncertain, Complex, and Ambiguous Environments",,,,10.1007/978-3-031-65894-5_14,Jingyue ZhangJinshu ZhouShigeru Fujimura,2024,https://link.springer.com/chapter/10.1007/978-3-031-65894-5_14,Conference paper,
Smart Contracts in Finance and Banking Systems in the Era of Industry 5.0: A Systematic Review,Industry 5.0 and Emerging Technologies,,,,10.1007/978-3-031-70996-8_16,Outman GuelidaSaid Jai AndaloussiOuail Ouchetto,2024,https://link.springer.com/chapter/10.1007/978-3-031-70996-8_16,Chapter,
Smart Campus Based on AI and IoT in the Era of Industry 5.0: Challenges and Opportunities,Industry 5.0 and Emerging Technologies,,,,10.1007/978-3-031-70996-8_3,Fatim-zahra IzouraneSoufiane ArdchirSoumaya OunacerMohamed Azzouazi,2024,https://link.springer.com/chapter/10.1007/978-3-031-70996-8_3,Chapter,
"Robust, Resilient and Remunerative (R3) SMEs Ecosystems in the Quintuple Helix Context: Industry 5.0, Society 5.0 and AI Modalities Challenges and Opportunities for Theory, Policy and Practice",The Economic Impact of Small and Medium-Sized Enterprises,,,,10.1007/978-3-031-74554-6_8,Elias G. CarayannisKyriaki I. KafkaPantelis C. KostisTheodora Valvi,2024,https://link.springer.com/chapter/10.1007/978-3-031-74554-6_8,Chapter,
Employing multimodal co-learning to evaluate the robustness of sensor fusion for industry 5.0 tasks,Soft Computing,,,,10.1007/s00500-022-06802-9,Anil RahateShruti MandaokarPulkit ChandelRahee WalambeSheela RamannaKetan Kotecha,2022,https://link.springer.com/article/10.1007/s00500-022-06802-9,Article,
"Digital Twin for Industry 5.0: A Vision, Taxonomy, and Future Directions",Intelligent Human Centered Computing,,,,10.1007/978-981-99-3478-2_22,Anusua MazumderPartha Sarathi BanerjeeAmiya KarmakarPritam GhoshDebashis DeHoubing Song,2023,https://link.springer.com/chapter/10.1007/978-981-99-3478-2_22,Conference paper,
A Reflective Framework for Understanding Workforce Evolutionary Pathways in Industry 5.0,"Advances in Production Management Systems. Production Management Systems for Responsible Manufacturing, Service, and Logistics Futures",,,,10.1007/978-3-031-43662-8_36,Alexandra LagorioChiara CiminiDavid Romero,2023,https://link.springer.com/chapter/10.1007/978-3-031-43662-8_36,Conference paper,
Technology Aspects of Artificial Intelligence: Industry 5.0 for Organization Decision Making,Information Systems and Management Science,,,,10.1007/978-3-031-13150-9_7,Aditi ChandelBhisham Sharma,2023,https://link.springer.com/chapter/10.1007/978-3-031-13150-9_7,Conference paper,
Federated Learning for&#xa0;Industry 5.0: A State-of-the-Art Review,Proceedings of the 15th International Conference on Ubiquitous Computing & Ambient Intelligence (UCAmI 2023),,,,10.1007/978-3-031-48590-9_6,Tamai RamírezEduardo Calabuig-BarberoHiginio MoraFrancisco A. PujolSandra Amador,2023,https://link.springer.com/chapter/10.1007/978-3-031-48590-9_6,Conference paper,
From Surviving to Thriving: Industry 5.0 at SMEs Enhancing Production Flexibility,"Advances in Production Management Systems. Production Management Systems for Responsible Manufacturing, Service, and Logistics Futures",,,,10.1007/978-3-031-43662-8_56,Zuhara Zemke ChavezAla ArvidssonJannicke Baalsrud HaugeMonica BellgranSeyoum Eshetu BirkiePatrik JohnsonMartin Kurdve,2023,https://link.springer.com/chapter/10.1007/978-3-031-43662-8_56,Conference paper,
Towards Industry 5.0: Empowering SMEs with&#xa0;Blockchain-Based Supplier Collaboration Network,"Advances in Production Management Systems. Production Management Systems for Responsible Manufacturing, Service, and Logistics Futures",,,,10.1007/978-3-031-43662-8_52,Prince Waqas KhanImene BarecheThorsten Wuest,2023,https://link.springer.com/chapter/10.1007/978-3-031-43662-8_52,Conference paper,
A Digital Reverse Logistics Twin for Improving Sustainability in Industry 5.0,"Advances in Production Management Systems. Production Management Systems for Responsible Manufacturing, Service, and Logistics Futures",,,,10.1007/978-3-031-43666-6_19,Xu SunHao YuWei Deng Solvang,2023,https://link.springer.com/chapter/10.1007/978-3-031-43666-6_19,Conference paper,
A Comprehensive and Narrative Review of Industry 5.0 Technologies: 2018–2022,"Renewable Energy Optimization, Planning and Control",,,,10.1007/978-981-19-8963-6_23,Rajat GeraPriyanka ChadhaGurbir Singh KheraRuchika Yadav,2023,https://link.springer.com/chapter/10.1007/978-981-19-8963-6_23,Conference paper,
Towards Industry 5.0: A Capacitation Approach for Upskilling and Technology Transfer,"Distributed Computing and Artificial Intelligence, Special Sessions I, 20th International Conference",,,,10.1007/978-3-031-38318-2_34,Rui PintoJoão PinheiroGil GonçalvesAnabela Ribeiro,2023,https://link.springer.com/chapter/10.1007/978-3-031-38318-2_34,Conference paper,
Emerging Communication Technologies for Industrial Internet of Things: Industry 5.0 Perspective,"Proceedings of Third International Conference on Computing, Communications, and Cyber-Security",,,,10.1007/978-981-19-1142-2_9,Nagesh KumarBhisham SharmaSushil Narang,2023,https://link.springer.com/chapter/10.1007/978-981-19-1142-2_9,Conference paper,
A Chatbot Assistant Framework for&#xa0;Training Industry 5.0 Factory Workers on&#xa0;Troubleshooting Skills Using Generative AI and&#xa0;a&#xa0;Backup Recovery System,Neural Computing for Advanced Applications,,,,10.1007/978-981-95-3739-6_2,Kahiomba Sonia KiangalaZenghui Wang,2025,https://link.springer.com/chapter/10.1007/978-981-95-3739-6_2,Conference paper,
Predictive Maintenance in Industry 5.0: A Comparative Study of Various Deep Learning Models for Remaining Useful Life Prediction of Turbofan Engines,Industry 5.0,,,,10.1007/978-3-031-87837-4_15,Deepjyoti Saha,2025,https://link.springer.com/chapter/10.1007/978-3-031-87837-4_15,Chapter,
Designing a New Dry Port-Seaport Logistics Network with a Focus on Industry 5.0 by Machine Learning,"Advances in Production Management Systems. Production Management Systems for Volatile, Uncertain, Complex, and Ambiguous Environments",,,,10.1007/978-3-031-71629-4_21,Shabnam RekabiZeinab SazvarAlexandre DolguiReza Tavakkoli-Moghaddam,2024,https://link.springer.com/chapter/10.1007/978-3-031-71629-4_21,Conference paper,
Challenges and Opportunities of Integrating Industry 5.0 and Emerging Technologies in Higher Education for Enhancing Employability Skills,Industry 5.0 and Emerging Technologies,,,,10.1007/978-3-031-70996-8_11,Oluwatoyin Ayodele AjaniBongani T. GamedeRohit Bansal,2024,https://link.springer.com/chapter/10.1007/978-3-031-70996-8_11,Chapter,
Technological Innovation and Human Resources Management (HRM) in the Era of Industry 5.0: Navigating Impacts and Opportunities,Industry 5.0 and Emerging Technologies,,,,10.1007/978-3-031-70996-8_18,Amine ZenjariSaif Allah AllouaniAmal ZakiOumnia Sidqui,2024,https://link.springer.com/chapter/10.1007/978-3-031-70996-8_18,Chapter,
"Leveraging Industry 5.0 for Achieving SDGs: An Empirical Study on Feasibility, Human-Centered Approaches, and Implementation Barriers","Achieving Sustainable Business Through AI, Technology Education and Computer Science",,,,10.1007/978-3-031-71213-5_22,Shubham GoswamiVineet ChouhanLaxman Ram PaliwalRaj Bahadur Sharma,2024,https://link.springer.com/chapter/10.1007/978-3-031-71213-5_22,Chapter,
Anomaly Detection Algorithm with Blockchain to Detect Potential Security Attacks in the IIoT Model of Industry 5.0,"Advanced Engineering, Technology and Applications",,,,10.1007/978-3-031-50920-9_14,Piyush PantS. B. GoyalAnand Singh RajawatAmol PotgantwarPradeep BediChawki Djeddi,2024,https://link.springer.com/chapter/10.1007/978-3-031-50920-9_14,Conference paper,
Systematic Review of Recent Trends of Industry 5.0 with Assistive Technologies in Higher Education and Smart Healthcare,Applied Assistive Technologies and Informatics for Students with Disabilities,,,,10.1007/978-981-97-0914-4_16,Neha ThakurPradeep ChouskeyNitish BansalMayank Chopra,2024,https://link.springer.com/chapter/10.1007/978-981-97-0914-4_16,Chapter,
Revolutionizing the Techno-Human Space in Human Resource Practices in Industry 4.0 to Usage in Society 5.0,Digital Transformation,,,,10.1007/978-981-99-8118-2_10,Aditi V. AljapurkarSatyajit D. Ingawale,2024,https://link.springer.com/chapter/10.1007/978-981-99-8118-2_10,Chapter,
Recop: fine-grained opinions and sentiments-based recommender system for industry 5.0,Soft Computing,,,,10.1007/s00500-021-06590-8,Gourav BathlaPardeep SinghSunil KumarMadhushi VermaDeepak GargKetan Kotecha,2021,https://link.springer.com/article/10.1007/s00500-021-06590-8,Article,
Efficient and Accountable Industry 5.0 Production Scheduling Mechanism for Mass Customization Scenarios,Proceedings of the 15th International Conference on Ubiquitous Computing & Ambient Intelligence (UCAmI 2023),,,,10.1007/978-3-031-48642-5_5,Borja BordelRamón AlcarriaGuillermo de la Cal HacarTomás Robles Valladares,2023,https://link.springer.com/chapter/10.1007/978-3-031-48642-5_5,Conference paper,
Industry 5.0 and Manufacturing Paradigms: Craft Manufacturing - A Case from Boat Manufacturing,"Advances in Production Management Systems. Production Management Systems for Responsible Manufacturing, Service, and Logistics Futures",,,,10.1007/978-3-031-43662-8_21,Bjørnar HenriksenMaria Kollberg Thomassen,2023,https://link.springer.com/chapter/10.1007/978-3-031-43662-8_21,Conference paper,
"Artificial Intelligence for Smart Manufacturing in Industry 5.0: Methods, Applications, and Challenges",Artificial Intelligence for Smart Manufacturing,,,,10.1007/978-3-031-30510-8_2,Huu Du NguyenKim Phuc Tran,2023,https://link.springer.com/chapter/10.1007/978-3-031-30510-8_2,Chapter,
Enhancing Human-Robot Collaboration in the Industry 5.0 Context: Workplace Layout Prototyping,"Advances on Mechanics, Design Engineering and Manufacturing IV",,,,10.1007/978-3-031-15928-2_40,Castrese Di MarinoAndrea RegaFerdinando VitoloStanislao Patalano,2023,https://link.springer.com/chapter/10.1007/978-3-031-15928-2_40,Conference paper,
"ChatGPT, How to Wire Age 5.0 Mindsets: Industry, Society, Healthcare and Education?",Human Centred Intelligent Systems,,,,10.1007/978-981-99-3424-9_13,Abdellah ChehriHasna ChaibiAlfred ZimmermannRachid Saadane,2023,https://link.springer.com/chapter/10.1007/978-981-99-3424-9_13,Conference paper,
Revolutionizing Supply Chain Management: A Bibliometric Analysis of Industry 4.0 and 5.0,Advanced Technologies and the Management of Disruptive Supply Chains,,,,10.1007/978-3-031-45229-1_3,Mohammad ShamsuddohaMohammad Abul KashemTasnuba Nasir,2023,https://link.springer.com/chapter/10.1007/978-3-031-45229-1_3,Chapter,
Using the OEE Score to Enable Collaborative Decision-Making for Human–Machine Interaction in an Industry 5.0 Setting,Proceedings of World Conference on Information Systems for Business Management,,,,10.1007/978-981-99-8349-0_22,J. CoetzerR. B. KuriakoseH. J. Vermaak,2024,https://link.springer.com/chapter/10.1007/978-981-99-8349-0_22,Conference paper,
LSiF: Log-Gabor Empowered Siamese Federated Learning for&#xa0;Efficient Obscene Image Classification in&#xa0;the&#xa0;Era of&#xa0;Industry 5.0,Neural Information Processing,,,,10.1007/978-981-99-8181-6_4,Sonali SamalGautam SrivastavaThippa Reddy GadekalluYu-Dong ZhangBunil Kumar Balabantaray,2024,https://link.springer.com/chapter/10.1007/978-981-99-8181-6_4,Conference paper,
"A Hybrid Decision Model for Balancing the Technological Advancement, Human Intervention and Business Sustainability in Industry 5.0 Adoption",Advances in Intelligent Manufacturing and Service System Informatics,,,,10.1007/978-981-99-6062-0_65,Rahul SindhwaniSachin Kumar ManglaYigit KazancogluAyca Maden,2024,https://link.springer.com/chapter/10.1007/978-981-99-6062-0_65,Conference paper,
A Fuzzy DEMATEL Approach for Exploring Barriers to the Successful Implementation of Maintenance 5.0 in the Manufacturing Industry,Intelligent and Fuzzy Systems,,,,10.1007/978-3-031-67195-1_73,Mohamed El AallamiAnass CherrafiKamar ZekhniniSaid Elfezazi,2024,https://link.springer.com/chapter/10.1007/978-3-031-67195-1_73,Conference paper,
Riding the Innovation Wave Solo—Does Industry 5.0 in the Pharmaceutical Sector Make Companies More Independent Than Ever?,Research and Innovation Forum 2023,,,,10.1007/978-3-031-44721-1_37,Klaudia Gabriella Horvath,2024,https://link.springer.com/chapter/10.1007/978-3-031-44721-1_37,Conference paper,
Value-Based Vs Pragmatic Approach to the Sustainable Development of Energy Sector Companies in the Context of Industry 5.0,The Future of Industry,,,,10.1007/978-3-031-66801-2_8,Maria VetrovaTatyana SoloveyIgor ArenkovDinara Ivanova,2024,https://link.springer.com/chapter/10.1007/978-3-031-66801-2_8,Chapter,
The Meaning and Directions of Development of Personalized Production in the Era of Industry 4.0 and Industry 5.0,Innovations in Industrial Engineering II,,,,10.1007/978-3-031-09360-9_1,Jakub PizońArkadiusz Gola,2023,https://link.springer.com/chapter/10.1007/978-3-031-09360-9_1,Conference paper,
Innovative Methods in Computer Science and Computational Applications in the Era of Industry 5.0,Engineering Cyber-Physical Systems and Critical Infrastructures,,,,10.1007/978-3-031-56310-2,D. Jude HemanthUtku KoseBogdan PatrutMevlut Ersoy,2024,https://link.springer.com/book/10.1007/978-3-031-56310-2,Conference proceedings,
A Cost-Effective Thermal Imaging Safety Sensor for&#xa0;Industry 5.0 and&#xa0;Collaborative Robotics,Smart Technologies for Sustainable and Resilient Ecosystems,,,,10.1007/978-3-031-35982-8_1,Daniel BarrosPaula Fraga-LamasTiago M. Fernández-CaramésSérgio Ivan Lopes,2023,https://link.springer.com/chapter/10.1007/978-3-031-35982-8_1,Conference paper,
Perceptual Computing Based Framework for Assessing Organizational Performance According to Industry 5.0 Paradigm,Advances in Artificial Systems for Logistics Engineering III,,,,10.1007/978-3-031-36115-9_14,Danylo TavrovVolodymyr TemnikovOlena TemnikovaAndrii Temnikov,2023,https://link.springer.com/chapter/10.1007/978-3-031-36115-9_14,Conference paper,
Designing an Experimental Setup for Introducing Industry 5.0 in a Smart Manufacturing Environment,"Proceedings of the Future Technologies Conference (FTC) 2023, Volume 2",,,,10.1007/978-3-031-47451-4_20,Jeanne CoetzerRangith Baby KuriakoseHerman Vermaak,2023,https://link.springer.com/chapter/10.1007/978-3-031-47451-4_20,Conference paper,
Innovative M2M Techniques for Multi-source Official Short-Term Statistical Data Collection in Digitalized Enterprises (Industry 5.0): An Experimental Trial for Cost-Benefit Analysis,Statistics for Innovation IV,,,,10.1007/978-3-031-96033-8_26,Pasquale PapaPaola BossoGiovanni Gualberto Di PaoloDiego Distefano,2025,https://link.springer.com/chapter/10.1007/978-3-031-96033-8_26,Conference paper,
Innovative Methods in Computer Science and Computational Applications in the Era of Industry 5.0,Engineering Cyber-Physical Systems and Critical Infrastructures,,,,10.1007/978-3-031-56322-5,D. Jude HemanthUtku KoseBogdan PatrutMevlut Ersoy,2024,https://link.springer.com/book/10.1007/978-3-031-56322-5,Conference proceedings,
Industry 5.0 Challenges and Perspectives for Manufacturing Systems in the Society 5.0,Sustainability and Innovation in Manufacturing Enterprises,,,,10.1007/978-981-16-7365-8_2,Daniel PaschekCaius-Tudor LuminosuElif Ocakci,2022,https://link.springer.com/chapter/10.1007/978-981-16-7365-8_2,Chapter,
"Digital Twins for Healthcare in Industry 5.0: Fundamentals, Pharmaceutical Manufacturing Applications, Diagnostic Precision, Digital Patient Innovations, and Drug Discovery Impact",Soft Computing in Industry 5.0 for Sustainability,,,,10.1007/978-3-031-69336-6_16,Tamanna Haque RituAnindya NagAnupam Kumar BairagiArafat Rahman,2024,https://link.springer.com/chapter/10.1007/978-3-031-69336-6_16,Chapter,
"Challenges and Opportunities for the Design and Development of Intelligent, Sustainable and Resilient Personalized Product-Service Systems Towards Industry 5.0",Data-Driven Decision Making for Product Service Systems,,,,10.1007/978-3-031-60082-1_2,Dimitris MourtzisJohn Angelopoulos,2024,https://link.springer.com/chapter/10.1007/978-3-031-60082-1_2,Chapter,
Trends for Manufacturing Industry: A Strategic Roadmap Toward Industry 5.0,Sustainability and Innovation in Manufacturing Enterprises,,,,10.1007/978-981-16-7365-8_11,Florin DraganLarisa IvascuBen-Oni Ardelean,2022,https://link.springer.com/chapter/10.1007/978-981-16-7365-8_11,Chapter,
Personalization of Products and Sustainable Production and Consumption in the Context of Industry 5.0,Industry 5.0,,,,10.1007/978-3-031-26232-6_3,Sebastian SaniukSandra GrabowskaMochammad Fahlevi,2023,https://link.springer.com/chapter/10.1007/978-3-031-26232-6_3,Chapter,
Human-Centered HCI Practices Leading the Path to Industry 5.0: A Systematic Literature Review,HCI International 2023 Posters,,,,10.1007/978-3-031-35989-7_1,Anja BrücknerPhilipp HeinFranziska Hein-PenselJasmin MayanMandy Wölke,2023,https://link.springer.com/chapter/10.1007/978-3-031-35989-7_1,Conference paper,
"Optimising Human Potential Through Diversity and Inclusion for Industry/Production 4.0, 5.0 and 6.0",Towards Industry 5.0,,,,10.1007/978-3-031-24457-5_22,Mary Doyle-KentPeter Kopacek,2023,https://link.springer.com/chapter/10.1007/978-3-031-24457-5_22,Conference paper,
Ontology-Based Development of Industry 4.0 and 5.0 Solutions for Smart Manufacturing and Production,Springer Series in Advanced Manufacturing,,,,10.1007/978-3-031-47444-6,János AbonyiLászló NagyTamás Ruppert,2024,https://link.springer.com/book/10.1007/978-3-031-47444-6,Book,
Construction 5.0: Appraising the Ways Non-monetary Factors of Motivation Can Promote a Blended Workforce Engagement in the Construction Industry Using the Demand and Supply Theory,Proceedings of the International Conference on Smart and Sustainable Built Environment (SASBE 2024),,,,10.1007/978-981-96-4051-5_160,Fortune AigbeClinton Aigbavboa,2025,https://link.springer.com/chapter/10.1007/978-981-96-4051-5_160,Conference paper,
The Dilemma Between Industry 4.0 and Society 5.0: A Technological Evolution of Digital Transformation or a Humanitarian Revolution of Well-being?,The Future of Industry,,,,10.1007/978-3-031-66801-2_2,Grigorios L. Kyriakopoulos,2024,https://link.springer.com/chapter/10.1007/978-3-031-66801-2_2,Chapter,
Towards a New Society: Solving the Dilemma Between Society 5.0 and Industry 5.0,Product Lifecycle Management. Green and Blue Technologies to Support Smart and Sustainable Organizations,,,,10.1007/978-3-030-94335-6_37,Marco DautajMonica Rossi,2022,https://link.springer.com/chapter/10.1007/978-3-030-94335-6_37,Conference paper,
Industry 5.0: Intelligent Sensor Based Autonomous Control System for HVAC Systems in Chemical Fiber Factory,HCI International 2023 Posters,,,,10.1007/978-3-031-36001-5_57,Jerry ChenRick ChangBon PengWillie LiuJiann-Shing Shieh,2023,https://link.springer.com/chapter/10.1007/978-3-031-36001-5_57,Conference paper,
Electronic Load Sensing for Integrating Electro-Hydraulic Mechatronic Actuators with Industry 4.0 and 5.0 Components,International Conference on Reliable Systems Engineering (ICoRSE) - 2023,,,,10.1007/978-3-031-40628-7_37,Alexander Skvorchevsky,2023,https://link.springer.com/chapter/10.1007/978-3-031-40628-7_37,Conference paper,
Key Enablers of Industry 5.0 - Transition from 4.0 to the New Digital and Sustainable System,Manufacturing Driving Circular Economy,,,,10.1007/978-3-031-28839-5_69,Maja TrstenjakMiro HegedićNataša TošanovićTihomir OpetukGoran ĐukićHrvoje Cajner,2023,https://link.springer.com/chapter/10.1007/978-3-031-28839-5_69,Conference paper,
Asset and Risk Management Approach in the Context of Complexity in Industry 4.0/5.0 Systems,16th WCEAM Proceedings,,,,10.1007/978-3-031-25448-2_48,Issa DiopGeorges Abdul-NourDragan Komljenovic,2023,https://link.springer.com/chapter/10.1007/978-3-031-25448-2_48,Conference paper,
K-Hub: A Modular Ontology to&#xa0;Support Document Retrieval and&#xa0;Knowledge Extraction in&#xa0;Industry 5.0,The Semantic Web,,,,10.1007/978-3-031-33455-9_27,Anisa RulaGloria Re CalegariAntonia AzziniDavide BucciAlessio CareniniIlaria BaroniIrene Celino,2023,https://link.springer.com/chapter/10.1007/978-3-031-33455-9_27,Conference paper,
Trends in Teaching Artificial Intelligence for Industry 5.0,Sustainability and Innovation in Manufacturing Enterprises,,,,10.1007/978-981-16-7365-8_10,Cristin Bigan,2022,https://link.springer.com/chapter/10.1007/978-981-16-7365-8_10,Chapter,
"Artificial Intelligence in Accounting Practices in the Industry 5.0 Era from a Dynamic Capabilities Perspective: Role of Strategic Foresight, Agility, and Flexibility",Opportunities and Risks in AI for Business Development,,,,10.1007/978-3-031-65203-5_14,Suaad Jassem,2024,https://link.springer.com/chapter/10.1007/978-3-031-65203-5_14,Chapter,
"Assessment Model of Industry 5.0 Implementation in Small and Medium-Sized Companies in the Metal Sector, Using AHP and Fuzzy Inference Systems",Proceedings of the 17th International Conference on Industrial Engineering and Industrial Management (ICIEIM) – XXVII Congreso de Ingeniería de Organización (CIO2023),,,,10.1007/978-3-031-57996-7_27,Jose Manuel Perez BernardoJavier PuenteOmar LeónRaul Pino,2024,https://link.springer.com/chapter/10.1007/978-3-031-57996-7_27,Conference paper,
From Industry 4.0 to Industry 5.0—An Overview of European Union Enterprises,Sustainability and Innovation in Manufacturing Enterprises,,,,10.1007/978-981-16-7365-8_8,Lidia AlexaMarius PîslaruSilvia Avasilcăi,2022,https://link.springer.com/chapter/10.1007/978-981-16-7365-8_8,Chapter,
"Collective System Design and Industry 5.0: Building Community, Resilience, and Sustainability at Purdue University Fort Wayne","Towards a Smart, Resilient and Sustainable Industry",,,,10.1007/978-3-031-38274-1_22,David S. CochranNoor O. Borbieva,2023,https://link.springer.com/chapter/10.1007/978-3-031-38274-1_22,Conference paper,
Toward a Digital Sustainability Reporting Framework in Organizations in the Industry 5.0 Era: An Accounting Perspective,From the Internet of Things to the Internet of Ideas: The Role of Artificial Intelligence,,,,10.1007/978-3-031-17746-0_37,Carmen Olsen,2023,https://link.springer.com/chapter/10.1007/978-3-031-17746-0_37,Conference paper,
Data Preparation for&#xa0;AI-Assisted Video Analysis in&#xa0;Manual Assembly Task: A Step Towards Industry 5.0,"Advances in Production Management Systems. Production Management Systems for Responsible Manufacturing, Service, and Logistics Futures",,,,10.1007/978-3-031-43670-3_43,Yongkuk JeongMagnus WiktorssonDonggyun ParkJesper GansLinda Svensson,2023,https://link.springer.com/chapter/10.1007/978-3-031-43670-3_43,Conference paper,
Digital Management Systems in Manufacturing Using Industry 5.0 Technologies,"Advancement in Materials, Manufacturing and Energy Engineering, Vol. II",,,,10.1007/978-981-16-8341-1_18,Nadia FazalAbid HaleemShashi BahlMohd JavaidDevaki Nandan,2022,https://link.springer.com/chapter/10.1007/978-981-16-8341-1_18,Conference paper,
Artificial Intelligence-based Internet of Things for Industry 5.0,Artificial Intelligence-based Internet of Things Systems,,,,10.1007/978-3-030-87059-1_1,Bhanu ChanderSouvik PalDebashis DeRajkumar Buyya,2022,https://link.springer.com/chapter/10.1007/978-3-030-87059-1_1,Chapter,
Industry 5.0 and Banking 5.0,Banking 5.0,,,,10.1007/978-3-030-75871-4_2,Bernardo Nicoletti,2021,https://link.springer.com/chapter/10.1007/978-3-030-75871-4_2,Chapter,
The Impact of Digital Twin on Healthcare Sector from Industry 4.0 to Industry 5.0: A Perspective Review with Future Scope and Research Challenges,Proceedings of the 2nd International Conference on Cognitive and Intelligent Computing,,,,10.1007/978-981-99-2746-3_69,Swati LipsaRanjan Kumar Dash,2023,https://link.springer.com/chapter/10.1007/978-981-99-2746-3_69,Conference paper,
"The Complexity of Sustainable Innovation, Transitional Impacts of Industry 4.0 to 5.0 for Our Societies: Circular Society Exploring the Systemic Nexus of Socioeconomic Transitions",Industry 4.0 to Industry 5.0,,,,10.1007/978-981-99-9730-5_2,Manuel MoralesSusu NousalaMorteza Ghobakhloo,2024,https://link.springer.com/chapter/10.1007/978-981-99-9730-5_2,Chapter,
"Industry 5.0: A Panacea in the Phase of Covid-19 Pandemic Concerning Health, Education, and Banking Sector","Explore Business, Technology Opportunities and Challenges ‎After the Covid-19 Pandemic",,,,10.1007/978-3-031-08954-1_1,R. LeelavathiPhilip BijinN. Aiswarya BabuK. P. Jaheer Mukthar,2023,https://link.springer.com/chapter/10.1007/978-3-031-08954-1_1,Conference paper,
Cognitive Cyber-Physical Production Systems: A New Concept of Manufacturing Systems on the Route to Industry 5.0,"New Technologies, Development and Application VI",,,,10.1007/978-3-031-31066-9_21,Elvis HozdićZoran Jurković,2023,https://link.springer.com/chapter/10.1007/978-3-031-31066-9_21,Conference paper,
Industry 5.0 – Making It Happen in the Agri Industry. The Core Product Service Platform,Advances in Production Management Systems. Smart Manufacturing and Logistics Systems: Turning Ideas into Action,,,,10.1007/978-3-031-16407-1_50,Bjørnar HenriksenCarl Christian RøstadMaria Kollberg Thomassen,2022,https://link.springer.com/chapter/10.1007/978-3-031-16407-1_50,Conference paper,
Development of IoT Middleware Broker Communication Architecture for Industrial Automation with Focus on Future Pandemic Possibilities: Industry 5.0,Emerging Technologies in Data Mining and Information Security,,,,10.1007/978-981-19-4676-9_4,Sujit DeshpandeRashmi Jogdand,2023,https://link.springer.com/chapter/10.1007/978-981-19-4676-9_4,Conference paper,
The Human Factor and the Resilience of Manufacturing Processes: A Case Study of Pharmaceutical Process Toward Industry 5.0,"Towards a Smart, Resilient and Sustainable Industry",,,,10.1007/978-3-031-38274-1_9,Ramona RubiniRocco CassandroMariateresa CaggianoConcetta SemeraroZhaojun Steven LiMichele Dassisti,2023,https://link.springer.com/chapter/10.1007/978-3-031-38274-1_9,Conference paper,
Development of Conceptual Model for the Introduction Stage of Lean Intelligent Manufacturing Using Simulation Model Based on the Identification of the Appropriate Technologies of Industry 5.0,Intelligent Manufacturing and Energy Sustainability,,,,10.1007/978-981-99-6774-2_22,A. Mohammed FaisalL. KarthigeyanG. Suresh,2024,https://link.springer.com/chapter/10.1007/978-981-99-6774-2_22,Conference paper,
Assessing the Drivers Behind Innovative and Creative Companies. The Importance of Knowledge Transfer in the Field of Industry 5.0,Industry 5.0,,,,10.1007/978-3-031-26232-6_5,Carlos Rodríguez-GarciaFernando León-MateosLucas López-ManuelAntonio Sartal,2023,https://link.springer.com/chapter/10.1007/978-3-031-26232-6_5,Chapter,
Human Ergonomic Assessment Within “Industry 5.0” Workplace: Do Standard Observational Methods Correlate with Kinematic-Based Index in Reaching Tasks?,"Digital Human Modeling and Applications in Health, Safety, Ergonomics and Risk Management",,,,10.1007/978-3-031-35741-1_17,Emilia ScalonaDoriana De MarcoPietro AvanziniMaddalena Fabbri DestroGiuseppe AndreoniNicola Francesco Lopomo,2023,https://link.springer.com/chapter/10.1007/978-3-031-35741-1_17,Conference paper,
Performance Analysis of Professional Higher Education Programmes Driven by Students Perception: A Latent Variable Computation Model for Industry 5.0,Intelligent Human Centered Computing,,,,10.1007/978-981-99-3478-2_20,Bhaswati RoySandip MukherjeeNiloy Kumar BhattacherjeeSayanti SamantaSubir Gupta,2023,https://link.springer.com/chapter/10.1007/978-981-99-3478-2_20,Conference paper,
Emerging Trends of Fintech Services in Industry 5.0 and Its Role in Achievement of SDGs: A Critical Review of Present Trends and Roadmap for Future Research Agenda,Business Development via AI and Digitalization,,,,10.1007/978-3-031-62106-2_24,Abdullah Eskandarany,2024,https://link.springer.com/chapter/10.1007/978-3-031-62106-2_24,Chapter,
BCoT: Introduction to Blockchain-Based Internet of Things for Industry 5.0,Blockchain based Internet of Things,,,,10.1007/978-981-16-9260-4_1,Debashis DeAmiya KarmakarPartha Sarathi BanerjeeSiddhartha BhattacharyyaJoel J. P. C. Rodrigues,2022,https://link.springer.com/chapter/10.1007/978-981-16-9260-4_1,Chapter,
Developing Future Skills in Engineering Education for Industry 5.0: Enabling Technologies in the Age of Digital Transformation and Green Transition,Open Science in Engineering,,,,10.1007/978-3-031-42467-0_94,Monica I. CiolacuGustavo R. AlvesClaudius TerkowskyAbdallah Y. ZoubiKonrad E. R. BoettcherMaria I. PozzoAlexander A. Kist,2023,https://link.springer.com/chapter/10.1007/978-3-031-42467-0_94,Conference paper,
Machine Learning-Based Recommender System for&#xa0;Tweeting Factory in&#xa0;Industry 5.0 Paradigm,Recent Challenges in Intelligent Information and Database Systems,,,,10.1007/978-981-19-8234-7_11,Dariusz GasiorSlawomir LasotaTomasz Kajdanowisz,2022,https://link.springer.com/chapter/10.1007/978-981-19-8234-7_11,Conference paper,
Educational Testbed in&#xa0;the&#xa0;Context of&#xa0;Industry 4.0 and&#xa0;5.0: Literature Review,"Optimization, Learning Algorithms and Applications",,,,10.1007/978-3-031-23236-7_46,Mateus Henrique Ferreira IensenLeonardo Breno Pessoa da SilvaJoseane Pontes,2022,https://link.springer.com/chapter/10.1007/978-3-031-23236-7_46,Conference paper,
Use of Earnings Quality Measures to Evaluate Performance of Iraqi Banks in Terms of Industry 5.0: Using the Hierarchical Analysis Process,Beyond Reality: Navigating the Power of Metaverse and Its Applications,,,,10.1007/978-3-031-51716-7_10,Zahraa Ali Al-Ridha OudahJabir Hussein AliAhmed Ali Ahmed,2023,https://link.springer.com/chapter/10.1007/978-3-031-51716-7_10,Conference paper,
Industry 4.0 vs. Society 5.0,Digital Conversion on the Way to Industry 4.0,,,,10.1007/978-3-030-62784-3_28,Leyla PolatAlptekin Erkollar,2021,https://link.springer.com/chapter/10.1007/978-3-030-62784-3_28,Conference paper,
Roadmap to Implement Industry 5.0 and the Impact of This Approach on TQM,Smart Applications and Data Analysis,,,,10.1007/978-3-031-20490-6_23,Meryem Chaabi,2022,https://link.springer.com/chapter/10.1007/978-3-031-20490-6_23,Conference paper,
Indicators to Evaluate Elements of Industry 5.0 in the Textile Production of MSMEs,Information and Communication Technologies,,,,10.1007/978-3-031-18272-3_7,Pablo Flores-SiguenzaBernarda Vásquez-SalinasLorena Siguenza-GuzmanRodrigo Arcentales-CarrionDolores Sucozhañay,2022,https://link.springer.com/chapter/10.1007/978-3-031-18272-3_7,Conference paper,
Human-Centred AI in the Age of Industry 5.0: A Systematic Review Protocol,HCI International 2022 – Late Breaking Papers: Interacting with eXtended Reality and Artificial Intelligence,,,,10.1007/978-3-031-21707-4_34,Mario PassalacquaRobert PellerinPhilippe Doyon-PoulinLaurène Del-AguilaJared BoasenPierre-Majorique Léger,2022,https://link.springer.com/chapter/10.1007/978-3-031-21707-4_34,Conference paper,
Towards Fusion Energy in the Industry 5.0 and Society 5.0 Context: Call for a Global Commission for Urgent Action on Fusion Energy,Journal of the Knowledge Economy,,,,10.1007/s13132-020-00695-5,Elias G. CarayannisJohn DraperBalwant Bhaneja,2020,https://link.springer.com/article/10.1007/s13132-020-00695-5,Article,
Big Data: A System-Forming Role in the Development of the Information Society and the Digital Economy for the Transition to Industry 5.0,Big Data in Information Society and Digital Economy,,,,10.1007/978-3-031-29489-1_1,Elena G. Popkova,2023,https://link.springer.com/chapter/10.1007/978-3-031-29489-1_1,Chapter,
SoloDB for Social Media’s Big Data Using Deep Natural Language with AI Applications and Industry 5.0,Ubiquitous Intelligent Systems,,,,10.1007/978-981-16-3675-2_21,B. Sita DeviM. Muthu Selvam,2022,https://link.springer.com/chapter/10.1007/978-981-16-3675-2_21,Conference paper,
Enterprise Integration and Interoperability in the Footwear Industry: Challenges for Collaborative Digital Manufacturing Networks in Society 5.0,Collaborative Networks in Digitalization and Society 5.0,,,,10.1007/978-3-031-14844-6_18,Claudia-Melania Chituc,2022,https://link.springer.com/chapter/10.1007/978-3-031-14844-6_18,Conference paper,
"Where is the human got to go? Artificial intelligence, machine learning, big data, digitalisation, and human–robot interaction in Industry 4.0 and 5.0",AI & SOCIETY,,,,10.1007/s00146-020-01123-7,Joachim Vogt,2021,https://link.springer.com/article/10.1007/s00146-020-01123-7,Article,
"Smart Environments and Techno-centric and Human-Centric Innovations for Industry and Society 5.0: A Quintuple Helix Innovation System View Towards Smart, Sustainable, and Inclusive Solutions",Journal of the Knowledge Economy,,,,10.1007/s13132-021-00763-4,Elias G. CarayannisLuca DeziGianluca GregoriErnesto Calo,2021,https://link.springer.com/article/10.1007/s13132-021-00763-4,Article,
"Assessment of Economic Impact Generated by Industry 5.0, from a Readiness Index Approach Perspective. A Cross-Country Empirical Analysis",Sustainability and Innovation in Manufacturing Enterprises,,,,10.1007/978-981-16-7365-8_9,Aura DomilValentin BurcaOana Bogdan,2022,https://link.springer.com/chapter/10.1007/978-981-16-7365-8_9,Chapter,
"From Digitization to Digital Collaborative Service Designs: A Systematic Literature Review on the Categories, Concepts and Constructs of Industry 5.0",Collaborative Networks in Digitalization and Society 5.0,,,,10.1007/978-3-031-14844-6_14,Nicola MoosbruggerFlorian MaurerJens Schumacher,2022,https://link.springer.com/chapter/10.1007/978-3-031-14844-6_14,Conference paper,
Industry 5.0,"Encyclopedia of Creativity, Invention, Innovation and Entrepreneurship",,,,10.1007/978-3-319-15347-6_300741,,2020,https://link.springer.com/rwe/10.1007/978-3-319-15347-6_300741,Reference work entry,
Human Empowerment by Industry 5.0 in Digital Era: Analysis of Enablers,Advances in Industrial and Production Engineering,,,,10.1007/978-981-33-4320-7_36,Ravinder KumarPiyush GuptaSahil SinghDishank Jain,2021,https://link.springer.com/chapter/10.1007/978-981-33-4320-7_36,Conference paper,
Do We Need Synchronization of the Human and Robotics to Make Industry 5.0 a Success Story?,Digital Conversion on the Way to Industry 4.0,,,,10.1007/978-3-030-62784-3_25,Mary Doyle KentPeter Kopacek,2021,https://link.springer.com/chapter/10.1007/978-3-030-62784-3_25,Conference paper,
Use of Bots to Support Management Software Development and Streamline Client/Producer Communication in the 5.0 Industry,Trends and Applications in Information Systems and Technologies,,,,10.1007/978-3-030-72660-7_39,Gustavo CaizaFernando Ibarra-TorresMarcelo V. GarciaValeria Barona-Pico,2021,https://link.springer.com/chapter/10.1007/978-3-030-72660-7_39,Conference paper,
Enhanced Living Environments (ELE): A Paradigm Based on Integration of Industry 4.0 and Society 5.0 Contexts with Ambient Assisted Living (AAL),Gerontechnology III,,,,10.1007/978-3-030-72567-9_12,Edward Wilder Caro AnzolaMiguel Ángel Mendoza Moreno,2021,https://link.springer.com/chapter/10.1007/978-3-030-72567-9_12,Conference paper,
Industry 5.0: Is the Manufacturing Industry on the Cusp of a New Revolution?,Proceedings of the International Symposium for Production Research 2019,,,,10.1007/978-3-030-31343-2_38,Mary Doyle-KentPeter Kopacek,2020,https://link.springer.com/chapter/10.1007/978-3-030-31343-2_38,Conference paper,
Conceptual Model of Digital Platform for Enterprises of Industry 5.0,Intelligent Distributed Computing XIII,,,,10.1007/978-3-030-32258-8_4,Vladimir GorodetskyVladimir LarukchinPetr Skobelev,2020,https://link.springer.com/chapter/10.1007/978-3-030-32258-8_4,Conference paper,
Large Scale Optimization Is Needed for Industry 4.0 and Society 5.0,Optimization in Large Scale Problems,,,,10.1007/978-3-030-28565-4_1,Lorenz Granrath,2019,https://link.springer.com/chapter/10.1007/978-3-030-28565-4_1,Chapter,
